gbifID,datasetKey,occurrenceID,kingdom,phylum,class,order,family,genus,species,infraspecificEpithet,taxonRank,scientificName,verbatimScientificName,verbatimScientificNameAuthorship,countryCode,locality,stateProvince,occurrenceStatus,individualCount,publishingOrgKey,decimalLatitude,decimalLongitude,coordinateUncertaintyInMeters,coordinatePrecision,elevation,elevationAccuracy,depth,depthAccuracy,eventDate,day,month,year,taxonKey,speciesKey,basisOfRecord,institutionCode,collectionCode,catalogNumber,recordNumber,identifiedBy,dateIdentified,license,rightsHolder,recordedBy,typeStatus,establishmentMeans,lastInterpreted,mediaType,issue
2629139298,63ed64cb-90b7-4ecc-b94c-3a0317742379,urn:catalog:ENCB-IPN:ENCB:10377:fc04a8abfea63902cd9bef3b64cc92ba,Animalia,Chordata,Reptilia,Squamata,Viperidae,Crotalus,Crotalus triseriatus,,SPECIES,"Crotalus triseriatus Wagler, 1830",Crotalus triseriatus subsp. triseriatus,"(Wagler, 1830)",MX,"11.2 km N, 33 km E Cananea",Sonora,PRESENT,1,ff90b050-c256-11db-b71b-b8a03c50a862,31.082701,-110.003304,,,0,0,0,0,1977-09-21T00:00:00,21,9,1977,2444358,2444358,PRESERVED_SPECIMEN,ENCB-IPN,ENCB,10377,,T. ALVAREZ,,CC_BY_4_0,Comisión Nacional para el Conocimiento y Uso de la Biodiversidad (CONABIO),P. Domínguez,,,2020-12-15T17:34:55.484Z,,COORDINATE_ROUNDED;TAXON_MATCH_HIGHERRANK;TYPE_STATUS_INVALID;OCCURRENCE_STATUS_INFERRED_FROM_INDIVIDUAL_COUNT;INSTITUTION_COLLECTION_MISMATCH;DIFFERENT_OWNER_INSTITUTION
2629126588,63ed64cb-90b7-4ecc-b94c-3a0317742379,urn:catalog:ENCB-IPN:ENCB:10376:183ec4123de7cd1dffa7204b8214ff55,Animalia,Chordata,Reptilia,Squamata,Viperidae,Crotalus,Crotalus triseriatus,,SPECIES,"Crotalus triseriatus Wagler, 1830",Crotalus triseriatus subsp. triseriatus,"(Wagler, 1830)",MX,"11.2 km N, 33 km E Cananea",Sonora,PRESENT,1,ff90b050-c256-11db-b71b-b8a03c50a862,31.082701,-110.003304,,,0,0,0,0,1977-09-21T00:00:00,21,9,1977,2444358,2444358,PRESERVED_SPECIMEN,ENCB-IPN,ENCB,10376,,T. ALVAREZ,,CC_BY_4_0,Comisión Nacional para el Conocimiento y Uso de la Biodiversidad (CONABIO),P. Domínguez,,,2020-12-15T17:20:59.828Z,,COORDINATE_ROUNDED;TAXON_MATCH_HIGHERRANK;TYPE_STATUS_INVALID;OCCURRENCE_STATUS_INFERRED_FROM_INDIVIDUAL_COUNT;INSTITUTION_COLLECTION_MISMATCH;DIFFERENT_OWNER_INSTITUTION
2382385405,fb639e31-52eb-4998-afb1-984ee12aca0f,http://arctos.database.museum/guid/MSB:Herp:8877?seid=4333665,Animalia,Chordata,Reptilia,Squamata,Viperidae,Crotalus,Crotalus triseriatus,,SPECIES,"Crotalus triseriatus Wagler, 1830",Crotalus triseriatus,,US,"Rattlesnake Canyon, Chiricahua Mountains",Arizona,PRESENT,1,939ed180-aa7b-11db-8edf-b8a03c50a862,31.910274,-109.316955,915,,,,,,1949-06-17T00:00:00,17,6,1949,2444358,2444358,PRESERVED_SPECIMEN,MSB,Amphibian and reptile specimens,MSB:Herp:8877,117,William G. Degenhardt,2019-03-13T00:00:00,CC_BY_NC_4_0,,Collector(s): William G. Degenhardt,,,2021-01-28T22:36:17.214Z,,GEODETIC_DATUM_INVALID;GEODETIC_DATUM_ASSUMED_WGS84;OCCURRENCE_STATUS_INFERRED_FROM_INDIVIDUAL_COUNT;COLLECTION_MATCH_NONE;INSTITUTION_MATCH_FUZZY
1894950161,7feba584-f762-11e1-a439-00145eb45e9a,urn:catalog:UMMZ:UMMZ:78456:cf254fb5fa6e848ed02d6baf76ec1346,Animalia,Chordata,Reptilia,Squamata,Viperidae,Crotalus,Crotalus triseriatus,,SPECIES,"Crotalus triseriatus Wagler, 1830",Crotalus triseriatus,"(Wagler, 1830)",MX,"Tigre, el",Sonora,PRESENT,1,ff90b050-c256-11db-b71b-b8a03c50a862,30.591667,-109.225,,,0,0,0,0,,,,,2444358,2444358,PRESERVED_SPECIMEN,UMMZ,UMMZ,78456,,NO DISPONIBLE,,CC_BY_4_0,Comisión Nacional para el Conocimiento y Uso de la Biodiversidad (CONABIO),NO DISPONIBLE,,,2021-01-22T17:17:34.050Z,,COORDINATE_ROUNDED;GEODETIC_DATUM_ASSUMED_WGS84;RECORDED_DATE_INVALID;TYPE_STATUS_INVALID;OCCURRENCE_STATUS_INFERRED_FROM_INDIVIDUAL_COUNT;INSTITUTION_MATCH_FUZZY;COLLECTION_MATCH_FUZZY
1894950065,7feba584-f762-11e1-a439-00145eb45e9a,urn:catalog:MCZ-HU:MCZ:15860:3730cb56bf19e124b2ccc6e301130d59,Animalia,Chordata,Reptilia,Squamata,Viperidae,Crotalus,Crotalus triseriatus,,SPECIES,"Crotalus triseriatus Wagler, 1830",Crotalus triseriatus,"(Wagler, 1830)",MX,PACHECO,Chihuahua,PRESENT,1,ff90b050-c256-11db-b71b-b8a03c50a862,30.091667,-108.358333,,,0,0,0,0,,,,,2444358,2444358,PRESERVED_SPECIMEN,MCZ-HU,MCZ,15860,,NO DISPONIBLE,,CC_BY_4_0,Comisión Nacional para el Conocimiento y Uso de la Biodiversidad (CONABIO),NO DISPONIBLE,,,2021-01-22T17:17:29.383Z,,COORDINATE_ROUNDED;GEODETIC_DATUM_ASSUMED_WGS84;RECORDED_DATE_INVALID;TYPE_STATUS_INVALID;OCCURRENCE_STATUS_INFERRED_FROM_INDIVIDUAL_COUNT;AMBIGUOUS_COLLECTION;INSTITUTION_MATCH_NONE
1894950117,7feba584-f762-11e1-a439-00145eb45e9a,urn:catalog:MCZ-HU:MCZ:7092:f48db38a2f51523ced99aa770ffc90d7,Animalia,Chordata,Reptilia,Squamata,Viperidae,Crotalus,Crotalus triseriatus,,SPECIES,"Crotalus triseriatus Wagler, 1830",Crotalus triseriatus,"(Wagler, 1830)",MX,Colonia García,Chihuahua,PRESENT,1,ff90b050-c256-11db-b71b-b8a03c50a862,29.975,-108.341667,,,1333,1333,0,0,,,,,2444358,2444358,PRESERVED_SPECIMEN,MCZ-HU,MCZ,7092,,NO DISPONIBLE,,CC_BY_4_0,Comisión Nacional para el Conocimiento y Uso de la Biodiversidad (CONABIO),NO DISPONIBLE,,,2021-01-22T17:17:40.794Z,,COORDINATE_ROUNDED;GEODETIC_DATUM_ASSUMED_WGS84;RECORDED_DATE_INVALID;ELEVATION_MIN_MAX_SWAPPED;TYPE_STATUS_INVALID;OCCURRENCE_STATUS_INFERRED_FROM_INDIVIDUAL_COUNT;AMBIGUOUS_COLLECTION;INSTITUTION_MATCH_NONE
1894950041,7feba584-f762-11e1-a439-00145eb45e9a,urn:catalog:SMNK:LNK:3496-501:0639c90625e4ffcb5b7549388087023f,Animalia,Chordata,Reptilia,Squamata,Viperidae,Crotalus,Crotalus triseriatus,,SPECIES,"Crotalus triseriatus Wagler, 1830",Crotalus triseriatus,"(Wagler, 1830)",MX,Colonia García,Chihuahua,PRESENT,6,ff90b050-c256-11db-b71b-b8a03c50a862,29.975,-108.341667,,,1333,1333,0,0,,,,,2444358,2444358,PRESERVED_SPECIMEN,SMNK,LNK,3496-501,,NO DISPONIBLE,,CC_BY_4_0,Comisión Nacional para el Conocimiento y Uso de la Biodiversidad (CONABIO),NO DISPONIBLE,,,2021-01-22T17:17:39.084Z,,COORDINATE_ROUNDED;GEODETIC_DATUM_ASSUMED_WGS84;RECORDED_DATE_INVALID;ELEVATION_MIN_MAX_SWAPPED;TYPE_STATUS_INVALID;OCCURRENCE_STATUS_INFERRED_FROM_INDIVIDUAL_COUNT;COLLECTION_MATCH_NONE;DIFFERENT_OWNER_INSTITUTION
1894950029,7feba584-f762-11e1-a439-00145eb45e9a,urn:catalog:NMNH-SI:USNM:46327-329:28ee9f92715ce02fc8f71e0f7576e2b4,Animalia,Chordata,Reptilia,Squamata,Viperidae,Crotalus,Crotalus triseriatus,,SPECIES,"Crotalus triseriatus Wagler, 1830",Crotalus triseriatus,"(Wagler, 1830)",MX,Colonia García,Chihuahua,PRESENT,3,ff90b050-c256-11db-b71b-b8a03c50a862,29.975,-108.341667,,,1333,1333,0,0,,,,,2444358,2444358,PRESERVED_SPECIMEN,NMNH-SI,USNM,46327-329,,NO DISPONIBLE,,CC_BY_4_0,Comisión Nacional para el Conocimiento y Uso de la Biodiversidad (CONABIO),NO DISPONIBLE,,,2021-01-22T17:17:37.585Z,,COORDINATE_ROUNDED;GEODETIC_DATUM_ASSUMED_WGS84;RECORDED_DATE_INVALID;ELEVATION_MIN_MAX_SWAPPED;TYPE_STATUS_INVALID;OCCURRENCE_STATUS_INFERRED_FROM_INDIVIDUAL_COUNT;INSTITUTION_MATCH_NONE;COLLECTION_MATCH_FUZZY
1894950063,7feba584-f762-11e1-a439-00145eb45e9a,urn:catalog:NMNH-SI:USNM:26594:b69ef0e11fc97346db3f1750d1c3897a,Animalia,Chordata,Reptilia,Squamata,Viperidae,Crotalus,Crotalus triseriatus,,SPECIES,"Crotalus triseriatus Wagler, 1830",Crotalus triseriatus,"(Wagler, 1830)",MX,"PIEDRAS VERDES, RIO",Chihuahua,PRESENT,1,ff90b050-c256-11db-b71b-b8a03c50a862,30.258333,-108.308333,,,1133,1133,0,0,,,,,2444358,2444358,PRESERVED_SPECIMEN,NMNH-SI,USNM,26594,,NO DISPONIBLE,,CC_BY_4_0,Comisión Nacional para el Conocimiento y Uso de la Biodiversidad (CONABIO),NO DISPONIBLE,,,2021-01-22T17:17:38.260Z,,COORDINATE_ROUNDED;GEODETIC_DATUM_ASSUMED_WGS84;RECORDED_DATE_INVALID;ELEVATION_MIN_MAX_SWAPPED;TYPE_STATUS_INVALID;OCCURRENCE_STATUS_INFERRED_FROM_INDIVIDUAL_COUNT;INSTITUTION_MATCH_NONE;COLLECTION_MATCH_FUZZY
476681172,4bfac3ea-8763-4f4b-a71a-76a6f5f243d3,MCZ:Herp:R-19050,Animalia,Chordata,Reptilia,Squamata,Viperidae,Crotalus,Crotalus triseriatus,,SPECIES,"Crotalus triseriatus Wagler, 1830","Crotalus triseriatus (Wagler, 1830)","(Wagler, 1830)",MX,"Mound Valley nr Yarcia Chihuahua,Mexico",Chihuahua,PRESENT,1,b4640710-8e03-11d8-b956-b8a03c50a862,29.73349049,-108.2336994,,,,,,,1921-12-25T00:00:00,25,12,1921,2444358,2444358,PRESERVED_SPECIMEN,MCZ,Herp,R-19050,1669,Catalog,,CC_BY_NC_4_0,President and Fellows of Harvard College,Herbert C. Clark,,,2021-01-27T22:28:36.063Z,,COORDINATE_REPROJECTED;OCCURRENCE_STATUS_INFERRED_FROM_INDIVIDUAL_COUNT;INSTITUTION_COLLECTION_MISMATCH;DIFFERENT_OWNER_INSTITUTION
1894950068,7feba584-f762-11e1-a439-00145eb45e9a,urn:catalog:AMNH:AMNH:68594-595:1e62fdfbe8892ef7c491d88e742bc534,Animalia,Chordata,Reptilia,Squamata,Viperidae,Crotalus,Crotalus triseriatus,,SPECIES,"Crotalus triseriatus Wagler, 1830",Crotalus triseriatus,"(Wagler, 1830)",MX,BAVICORA,Chihuahua,PRESENT,2,ff90b050-c256-11db-b71b-b8a03c50a862,28.708333,-108.208333,,,0,0,0,0,,,,,2444358,2444358,PRESERVED_SPECIMEN,AMNH,AMNH,68594-595,,NO DISPONIBLE,,CC_BY_4_0,Comisión Nacional para el Conocimiento y Uso de la Biodiversidad (CONABIO),NO DISPONIBLE,,,2021-01-22T17:17:39.008Z,,COORDINATE_ROUNDED;GEODETIC_DATUM_ASSUMED_WGS84;RECORDED_DATE_INVALID;TYPE_STATUS_INVALID;OCCURRENCE_STATUS_INFERRED_FROM_INDIVIDUAL_COUNT;AMBIGUOUS_COLLECTION;INSTITUTION_MATCH_FUZZY
1894950095,7feba584-f762-11e1-a439-00145eb45e9a,urn:catalog:NMNH-SI:USNM:42865-872:634f3c5ac95e7ebfb914e372be81176b,Animalia,Chordata,Reptilia,Squamata,Viperidae,Crotalus,Crotalus triseriatus,,SPECIES,"Crotalus triseriatus Wagler, 1830",Crotalus triseriatus,"(Wagler, 1830)",MX,"GALEANA, 15 MI N",Chihuahua,PRESENT,8,ff90b050-c256-11db-b71b-b8a03c50a862,30.308333,-107.641667,,,1209,1209,0,0,,,,,2444358,2444358,PRESERVED_SPECIMEN,NMNH-SI,USNM,42865-872,,NO DISPONIBLE,,CC_BY_4_0,Comisión Nacional para el Conocimiento y Uso de la Biodiversidad (CONABIO),NO DISPONIBLE,,,2021-01-22T17:17:39.758Z,,COORDINATE_ROUNDED;GEODETIC_DATUM_ASSUMED_WGS84;RECORDED_DATE_INVALID;ELEVATION_MIN_MAX_SWAPPED;TYPE_STATUS_INVALID;OCCURRENCE_STATUS_INFERRED_FROM_INDIVIDUAL_COUNT;INSTITUTION_MATCH_NONE;COLLECTION_MATCH_FUZZY
2630244134,b23dae1f-1b66-432f-908b-be7737aff2b8,urn:catalog:NHM:NHM:1911.12.12.34:3502ad090ba4dcd7eae6cac4472fe358,Animalia,Chordata,Reptilia,Squamata,Viperidae,Crotalus,Crotalus triseriatus,,SPECIES,"Crotalus triseriatus Wagler, 1830",Crotalus triseriatus,"(Wagler, 1830)",MX,"IOQUIRO, SIERRA TARAHUMARA",Chihuahua,PRESENT,,ff90b050-c256-11db-b71b-b8a03c50a862,27.02554169,-107.5328362,710,,0,0,0,0,1911-12-12T00:00:00,12,12,1911,2444358,2444358,PRESERVED_SPECIMEN,NHM,NHM,1911.12.12.34,,NO DISPONIBLE,,CC_BY_4_0,Comisión Nacional para el Conocimiento y Uso de la Biodiversidad (CONABIO),NEILLY,,,2020-12-15T20:02:47.643Z,,COORDINATE_REPROJECTED;TYPE_STATUS_INVALID;COLLECTION_MATCH_FUZZY;DIFFERENT_OWNER_INSTITUTION
2630243608,b23dae1f-1b66-432f-908b-be7737aff2b8,urn:catalog:NHM:NHM:1911.12.12.32:74f0c8632d0ad3eacf4d0624dd6c325a,Animalia,Chordata,Reptilia,Squamata,Viperidae,Crotalus,Crotalus triseriatus,,SPECIES,"Crotalus triseriatus Wagler, 1830",Crotalus triseriatus,"(Wagler, 1830)",MX,"IOQUIRO, SIERRA TARAHUMARA",Chihuahua,PRESENT,,ff90b050-c256-11db-b71b-b8a03c50a862,27.02554169,-107.5328362,710,,0,0,0,0,1911-12-12T00:00:00,12,12,1911,2444358,2444358,PRESERVED_SPECIMEN,NHM,NHM,1911.12.12.32,,NO DISPONIBLE,,CC_BY_4_0,Comisión Nacional para el Conocimiento y Uso de la Biodiversidad (CONABIO),NEILLY,,,2020-12-15T20:02:47.601Z,,COORDINATE_REPROJECTED;TYPE_STATUS_INVALID;COLLECTION_MATCH_FUZZY;DIFFERENT_OWNER_INSTITUTION
2630243152,b23dae1f-1b66-432f-908b-be7737aff2b8,urn:catalog:NHM:NHM:1911.12.12.35:8de3a30f579108ee11492bc549950f42,Animalia,Chordata,Reptilia,Squamata,Viperidae,Crotalus,Crotalus triseriatus,,SPECIES,"Crotalus triseriatus Wagler, 1830",Crotalus triseriatus,"(Wagler, 1830)",MX,"IOQUIRO, SIERRA TARAHUMARA",Chihuahua,PRESENT,,ff90b050-c256-11db-b71b-b8a03c50a862,27.02554169,-107.5328362,710,,0,0,0,0,1911-12-12T00:00:00,12,12,1911,2444358,2444358,PRESERVED_SPECIMEN,NHM,NHM,1911.12.12.35,,NO DISPONIBLE,,CC_BY_4_0,Comisión Nacional para el Conocimiento y Uso de la Biodiversidad (CONABIO),NEILLY,,,2020-12-15T20:02:47.560Z,,COORDINATE_REPROJECTED;TYPE_STATUS_INVALID;COLLECTION_MATCH_FUZZY;DIFFERENT_OWNER_INSTITUTION
2630242744,b23dae1f-1b66-432f-908b-be7737aff2b8,urn:catalog:NHM:NHM:1911.12.12.33:4a3a835f98dff9843292d700a5167ba8,Animalia,Chordata,Reptilia,Squamata,Viperidae,Crotalus,Crotalus triseriatus,,SPECIES,"Crotalus triseriatus Wagler, 1830",Crotalus triseriatus,"(Wagler, 1830)",MX,"IOQUIRO, SIERRA TARAHUMARA",Chihuahua,PRESENT,,ff90b050-c256-11db-b71b-b8a03c50a862,27.02554169,-107.5328362,710,,0,0,0,0,1911-12-12T00:00:00,12,12,1911,2444358,2444358,PRESERVED_SPECIMEN,NHM,NHM,1911.12.12.33,,NO DISPONIBLE,,CC_BY_4_0,Comisión Nacional para el Conocimiento y Uso de la Biodiversidad (CONABIO),NEILLY,,,2020-12-15T20:02:47.523Z,,COORDINATE_REPROJECTED;TYPE_STATUS_INVALID;COLLECTION_MATCH_FUZZY;DIFFERENT_OWNER_INSTITUTION
1894950098,7feba584-f762-11e1-a439-00145eb45e9a,urn:catalog:NMNH-SI:USNM:40062:ccde2fe4ac38f645d57df5885618192b,Animalia,Chordata,Reptilia,Squamata,Viperidae,Crotalus,Crotalus triseriatus,,SPECIES,"Crotalus triseriatus Wagler, 1830",Crotalus triseriatus,"(Wagler, 1830)",MX,"GUERRERO, DISTRITO",Chihuahua,PRESENT,1,ff90b050-c256-11db-b71b-b8a03c50a862,28.558333,-107.491667,,,1096.5,1096.5,0,0,,,,,2444358,2444358,PRESERVED_SPECIMEN,NMNH-SI,USNM,40062,,NO DISPONIBLE,,CC_BY_4_0,Comisión Nacional para el Conocimiento y Uso de la Biodiversidad (CONABIO),NO DISPONIBLE,,,2021-01-22T17:17:31.184Z,,COORDINATE_ROUNDED;GEODETIC_DATUM_ASSUMED_WGS84;RECORDED_DATE_INVALID;ELEVATION_MIN_MAX_SWAPPED;TYPE_STATUS_INVALID;OCCURRENCE_STATUS_INFERRED_FROM_INDIVIDUAL_COUNT;INSTITUTION_MATCH_NONE;COLLECTION_MATCH_FUZZY
1894950096,7feba584-f762-11e1-a439-00145eb45e9a,urn:catalog:NMNH-SI:USNM:42494-495:a2ae4db4920a3cc45a3387c699d29e90,Animalia,Chordata,Reptilia,Squamata,Viperidae,Crotalus,Crotalus triseriatus,,SPECIES,"Crotalus triseriatus Wagler, 1830",Crotalus triseriatus,"(Wagler, 1830)",MX,"GUERRERO, DISTRITO",Chihuahua,PRESENT,2,ff90b050-c256-11db-b71b-b8a03c50a862,28.558333,-107.491667,,,1096.5,1096.5,0,0,,,,,2444358,2444358,PRESERVED_SPECIMEN,NMNH-SI,USNM,42494-495,,NO DISPONIBLE,,CC_BY_4_0,Comisión Nacional para el Conocimiento y Uso de la Biodiversidad (CONABIO),NO DISPONIBLE,,,2021-01-22T17:17:30.371Z,,COORDINATE_ROUNDED;GEODETIC_DATUM_ASSUMED_WGS84;RECORDED_DATE_INVALID;ELEVATION_MIN_MAX_SWAPPED;TYPE_STATUS_INVALID;OCCURRENCE_STATUS_INFERRED_FROM_INDIVIDUAL_COUNT;INSTITUTION_MATCH_NONE;COLLECTION_MATCH_FUZZY
1894950087,7feba584-f762-11e1-a439-00145eb45e9a,urn:catalog:NMNH-SI:USNM:42498:67d260ada5a0d7ced351c73e584626d8,Animalia,Chordata,Reptilia,Squamata,Viperidae,Crotalus,Crotalus triseriatus,,SPECIES,"Crotalus triseriatus Wagler, 1830",Crotalus triseriatus,"(Wagler, 1830)",MX,"GUERRERO, DISTRITO",Chihuahua,PRESENT,1,ff90b050-c256-11db-b71b-b8a03c50a862,28.558333,-107.491667,,,1096.5,1096.5,0,0,,,,,2444358,2444358,PRESERVED_SPECIMEN,NMNH-SI,USNM,42498,,NO DISPONIBLE,,CC_BY_4_0,Comisión Nacional para el Conocimiento y Uso de la Biodiversidad (CONABIO),NO DISPONIBLE,,,2021-01-22T17:17:36.090Z,,COORDINATE_ROUNDED;GEODETIC_DATUM_ASSUMED_WGS84;RECORDED_DATE_INVALID;ELEVATION_MIN_MAX_SWAPPED;TYPE_STATUS_INVALID;OCCURRENCE_STATUS_INFERRED_FROM_INDIVIDUAL_COUNT;INSTITUTION_MATCH_NONE;COLLECTION_MATCH_FUZZY
1894950024,7feba584-f762-11e1-a439-00145eb45e9a,urn:catalog:MCZ-HU:MCZ:6875:cb4c864bee1a331dd3a78a200d547f37,Animalia,Chordata,Reptilia,Squamata,Viperidae,Crotalus,Crotalus triseriatus,,SPECIES,"Crotalus triseriatus Wagler, 1830",Crotalus triseriatus,"(Wagler, 1830)",MX,"SAN BLAS, MONTE",Chihuahua,PRESENT,1,ff90b050-c256-11db-b71b-b8a03c50a862,31.308333,-107.308333,,,0,0,0,0,,,,,2444358,2444358,PRESERVED_SPECIMEN,MCZ-HU,MCZ,6875,,NO DISPONIBLE,,CC_BY_4_0,Comisión Nacional para el Conocimiento y Uso de la Biodiversidad (CONABIO),NO DISPONIBLE,,,2021-01-22T17:17:32.879Z,,COORDINATE_ROUNDED;GEODETIC_DATUM_ASSUMED_WGS84;RECORDED_DATE_INVALID;TYPE_STATUS_INVALID;OCCURRENCE_STATUS_INFERRED_FROM_INDIVIDUAL_COUNT;AMBIGUOUS_COLLECTION;INSTITUTION_MATCH_NONE
1894950072,7feba584-f762-11e1-a439-00145eb45e9a,urn:catalog:SMNK:LNK:6566:91ae84a7cbbabb42addfdf1d35f9d465,Animalia,Chordata,Reptilia,Squamata,Viperidae,Crotalus,Crotalus triseriatus,,SPECIES,"Crotalus triseriatus Wagler, 1830",Crotalus triseriatus,"(Wagler, 1830)",MX,SAMACHIQUE,Chihuahua,PRESENT,1,ff90b050-c256-11db-b71b-b8a03c50a862,27.308333,-107.225,,,0,0,0,0,,,,,2444358,2444358,PRESERVED_SPECIMEN,SMNK,LNK,6566,,NO DISPONIBLE,,CC_BY_4_0,Comisión Nacional para el Conocimiento y Uso de la Biodiversidad (CONABIO),NO DISPONIBLE,,,2021-01-22T17:17:40.313Z,,COORDINATE_ROUNDED;GEODETIC_DATUM_ASSUMED_WGS84;RECORDED_DATE_INVALID;TYPE_STATUS_INVALID;OCCURRENCE_STATUS_INFERRED_FROM_INDIVIDUAL_COUNT;COLLECTION_MATCH_NONE;DIFFERENT_OWNER_INSTITUTION
1894950138,7feba584-f762-11e1-a439-00145eb45e9a,urn:catalog:NMNH-SI:USNM:46350:615be1cc1503d62c23cdb24b55073345,Animalia,Chordata,Reptilia,Squamata,Viperidae,Crotalus,Crotalus triseriatus,,SPECIES,"Crotalus triseriatus Wagler, 1830",Crotalus triseriatus,"(Wagler, 1830)",MX,Guadalupe y Calvo,Chihuahua,PRESENT,1,ff90b050-c256-11db-b71b-b8a03c50a862,26.108333,-106.975,,,0,0,0,0,,,,,2444358,2444358,PRESERVED_SPECIMEN,NMNH-SI,USNM,46350,,NO DISPONIBLE,,CC_BY_4_0,Comisión Nacional para el Conocimiento y Uso de la Biodiversidad (CONABIO),NO DISPONIBLE,,,2021-01-22T17:17:31.172Z,,COORDINATE_ROUNDED;GEODETIC_DATUM_ASSUMED_WGS84;RECORDED_DATE_INVALID;TYPE_STATUS_INVALID;OCCURRENCE_STATUS_INFERRED_FROM_INDIVIDUAL_COUNT;INSTITUTION_MATCH_NONE;COLLECTION_MATCH_FUZZY
2630242308,b23dae1f-1b66-432f-908b-be7737aff2b8,urn:catalog:NHM:NHM:1901.11.23.2:68f1f5e25ac7829bbee392d975f674b9,Animalia,Chordata,Reptilia,Squamata,Viperidae,Crotalus,Crotalus triseriatus,,SPECIES,"Crotalus triseriatus Wagler, 1830",Crotalus triseriatus,"(Wagler, 1830)",MX,"EL PASO, TEXAS, S DE",Chihuahua,PRESENT,,ff90b050-c256-11db-b71b-b8a03c50a862,31.741667,-106.425,,,0,0,0,0,1901-11-23T00:00:00,23,11,1901,2444358,2444358,PRESERVED_SPECIMEN,NHM,NHM,1901.11.23.2,,NO DISPONIBLE,,CC_BY_4_0,Comisión Nacional para el Conocimiento y Uso de la Biodiversidad (CONABIO),A. C. BULLER,,,2020-12-15T20:02:47.485Z,,COORDINATE_ROUNDED;GEODETIC_DATUM_ASSUMED_WGS84;TYPE_STATUS_INVALID;COLLECTION_MATCH_FUZZY;DIFFERENT_OWNER_INSTITUTION
1894950100,7feba584-f762-11e1-a439-00145eb45e9a,urn:catalog:MCZ-HU:MCZ:6783:ad9e015f2a1d09886d516c57b0e9d74f,Animalia,Chordata,Reptilia,Squamata,Viperidae,Crotalus,Crotalus triseriatus,,SPECIES,"Crotalus triseriatus Wagler, 1830",Crotalus triseriatus,"(Wagler, 1830)",MX,"CHIHUAHUA, CD.",Chihuahua,PRESENT,1,ff90b050-c256-11db-b71b-b8a03c50a862,28.641667,-106.075,,,0,0,0,0,,,,,2444358,2444358,PRESERVED_SPECIMEN,MCZ-HU,MCZ,6783,,NO DISPONIBLE,,CC_BY_4_0,Comisión Nacional para el Conocimiento y Uso de la Biodiversidad (CONABIO),NO DISPONIBLE,,,2021-01-22T17:17:31.995Z,,COORDINATE_ROUNDED;GEODETIC_DATUM_ASSUMED_WGS84;RECORDED_DATE_INVALID;TYPE_STATUS_INVALID;OCCURRENCE_STATUS_INFERRED_FROM_INDIVIDUAL_COUNT;AMBIGUOUS_COLLECTION;INSTITUTION_MATCH_NONE
1894950076,7feba584-f762-11e1-a439-00145eb45e9a,urn:catalog:NMNH-SI:USNM:55858:53d3f8c42bfc3d5edae06b8a78252379,Animalia,Chordata,Reptilia,Squamata,Viperidae,Crotalus,Crotalus triseriatus,,SPECIES,"Crotalus triseriatus Wagler, 1830",Crotalus triseriatus,"(Wagler, 1830)",MX,"CHIHUAHUA, CD.",Chihuahua,PRESENT,1,ff90b050-c256-11db-b71b-b8a03c50a862,28.641667,-106.075,,,0,0,0,0,,,,,2444358,2444358,PRESERVED_SPECIMEN,NMNH-SI,USNM,55858,,NO DISPONIBLE,,CC_BY_4_0,Comisión Nacional para el Conocimiento y Uso de la Biodiversidad (CONABIO),NO DISPONIBLE,,,2021-01-22T17:17:28.588Z,,COORDINATE_ROUNDED;GEODETIC_DATUM_ASSUMED_WGS84;RECORDED_DATE_INVALID;TYPE_STATUS_INVALID;OCCURRENCE_STATUS_INFERRED_FROM_INDIVIDUAL_COUNT;INSTITUTION_MATCH_NONE;COLLECTION_MATCH_FUZZY
1894950051,7feba584-f762-11e1-a439-00145eb45e9a,urn:catalog:AMNH:AMNH:4053:3468e59f1a74497a0d35e6ef563be36e,Animalia,Chordata,Reptilia,Squamata,Viperidae,Crotalus,Crotalus triseriatus,,SPECIES,"Crotalus triseriatus Wagler, 1830",Crotalus triseriatus,"(Wagler, 1830)",MX,"CHIHUAHUA, CD.",Chihuahua,PRESENT,1,ff90b050-c256-11db-b71b-b8a03c50a862,28.641667,-106.075,,,0,0,0,0,,,,,2444358,2444358,PRESERVED_SPECIMEN,AMNH,AMNH,4053,,NO DISPONIBLE,,CC_BY_4_0,Comisión Nacional para el Conocimiento y Uso de la Biodiversidad (CONABIO),NO DISPONIBLE,,,2021-01-22T17:17:37.782Z,,COORDINATE_ROUNDED;GEODETIC_DATUM_ASSUMED_WGS84;RECORDED_DATE_INVALID;TYPE_STATUS_INVALID;OCCURRENCE_STATUS_INFERRED_FROM_INDIVIDUAL_COUNT;AMBIGUOUS_COLLECTION;INSTITUTION_MATCH_FUZZY
1894918310,7feba584-f762-11e1-a439-00145eb45e9a,urn:catalog:NMNH-SI:USNM:46333:4a1c5c521667cec677804b212c18238c,Animalia,Chordata,Reptilia,Squamata,Viperidae,Crotalus,Crotalus triseriatus,,SPECIES,"Crotalus triseriatus Wagler, 1830",Crotalus triseriatus subsp. triseriatus,"(Wagler, 1830)",MX,SANTA TERESA,Nayarit,PRESENT,1,ff90b050-c256-11db-b71b-b8a03c50a862,22.508333,-104.775,,,0,0,0,0,,,,,2444358,2444358,PRESERVED_SPECIMEN,NMNH-SI,USNM,46333,,NO DISPONIBLE,,CC_BY_4_0,Comisión Nacional para el Conocimiento y Uso de la Biodiversidad (CONABIO),NO DISPONIBLE,,,2021-01-22T17:17:36.499Z,,COORDINATE_ROUNDED;GEODETIC_DATUM_ASSUMED_WGS84;RECORDED_DATE_INVALID;TAXON_MATCH_HIGHERRANK;TYPE_STATUS_INVALID;OCCURRENCE_STATUS_INFERRED_FROM_INDIVIDUAL_COUNT;INSTITUTION_MATCH_NONE;COLLECTION_MATCH_FUZZY
2630243718,b23dae1f-1b66-432f-908b-be7737aff2b8,urn:catalog:NHM:NHM:92.9.5.46:c6d5e1e841f780b60078aaa2a405af6f,Animalia,Chordata,Reptilia,Squamata,Viperidae,Crotalus,Crotalus triseriatus,,SPECIES,"Crotalus triseriatus Wagler, 1830",Crotalus triseriatus,"(Wagler, 1830)",MX,LA CUMBRE DE LOS ARRASTRADOS,Jalisco,PRESENT,,ff90b050-c256-11db-b71b-b8a03c50a862,20.1727845,-104.712737,1240,,1295.5,1295.5,0,0,1892-09-05T00:00:00,5,9,1892,2444358,2444358,PRESERVED_SPECIMEN,NHM,NHM,92.9.5.46,,NO DISPONIBLE,,CC_BY_4_0,Comisión Nacional para el Conocimiento y Uso de la Biodiversidad (CONABIO),A. C. BULLER,,,2020-12-15T20:02:47.607Z,,COORDINATE_REPROJECTED;ELEVATION_MIN_MAX_SWAPPED;TYPE_STATUS_INVALID;COLLECTION_MATCH_FUZZY;DIFFERENT_OWNER_INSTITUTION
2630300849,7feba584-f762-11e1-a439-00145eb45e9a,urn:catalog:KU:KUH:29500-502:56cdb82af5facf5ae3fcf51aeed356b7,Animalia,Chordata,Reptilia,Squamata,Viperidae,Crotalus,Crotalus triseriatus,,SPECIES,"Crotalus triseriatus Wagler, 1830",Crotalus triseriatus subsp. triseriatus,"(Wagler, 1830)",MX,IXTLAN DEL RIO,Nayarit,PRESENT,3,ff90b050-c256-11db-b71b-b8a03c50a862,21.058333,-104.375,,,0,0,0,0,,,,,2444358,2444358,PRESERVED_SPECIMEN,KU,KUH,29500-502,,NO DISPONIBLE,,CC_BY_4_0,Comisión Nacional para el Conocimiento y Uso de la Biodiversidad (CONABIO),NO DISPONIBLE,,,2021-01-22T17:17:37.742Z,,COORDINATE_ROUNDED;GEODETIC_DATUM_ASSUMED_WGS84;RECORDED_DATE_INVALID;TAXON_MATCH_HIGHERRANK;TYPE_STATUS_INVALID;OCCURRENCE_STATUS_INFERRED_FROM_INDIVIDUAL_COUNT;COLLECTION_MATCH_FUZZY;DIFFERENT_OWNER_INSTITUTION
686735264,dce00a1f-f6b4-4e11-9771-92c62c40ad80,b3858100-b069-11e3-8cfe-90b11c41863e,Animalia,Chordata,Reptilia,Squamata,Viperidae,Crotalus,Crotalus triseriatus,,SPECIES,"Crotalus triseriatus Wagler, 1830",Crotalus triseriatus,,MX,6 mi S Ixtlan del Rio,Nayarit,PRESENT,,b554c320-0560-11d8-b851-b8a03c50a862,20.95053,-104.3668992,,,,,,,1950-08-31T00:00:00,31,8,1950,2444358,2444358,PRESERVED_SPECIMEN,KU,KUH,29502,,,,CC_BY_4_0,,,,,2021-02-02T22:18:28.513Z,,COORDINATE_ROUNDED;COORDINATE_REPROJECTED;COLLECTION_MATCH_FUZZY
686735263,dce00a1f-f6b4-4e11-9771-92c62c40ad80,b3857da1-b069-11e3-8cfe-90b11c41863e,Animalia,Chordata,Reptilia,Squamata,Viperidae,Crotalus,Crotalus triseriatus,,SPECIES,"Crotalus triseriatus Wagler, 1830",Crotalus triseriatus,,MX,6 mi S Ixtlan del Rio,Nayarit,PRESENT,,b554c320-0560-11d8-b851-b8a03c50a862,20.95053,-104.3668992,,,,,,,1950-08-29T00:00:00,29,8,1950,2444358,2444358,PRESERVED_SPECIMEN,KU,KUH,29501,,,,CC_BY_4_0,,,,,2021-02-02T22:18:39.456Z,,COORDINATE_ROUNDED;COORDINATE_REPROJECTED;COLLECTION_MATCH_FUZZY
686735262,dce00a1f-f6b4-4e11-9771-92c62c40ad80,b3857a44-b069-11e3-8cfe-90b11c41863e,Animalia,Chordata,Reptilia,Squamata,Viperidae,Crotalus,Crotalus triseriatus,,SPECIES,"Crotalus triseriatus Wagler, 1830",Crotalus triseriatus,,MX,6 mi S Ixtlan del Rio,Nayarit,PRESENT,,b554c320-0560-11d8-b851-b8a03c50a862,20.95053,-104.3668992,,,,,,,1950-09-02T00:00:00,2,9,1950,2444358,2444358,PRESERVED_SPECIMEN,KU,KUH,29500,,,,CC_BY_4_0,,,,,2021-02-02T22:18:40.561Z,,COORDINATE_ROUNDED;COORDINATE_REPROJECTED;COLLECTION_MATCH_FUZZY
1894918199,7feba584-f762-11e1-a439-00145eb45e9a,urn:catalog:NMNH-SI:USNM:46465:28e2b74428172e93ddad39e8a9027882,Animalia,Chordata,Reptilia,Squamata,Viperidae,Crotalus,Crotalus triseriatus,,SPECIES,"Crotalus triseriatus Wagler, 1830",Crotalus triseriatus subsp. triseriatus,"(Wagler, 1830)",MX,AMECA,Jalisco,PRESENT,1,ff90b050-c256-11db-b71b-b8a03c50a862,20.558333,-104.058333,,,0,0,0,0,,,,,2444358,2444358,PRESERVED_SPECIMEN,NMNH-SI,USNM,46465,,NO DISPONIBLE,,CC_BY_4_0,Comisión Nacional para el Conocimiento y Uso de la Biodiversidad (CONABIO),NO DISPONIBLE,,,2021-01-22T17:17:34.103Z,,COORDINATE_ROUNDED;GEODETIC_DATUM_ASSUMED_WGS84;RECORDED_DATE_INVALID;TAXON_MATCH_HIGHERRANK;TYPE_STATUS_INVALID;OCCURRENCE_STATUS_INFERRED_FROM_INDIVIDUAL_COUNT;INSTITUTION_MATCH_NONE;COLLECTION_MATCH_FUZZY
686887057,dce00a1f-f6b4-4e11-9771-92c62c40ad80,bd30b38c-b069-11e3-8cfe-90b11c41863e,Animalia,Chordata,Reptilia,Squamata,Viperidae,Crotalus,Crotalus triseriatus,,SPECIES,"Crotalus triseriatus Wagler, 1830",Crotalus triseriatus,,MX,"Rancho San Francisco, 2.4 km NW Tapalpa",Jalisco,PRESENT,,b554c320-0560-11d8-b851-b8a03c50a862,19.97057728,-103.7702143,,,,,,,1976-07-23T00:00:00,23,7,1976,2444358,2444358,PRESERVED_SPECIMEN,KU,KUH,180367,,,,CC_BY_4_0,,,,,2021-02-02T22:18:42.009Z,,COORDINATE_REPROJECTED;TYPE_STATUS_INVALID;COLLECTION_MATCH_FUZZY
686887056,dce00a1f-f6b4-4e11-9771-92c62c40ad80,bd30b201-b069-11e3-8cfe-90b11c41863e,Animalia,Chordata,Reptilia,Squamata,Viperidae,Crotalus,Crotalus triseriatus,,SPECIES,"Crotalus triseriatus Wagler, 1830",Crotalus triseriatus,,MX,"Rancho San Francisco, 2.4 km NW Tapalpa",Jalisco,PRESENT,,b554c320-0560-11d8-b851-b8a03c50a862,19.97057728,-103.7702143,,,,,,,1969-06-01T00:00:00,,6,1969,2444358,2444358,PRESERVED_SPECIMEN,KU,KUH,180366,,,,CC_BY_4_0,,,,,2021-02-02T22:18:43.506Z,,COORDINATE_REPROJECTED;TYPE_STATUS_INVALID;COLLECTION_MATCH_FUZZY
1893319523,dcb23fa1-3f1a-4678-b11d-249787e79cae,urn:catalog:IBUNAM:CNAR:6941:28f545acfb8a7782ba18bb5b872dd352,Animalia,Chordata,Reptilia,Squamata,Viperidae,Crotalus,Crotalus triseriatus,,SPECIES,"Crotalus triseriatus Wagler, 1830",Crotalus triseriatus,"(Wagler, 1830)",MX,"Tapalpa, 5 km S",Jalisco,PRESENT,1,ff90b050-c256-11db-b71b-b8a03c50a862,19.92,-103.76,,,1050,1050,0,0,1982-06-03T00:00:00,3,6,1982,2444358,2444358,PRESERVED_SPECIMEN,IBUNAM,CNAR,6941,,NO DISPONIBLE,,CC_BY_4_0,Comisión Nacional para el Conocimiento y Uso de la Biodiversidad (CONABIO),Bo. Stille,,,2021-01-22T17:03:01.979Z,,GEODETIC_DATUM_ASSUMED_WGS84;ELEVATION_MIN_MAX_SWAPPED;TYPE_STATUS_INVALID;OCCURRENCE_STATUS_INFERRED_FROM_INDIVIDUAL_COUNT;COLLECTION_MATCH_NONE;DIFFERENT_OWNER_INSTITUTION
1893319674,dcb23fa1-3f1a-4678-b11d-249787e79cae,urn:catalog:IBUNAM:CNAR:6942:66739f3299cdd3920867384a0e467b51,Animalia,Chordata,Reptilia,Squamata,Viperidae,Crotalus,Crotalus triseriatus,,SPECIES,"Crotalus triseriatus Wagler, 1830",Crotalus triseriatus,"(Wagler, 1830)",MX,"Tapalpa, 2 Km E",Jalisco,PRESENT,1,ff90b050-c256-11db-b71b-b8a03c50a862,19.96,-103.75,,,1100,1100,0,0,1982-06-02T00:00:00,2,6,1982,2444358,2444358,PRESERVED_SPECIMEN,IBUNAM,CNAR,6942,,NO DISPONIBLE,,CC_BY_4_0,Comisión Nacional para el Conocimiento y Uso de la Biodiversidad (CONABIO),Bo. Stille,,,2021-01-22T17:03:02.349Z,,GEODETIC_DATUM_ASSUMED_WGS84;ELEVATION_MIN_MAX_SWAPPED;TYPE_STATUS_INVALID;OCCURRENCE_STATUS_INFERRED_FROM_INDIVIDUAL_COUNT;COLLECTION_MATCH_NONE;DIFFERENT_OWNER_INSTITUTION
2629139241,63ed64cb-90b7-4ecc-b94c-3a0317742379,urn:catalog:ENCB-IPN:ENCB:14843:04aad36d42133e686b89423da51cf7df,Animalia,Chordata,Reptilia,Squamata,Viperidae,Crotalus,Crotalus triseriatus,,SPECIES,"Crotalus triseriatus Wagler, 1830",Crotalus triseriatus,"(Wagler, 1830)",MX,2.5 Km S Atemajac de Brizuela,Jalisco,PRESENT,1,ff90b050-c256-11db-b71b-b8a03c50a862,20.11389,-103.727501,,,1175,1175,0,0,1990-06-07T00:00:00,7,6,1990,2444358,2444358,PRESERVED_SPECIMEN,ENCB-IPN,ENCB,14843,,T. Alvarez; J. C. López V.,,CC_BY_4_0,Comisión Nacional para el Conocimiento y Uso de la Biodiversidad (CONABIO),M. Aguilar C.,,,2020-12-15T17:34:54.470Z,,COORDINATE_ROUNDED;ELEVATION_MIN_MAX_SWAPPED;TYPE_STATUS_INVALID;OCCURRENCE_STATUS_INFERRED_FROM_INDIVIDUAL_COUNT;INSTITUTION_COLLECTION_MISMATCH;DIFFERENT_OWNER_INSTITUTION
2629130842,63ed64cb-90b7-4ecc-b94c-3a0317742379,urn:catalog:ENCB-IPN:ENCB:14844:f65c6e229f7ce91508d06be97acc08c3,Animalia,Chordata,Reptilia,Squamata,Viperidae,Crotalus,Crotalus triseriatus,,SPECIES,"Crotalus triseriatus Wagler, 1830",Crotalus triseriatus,"(Wagler, 1830)",MX,2.5 Km S Atemajac de Brizuela,Jalisco,PRESENT,1,ff90b050-c256-11db-b71b-b8a03c50a862,20.11389,-103.727501,,,1175,1175,0,0,1990-06-07T00:00:00,7,6,1990,2444358,2444358,PRESERVED_SPECIMEN,ENCB-IPN,ENCB,14844,,T. Alvarez; J. C. López V.,,CC_BY_4_0,Comisión Nacional para el Conocimiento y Uso de la Biodiversidad (CONABIO),M. Aguilar C.,,,2020-12-15T17:25:54.884Z,,COORDINATE_ROUNDED;ELEVATION_MIN_MAX_SWAPPED;TYPE_STATUS_INVALID;OCCURRENCE_STATUS_INFERRED_FROM_INDIVIDUAL_COUNT;INSTITUTION_COLLECTION_MISMATCH;DIFFERENT_OWNER_INSTITUTION
686813019,dce00a1f-f6b4-4e11-9771-92c62c40ad80,b8a08bbe-b069-11e3-8cfe-90b11c41863e,Animalia,Chordata,Reptilia,Squamata,Viperidae,Crotalus,Crotalus triseriatus,,SPECIES,"Crotalus triseriatus Wagler, 1830",Crotalus triseriatus,,MX,6.4 km E Atemajac de Brizuela,Jalisco,PRESENT,,b554c320-0560-11d8-b851-b8a03c50a862,20.09057192,-103.7102134,,,,,,,1966-08-28T00:00:00,28,8,1966,2444358,2444358,PRESERVED_SPECIMEN,KU,KUH,106290,,,,CC_BY_4_0,,,,,2021-02-02T22:18:41.108Z,,COORDINATE_REPROJECTED;COLLECTION_MATCH_FUZZY
1894918046,7feba584-f762-11e1-a439-00145eb45e9a,urn:catalog:UMMZ:UMMZ:101550:d69f053ad42761a98cae7a75793387f3,Animalia,Chordata,Reptilia,Squamata,Viperidae,Crotalus,Crotalus triseriatus,,SPECIES,"Crotalus triseriatus Wagler, 1830",Crotalus triseriatus subsp. triseriatus,"(Wagler, 1830)",MX,Nevado de Colima,Jalisco,PRESENT,1,ff90b050-c256-11db-b71b-b8a03c50a862,19.575,-103.625,,,1150,1150,0,0,,,,,2444358,2444358,PRESERVED_SPECIMEN,UMMZ,UMMZ,101550,,NO DISPONIBLE,,CC_BY_4_0,Comisión Nacional para el Conocimiento y Uso de la Biodiversidad (CONABIO),NO DISPONIBLE,,,2021-01-22T17:17:38.950Z,,GEODETIC_DATUM_ASSUMED_WGS84;RECORDED_DATE_INVALID;TAXON_MATCH_HIGHERRANK;ELEVATION_MIN_MAX_SWAPPED;TYPE_STATUS_INVALID;OCCURRENCE_STATUS_INFERRED_FROM_INDIVIDUAL_COUNT;INSTITUTION_MATCH_FUZZY;COLLECTION_MATCH_FUZZY
657368830,7a25f7aa-03fb-4322-aaeb-66719e1a9527,B4A1A61A-FAE8-4068-9176-5BF914148FAB,Animalia,Chordata,Reptilia,Squamata,Viperidae,Crotalus,Crotalus triseriatus,,SPECIES,"Crotalus triseriatus Wagler, 1830",Crotalus triseriatus,,MX,17 mi. W. Atenquique; by road,Jalisco,PRESENT,1,493fe050-055d-11d8-b84f-b8a03c50a862,19.45060239,-103.5502072,,,,,,,1966-07-15T00:00:00,15,7,1966,2444358,2444358,PRESERVED_SPECIMEN,LACM,Herps,25944,10268,,,CC0_1_0,,J.R. Dixon & R.H. Heyer,,NATIVE,2021-01-22T17:21:32.226Z,,COORDINATE_REPROJECTED;INSTITUTION_MATCH_FUZZY;COLLECTION_MATCH_FUZZY
2234828364,395dfaad-8b0d-47e2-a2ea-bf8a3fd5c10c,http://arctos.database.museum/guid/UTEP:Herp:10089?seid=3955749,Animalia,Chordata,Reptilia,Squamata,Viperidae,Crotalus,Crotalus triseriatus,,SPECIES,"Crotalus triseriatus Wagler, 1830",Crotalus triseriatus,,MX,"8 miles W of Atenquique, across from cone of Volcan De Fuego, near top of ridge",Jalisco,PRESENT,1,52c8f620-1816-11da-9544-b8a03c50a862,19.46060216,-103.4802056,,,3200.5,15.5,,,1975-06-26T00:00:00,26,6,1975,2444358,2444358,PRESERVED_SPECIMEN,UTEP,Amphibian and reptile specimens,UTEP:Herp:10089,,William A. Carter,,CC0_1_0,,Collector(s): Charles L. Fowler; Bruce G. Stewart; Preparator(s): William A. Carter,,,2021-01-29T01:01:04.667Z,,COORDINATE_REPROJECTED;OCCURRENCE_STATUS_INFERRED_FROM_INDIVIDUAL_COUNT;AMBIGUOUS_INSTITUTION;COLLECTION_MATCH_NONE
2234828276,395dfaad-8b0d-47e2-a2ea-bf8a3fd5c10c,http://arctos.database.museum/guid/UTEP:Herp:10088?seid=3955748,Animalia,Chordata,Reptilia,Squamata,Viperidae,Crotalus,Crotalus triseriatus,,SPECIES,"Crotalus triseriatus Wagler, 1830",Crotalus triseriatus,,MX,"8 miles W of Atenquique, across from cone of Volcan De Fuego, near top of ridge",Jalisco,PRESENT,1,52c8f620-1816-11da-9544-b8a03c50a862,19.46060216,-103.4802056,,,3200.5,15.5,,,1975-06-25T00:00:00,25,6,1975,2444358,2444358,PRESERVED_SPECIMEN,UTEP,Amphibian and reptile specimens,UTEP:Herp:10088,,William A. Carter,,CC0_1_0,,Collector(s): Charles L. Fowler; Preparator(s): William A. Carter,,,2021-01-29T01:01:00.189Z,,COORDINATE_REPROJECTED;OCCURRENCE_STATUS_INFERRED_FROM_INDIVIDUAL_COUNT;AMBIGUOUS_INSTITUTION;COLLECTION_MATCH_NONE
686888779,dce00a1f-f6b4-4e11-9771-92c62c40ad80,bd4654ca-b069-11e3-8cfe-90b11c41863e,Animalia,Chordata,Reptilia,Squamata,Viperidae,Crotalus,Crotalus triseriatus,,SPECIES,"Crotalus triseriatus Wagler, 1830",Crotalus triseriatus,,MX,Rancho San Francisco,Jalisco,PRESENT,,b554c320-0560-11d8-b851-b8a03c50a862,19.54059878,-103.3702034,,,,,,,1977-09-01T00:00:00,,9,1977,2444358,2444358,PRESERVED_SPECIMEN,KU,KUH,182078,,,,CC_BY_4_0,,,,,2021-02-02T22:18:34.832Z,,COORDINATE_REPROJECTED;COLLECTION_MATCH_FUZZY
2266290667,544ae945-0a4f-43de-9387-cff775273c77,150d6712-d95d-4e13-83c3-cd553d7bf218,Animalia,Chordata,Reptilia,Squamata,Viperidae,Crotalus,Crotalus triseriatus,,SPECIES,"Crotalus triseriatus Wagler, 1830",Crotalus triseriatus triseriatus,,MX,,Morelos,PRESENT,,927f1e70-cf74-11d8-bf68-b8a03c50a862,30.118065,-103.244621,10325,,,,,,1974-06-22T00:00:00,22,6,1974,2444358,2444358,PRESERVED_SPECIMEN,JFBM,Herps,R1643,s.n.,"R. A. Anderson, P. J. Regal, and M. Pappas",,CC0_1_0,J. F. Bell Museum of Natural History,"Anderson, R.A.; Regal, P.J.; Pappas, M.",,,2020-12-15T18:38:10.056Z,,GEODETIC_DATUM_ASSUMED_WGS84;COUNTRY_COORDINATE_MISMATCH;TAXON_MATCH_HIGHERRANK;INSTITUTION_MATCH_FUZZY;INSTITUTION_COLLECTION_MISMATCH
1893321936,dcb23fa1-3f1a-4678-b11d-249787e79cae,urn:catalog:IBUNAM:CNAR:7367:494449a3fd3ed43e8b600ed73f26a8f1,Animalia,Chordata,Reptilia,Squamata,Viperidae,Crotalus,Crotalus triseriatus,,SPECIES,"Crotalus triseriatus Wagler, 1830",Crotalus triseriatus subsp. triseriatus,"(Wagler, 1830)",MX,13 km al W de Villa Hidalgo,Jalisco,PRESENT,2,ff90b050-c256-11db-b71b-b8a03c50a862,21.73,-102.66,,,1100,1100,0,0,1989-08-27T00:00:00,27,8,1989,2444358,2444358,PRESERVED_SPECIMEN,IBUNAM,CNAR,7367,,NO DISPONIBLE,,CC_BY_4_0,Comisión Nacional para el Conocimiento y Uso de la Biodiversidad (CONABIO),JUDITH RODRIGUEZ TORRES,,,2021-01-22T17:03:04.441Z,,GEODETIC_DATUM_ASSUMED_WGS84;TAXON_MATCH_HIGHERRANK;ELEVATION_MIN_MAX_SWAPPED;TYPE_STATUS_INVALID;OCCURRENCE_STATUS_INFERRED_FROM_INDIVIDUAL_COUNT;COLLECTION_MATCH_NONE;DIFFERENT_OWNER_INSTITUTION
2630242491,b23dae1f-1b66-432f-908b-be7737aff2b8,urn:catalog:NHM:NHM:1914.1.28.143:f736341b80be0727f3d60b4c43e5c734,Animalia,Chordata,Reptilia,Squamata,Viperidae,Crotalus,Crotalus triseriatus,,SPECIES,"Crotalus triseriatus Wagler, 1830",Crotalus triseriatus,"(Wagler, 1830)",MX,TANCITARO,Michoacan de ocampo,PRESENT,,ff90b050-c256-11db-b71b-b8a03c50a862,19.341667,-102.375,,,0,0,0,0,1914-01-28T00:00:00,28,1,1914,2444358,2444358,PRESERVED_SPECIMEN,NHM,NHM,1914.1.28.143,,NO DISPONIBLE,,CC_BY_4_0,Comisión Nacional para el Conocimiento y Uso de la Biodiversidad (CONABIO),H. GADOW,,,2020-12-15T20:02:47.501Z,,COORDINATE_ROUNDED;GEODETIC_DATUM_ASSUMED_WGS84;TYPE_STATUS_INVALID;COLLECTION_MATCH_FUZZY;DIFFERENT_OWNER_INSTITUTION
1894918092,7feba584-f762-11e1-a439-00145eb45e9a,urn:catalog:NM-CAS:CASM:10444-445:157addf1cb39e1d5bbaa3ab1df7dd9ef,Animalia,Chordata,Reptilia,Squamata,Viperidae,Crotalus,Crotalus triseriatus,,SPECIES,"Crotalus triseriatus Wagler, 1830",Crotalus triseriatus subsp. triseriatus,"(Wagler, 1830)",MX,TANCITARO,Michoacan de ocampo,PRESENT,2,ff90b050-c256-11db-b71b-b8a03c50a862,19.341667,-102.375,,,0,0,0,0,,,,,2444358,2444358,PRESERVED_SPECIMEN,NM-CAS,CASM,10444-445,,NO DISPONIBLE,,CC_BY_4_0,Comisión Nacional para el Conocimiento y Uso de la Biodiversidad (CONABIO),NO DISPONIBLE,,,2021-01-22T17:17:36.505Z,,COORDINATE_ROUNDED;GEODETIC_DATUM_ASSUMED_WGS84;RECORDED_DATE_INVALID;TAXON_MATCH_HIGHERRANK;TYPE_STATUS_INVALID;OCCURRENCE_STATUS_INFERRED_FROM_INDIVIDUAL_COUNT;INSTITUTION_MATCH_NONE;COLLECTION_MATCH_FUZZY
1894918030,7feba584-f762-11e1-a439-00145eb45e9a,urn:catalog:FMNH:FMNH:39095-127:d5b6fedce4c2cfbfa6fb22714ff11a28,Animalia,Chordata,Reptilia,Squamata,Viperidae,Crotalus,Crotalus triseriatus,,SPECIES,"Crotalus triseriatus Wagler, 1830",Crotalus triseriatus subsp. triseriatus,"(Wagler, 1830)",MX,TANCITARO,Michoacan de ocampo,PRESENT,33,ff90b050-c256-11db-b71b-b8a03c50a862,19.341667,-102.375,,,0,0,0,0,,,,,2444358,2444358,PRESERVED_SPECIMEN,FMNH,FMNH,39095-127,,NO DISPONIBLE,,CC_BY_4_0,Comisión Nacional para el Conocimiento y Uso de la Biodiversidad (CONABIO),NO DISPONIBLE,,,2021-01-22T17:17:39.278Z,,COORDINATE_ROUNDED;GEODETIC_DATUM_ASSUMED_WGS84;RECORDED_DATE_INVALID;TAXON_MATCH_HIGHERRANK;TYPE_STATUS_INVALID;OCCURRENCE_STATUS_INFERRED_FROM_INDIVIDUAL_COUNT;AMBIGUOUS_COLLECTION;INSTITUTION_MATCH_FUZZY
1894917987,7feba584-f762-11e1-a439-00145eb45e9a,urn:catalog:FMNH:FMNH:37038-048:cdde7c5ab2ab2227c79b7cddb5746dec,Animalia,Chordata,Reptilia,Squamata,Viperidae,Crotalus,Crotalus triseriatus,,SPECIES,"Crotalus triseriatus Wagler, 1830",Crotalus triseriatus subsp. triseriatus,"(Wagler, 1830)",MX,TANCITARO,Michoacan de ocampo,PRESENT,11,ff90b050-c256-11db-b71b-b8a03c50a862,19.341667,-102.375,,,0,0,0,0,,,,,2444358,2444358,PRESERVED_SPECIMEN,FMNH,FMNH,37038-048,,NO DISPONIBLE,,CC_BY_4_0,Comisión Nacional para el Conocimiento y Uso de la Biodiversidad (CONABIO),NO DISPONIBLE,,,2021-01-22T17:17:39.858Z,,COORDINATE_ROUNDED;GEODETIC_DATUM_ASSUMED_WGS84;RECORDED_DATE_INVALID;TAXON_MATCH_HIGHERRANK;TYPE_STATUS_INVALID;OCCURRENCE_STATUS_INFERRED_FROM_INDIVIDUAL_COUNT;AMBIGUOUS_COLLECTION;INSTITUTION_MATCH_FUZZY
1894917648,7feba584-f762-11e1-a439-00145eb45e9a,urn:catalog:FMNH:FMNH:40820-823:8bcee9baef5775458d9c8cfcaee0982e,Animalia,Chordata,Reptilia,Squamata,Viperidae,Crotalus,Crotalus triseriatus,,SPECIES,"Crotalus triseriatus Wagler, 1830",Crotalus triseriatus subsp. triseriatus,"(Wagler, 1830)",MX,TANCITARO,Michoacan de ocampo,PRESENT,4,ff90b050-c256-11db-b71b-b8a03c50a862,19.341667,-102.375,,,0,0,0,0,,,,,2444358,2444358,PRESERVED_SPECIMEN,FMNH,FMNH,40820-823,,NO DISPONIBLE,,CC_BY_4_0,Comisión Nacional para el Conocimiento y Uso de la Biodiversidad (CONABIO),NO DISPONIBLE,,,2021-01-22T17:17:28.778Z,,COORDINATE_ROUNDED;GEODETIC_DATUM_ASSUMED_WGS84;RECORDED_DATE_INVALID;TAXON_MATCH_HIGHERRANK;TYPE_STATUS_INVALID;OCCURRENCE_STATUS_INFERRED_FROM_INDIVIDUAL_COUNT;AMBIGUOUS_COLLECTION;INSTITUTION_MATCH_FUZZY
1894917572,7feba584-f762-11e1-a439-00145eb45e9a,urn:catalog:FMNH:FMNH:40817:6f971e7ecb2175ba63efcd4016b4518a,Animalia,Chordata,Reptilia,Squamata,Viperidae,Crotalus,Crotalus triseriatus,,SPECIES,"Crotalus triseriatus Wagler, 1830",Crotalus triseriatus subsp. triseriatus,"(Wagler, 1830)",MX,TANCITARO,Michoacan de ocampo,PRESENT,1,ff90b050-c256-11db-b71b-b8a03c50a862,19.341667,-102.375,,,0,0,0,0,,,,,2444358,2444358,PRESERVED_SPECIMEN,FMNH,FMNH,40817,,NO DISPONIBLE,,CC_BY_4_0,Comisión Nacional para el Conocimiento y Uso de la Biodiversidad (CONABIO),NO DISPONIBLE,,,2021-01-22T17:17:39.633Z,,COORDINATE_ROUNDED;GEODETIC_DATUM_ASSUMED_WGS84;RECORDED_DATE_INVALID;TAXON_MATCH_HIGHERRANK;TYPE_STATUS_INVALID;OCCURRENCE_STATUS_INFERRED_FROM_INDIVIDUAL_COUNT;AMBIGUOUS_COLLECTION;INSTITUTION_MATCH_FUZZY
1894607101,985eec8a-e9e3-4117-8231-fdebe0634a90,urn:catalog:IBUNAM:CNAR:17963:bf212cac4e671cfc8ffd46aba5e63bb9,Animalia,Chordata,Reptilia,Squamata,Viperidae,Crotalus,Crotalus triseriatus,,SPECIES,"Crotalus triseriatus Wagler, 1830",Crotalus triseriatus,"(Wagler, 1830)",MX,Parque Nacional Barranca del Cupatitzio,Michoacan de ocampo,PRESENT,1,ff90b050-c256-11db-b71b-b8a03c50a862,19.425361,-102.107417,,,945.5,945.5,0,0,2003-07-19T00:00:00,19,7,2003,2444358,2444358,PRESERVED_SPECIMEN,IBUNAM,CNAR,17963,,V.H.R.R.,,CC_BY_4_0,Comisión Nacional para el Conocimiento y Uso de la Biodiversidad (CONABIO),G.CH.L.,,,2020-12-15T19:54:45.817Z,,COORDINATE_ROUNDED;GEODETIC_DATUM_ASSUMED_WGS84;ELEVATION_MIN_MAX_SWAPPED;TYPE_STATUS_INVALID;OCCURRENCE_STATUS_INFERRED_FROM_INDIVIDUAL_COUNT;COLLECTION_MATCH_NONE;DIFFERENT_OWNER_INSTITUTION
2630242895,b23dae1f-1b66-432f-908b-be7737aff2b8,urn:catalog:NHM:NHM:92.10.31.72:e21213be42b6d07eb010dcc924068f13,Animalia,Chordata,Reptilia,Squamata,Viperidae,Crotalus,Crotalus triseriatus,,SPECIES,"Crotalus triseriatus Wagler, 1830",Crotalus triseriatus,"(Wagler, 1830)",MX,"LA LAGUNA, JUANACATLAN",Jalisco,PRESENT,,ff90b050-c256-11db-b71b-b8a03c50a862,21.391667,-101.958333,,,0,0,0,0,1892-10-31T00:00:00,31,10,1892,2444358,2444358,PRESERVED_SPECIMEN,NHM,NHM,92.10.31.72,,NO DISPONIBLE,,CC_BY_4_0,Comisión Nacional para el Conocimiento y Uso de la Biodiversidad (CONABIO),A. C. BULLER,,,2020-12-15T20:02:47.543Z,,COORDINATE_ROUNDED;GEODETIC_DATUM_ASSUMED_WGS84;TYPE_STATUS_INVALID;COLLECTION_MATCH_FUZZY;DIFFERENT_OWNER_INSTITUTION
2629123964,63ed64cb-90b7-4ecc-b94c-3a0317742379,urn:catalog:ENCB-IPN:ENCB:13383:7b4392543b4e58e5873c4943c8515006,Animalia,Chordata,Reptilia,Squamata,Viperidae,Crotalus,Crotalus triseriatus,,SPECIES,"Crotalus triseriatus Wagler, 1830",Crotalus triseriatus subsp. triseriatus,"(Wagler, 1830)",MX,"3 Km N, 9 Km E Penjamillo",Michoacan de ocampo,PRESENT,1,ff90b050-c256-11db-b71b-b8a03c50a862,20.1308,-101.852402,,,850,850,0,0,1986-12-05T00:00:00,5,12,1986,2444358,2444358,PRESERVED_SPECIMEN,ENCB-IPN,ENCB,13383,,T. ALVAREZ,,CC_BY_4_0,Comisión Nacional para el Conocimiento y Uso de la Biodiversidad (CONABIO),J. C. LOPEZ V.,,,2020-12-15T17:17:41.485Z,,COORDINATE_ROUNDED;TAXON_MATCH_HIGHERRANK;ELEVATION_MIN_MAX_SWAPPED;TYPE_STATUS_INVALID;OCCURRENCE_STATUS_INFERRED_FROM_INDIVIDUAL_COUNT;INSTITUTION_COLLECTION_MISMATCH;DIFFERENT_OWNER_INSTITUTION
2629127208,63ed64cb-90b7-4ecc-b94c-3a0317742379,urn:catalog:ENCB-IPN:ENCB:12988:90d72b54d0466e4824b782b5d5ca81b2,Animalia,Chordata,Reptilia,Squamata,Viperidae,Crotalus,Crotalus triseriatus,,SPECIES,"Crotalus triseriatus Wagler, 1830",Crotalus triseriatus subsp. triseriatus,"(Wagler, 1830)",MX,5 km S Villa Escalante,Michoacan de ocampo,PRESENT,1,ff90b050-c256-11db-b71b-b8a03c50a862,19.360701,-101.638702,,,1195,1195,0,0,1986-03-27T00:00:00,27,3,1986,2444358,2444358,PRESERVED_SPECIMEN,ENCB-IPN,ENCB,12988,,J. C. López V.; C. Elizalde A.,,CC_BY_4_0,Comisión Nacional para el Conocimiento y Uso de la Biodiversidad (CONABIO),M. MARTINEZ C.,,,2020-12-15T17:21:47.633Z,,COORDINATE_ROUNDED;TAXON_MATCH_HIGHERRANK;ELEVATION_MIN_MAX_SWAPPED;TYPE_STATUS_INVALID;OCCURRENCE_STATUS_INFERRED_FROM_INDIVIDUAL_COUNT;INSTITUTION_COLLECTION_MISMATCH;DIFFERENT_OWNER_INSTITUTION
1894917901,7feba584-f762-11e1-a439-00145eb45e9a,urn:catalog:UMMZ:UMMZ:98941:baf9b75f1081eeaa00975006532bf942,Animalia,Chordata,Reptilia,Squamata,Viperidae,Crotalus,Crotalus triseriatus,,SPECIES,"Crotalus triseriatus Wagler, 1830",Crotalus triseriatus subsp. triseriatus,"(Wagler, 1830)",MX,"PATZCUARO, 5 MI S",Michoacan de ocampo,PRESENT,1,ff90b050-c256-11db-b71b-b8a03c50a862,19.458333,-101.625,,,0,0,0,0,,,,,2444358,2444358,PRESERVED_SPECIMEN,UMMZ,UMMZ,98941,,NO DISPONIBLE,,CC_BY_4_0,Comisión Nacional para el Conocimiento y Uso de la Biodiversidad (CONABIO),NO DISPONIBLE,,,2021-01-22T17:17:41.015Z,,COORDINATE_ROUNDED;GEODETIC_DATUM_ASSUMED_WGS84;RECORDED_DATE_INVALID;TAXON_MATCH_HIGHERRANK;TYPE_STATUS_INVALID;OCCURRENCE_STATUS_INFERRED_FROM_INDIVIDUAL_COUNT;INSTITUTION_MATCH_FUZZY;COLLECTION_MATCH_FUZZY
45103553,84b4d6e4-f762-11e1-a439-00145eb45e9a,urn:catalog:SDNHM:Herps:58404,Animalia,Chordata,Reptilia,Squamata,Viperidae,Crotalus,Crotalus triseriatus,,SPECIES,"Crotalus triseriatus Wagler, 1830",Crotalus triseriatus triseriatus,,MX,"Tacambaro, Km 6 of road to",Michoacán,PRESENT,,8a471700-4ce8-11db-b80e-b8a03c50a862,19.28333,-101.46667,,,,,,,1976-08-01T00:00:00,1,8,1976,2444358,2444358,PRESERVED_SPECIMEN,SDNHM,Herps,58404,,,,CC0_1_0,,"Garstka, W.",,NATIVE,2021-01-22T17:22:51.649Z,,COORDINATE_REPROJECTED;TAXON_MATCH_HIGHERRANK;INSTITUTION_COLLECTION_MISMATCH
1894949975,7feba584-f762-11e1-a439-00145eb45e9a,urn:catalog:UIUC:UIMNH:22816:271515ec9f032b4ebfde24a5399815b5,Animalia,Chordata,Reptilia,Squamata,Viperidae,Crotalus,Crotalus triseriatus,,SPECIES,"Crotalus triseriatus Wagler, 1830",Crotalus triseriatus,"(Wagler, 1830)",MX,"MORELIA, 12-15 MI W",Michoacan de ocampo,PRESENT,1,ff90b050-c256-11db-b71b-b8a03c50a862,19.675,-101.408333,,,0,0,0,0,,,,,2444358,2444358,PRESERVED_SPECIMEN,UIUC,UIMNH,22816,,NO DISPONIBLE,,CC_BY_4_0,Comisión Nacional para el Conocimiento y Uso de la Biodiversidad (CONABIO),NO DISPONIBLE,,,2021-01-22T17:17:38.226Z,,COORDINATE_ROUNDED;GEODETIC_DATUM_ASSUMED_WGS84;RECORDED_DATE_INVALID;TYPE_STATUS_INVALID;OCCURRENCE_STATUS_INFERRED_FROM_INDIVIDUAL_COUNT;INSTITUTION_MATCH_NONE;COLLECTION_MATCH_FUZZY
1894949999,7feba584-f762-11e1-a439-00145eb45e9a,urn:catalog:UIUC:UIMNH:22813-815:51c3614cddef768f293b01e97208846f,Animalia,Chordata,Reptilia,Squamata,Viperidae,Crotalus,Crotalus triseriatus,,SPECIES,"Crotalus triseriatus Wagler, 1830",Crotalus triseriatus,"(Wagler, 1830)",MX,TACICUARO,Michoacan de ocampo,PRESENT,3,ff90b050-c256-11db-b71b-b8a03c50a862,19.675,-101.375,,,0,0,0,0,,,,,2444358,2444358,PRESERVED_SPECIMEN,UIUC,UIMNH,22813-815,,NO DISPONIBLE,,CC_BY_4_0,Comisión Nacional para el Conocimiento y Uso de la Biodiversidad (CONABIO),NO DISPONIBLE,,,2021-01-22T17:17:34.347Z,,GEODETIC_DATUM_ASSUMED_WGS84;RECORDED_DATE_INVALID;TYPE_STATUS_INVALID;OCCURRENCE_STATUS_INFERRED_FROM_INDIVIDUAL_COUNT;INSTITUTION_MATCH_NONE;COLLECTION_MATCH_FUZZY
1894918280,7feba584-f762-11e1-a439-00145eb45e9a,urn:catalog:NO DISPONIBLE:NO DISPONIBLE:110925:41c4fc8f002f9a669b9ea1c6a627e86f,Animalia,Chordata,Reptilia,Squamata,Viperidae,Crotalus,Crotalus triseriatus,,SPECIES,"Crotalus triseriatus Wagler, 1830",Crotalus triseriatus subsp. triseriatus,"(Wagler, 1830)",MX,TACICUARO,Michoacan de ocampo,PRESENT,1,ff90b050-c256-11db-b71b-b8a03c50a862,19.675,-101.375,,,0,0,0,0,,,,,2444358,2444358,PRESERVED_SPECIMEN,NO DISPONIBLE,NO DISPONIBLE,110925,,NO DISPONIBLE,,CC_BY_4_0,Comisión Nacional para el Conocimiento y Uso de la Biodiversidad (CONABIO),NO DISPONIBLE,,,2021-01-22T17:17:28.718Z,,GEODETIC_DATUM_ASSUMED_WGS84;RECORDED_DATE_INVALID;TAXON_MATCH_HIGHERRANK;TYPE_STATUS_INVALID;OCCURRENCE_STATUS_INFERRED_FROM_INDIVIDUAL_COUNT;INSTITUTION_MATCH_NONE;COLLECTION_MATCH_NONE
1894918148,7feba584-f762-11e1-a439-00145eb45e9a,urn:catalog:UIUC:UIMNH:26224:1fd0bb99f2b4a2719bc02c22fe258a0b,Animalia,Chordata,Reptilia,Squamata,Viperidae,Crotalus,Crotalus triseriatus,,SPECIES,"Crotalus triseriatus Wagler, 1830",Crotalus triseriatus subsp. triseriatus,"(Wagler, 1830)",MX,TACICUARO,Michoacan de ocampo,PRESENT,1,ff90b050-c256-11db-b71b-b8a03c50a862,19.675,-101.375,,,0,0,0,0,,,,,2444358,2444358,PRESERVED_SPECIMEN,UIUC,UIMNH,26224,,NO DISPONIBLE,,CC_BY_4_0,Comisión Nacional para el Conocimiento y Uso de la Biodiversidad (CONABIO),NO DISPONIBLE,,,2021-01-22T17:17:37.117Z,,GEODETIC_DATUM_ASSUMED_WGS84;RECORDED_DATE_INVALID;TAXON_MATCH_HIGHERRANK;TYPE_STATUS_INVALID;OCCURRENCE_STATUS_INFERRED_FROM_INDIVIDUAL_COUNT;INSTITUTION_MATCH_NONE;COLLECTION_MATCH_FUZZY
1894918133,7feba584-f762-11e1-a439-00145eb45e9a,urn:catalog:FMNH:FMNH:11063:1de9b712bc0f0e569bfb57aeea413fb4,Animalia,Chordata,Reptilia,Squamata,Viperidae,Crotalus,Crotalus triseriatus,,SPECIES,"Crotalus triseriatus Wagler, 1830",Crotalus triseriatus subsp. triseriatus,"(Wagler, 1830)",MX,TACICUARO,Michoacan de ocampo,PRESENT,1,ff90b050-c256-11db-b71b-b8a03c50a862,19.675,-101.375,,,0,0,0,0,,,,,2444358,2444358,PRESERVED_SPECIMEN,FMNH,FMNH,11063,,NO DISPONIBLE,,CC_BY_4_0,Comisión Nacional para el Conocimiento y Uso de la Biodiversidad (CONABIO),NO DISPONIBLE,,,2021-01-22T17:17:35.468Z,,GEODETIC_DATUM_ASSUMED_WGS84;RECORDED_DATE_INVALID;TAXON_MATCH_HIGHERRANK;TYPE_STATUS_INVALID;OCCURRENCE_STATUS_INFERRED_FROM_INDIVIDUAL_COUNT;AMBIGUOUS_COLLECTION;INSTITUTION_MATCH_FUZZY
1894917960,7feba584-f762-11e1-a439-00145eb45e9a,urn:catalog:FMNH:FMNH:103991:cbe6eefd64af569c974a22058d57bde3,Animalia,Chordata,Reptilia,Squamata,Viperidae,Crotalus,Crotalus triseriatus,,SPECIES,"Crotalus triseriatus Wagler, 1830",Crotalus triseriatus subsp. triseriatus,"(Wagler, 1830)",MX,TACICUARO,Michoacan de ocampo,PRESENT,1,ff90b050-c256-11db-b71b-b8a03c50a862,19.675,-101.375,,,0,0,0,0,1939-09-11T00:00:00,11,9,1939,2444358,2444358,PRESERVED_SPECIMEN,FMNH,FMNH,103991,,NO DISPONIBLE,,CC_BY_4_0,Comisión Nacional para el Conocimiento y Uso de la Biodiversidad (CONABIO),E.H. Taylor,,,2021-01-22T17:17:35.766Z,,GEODETIC_DATUM_ASSUMED_WGS84;TAXON_MATCH_HIGHERRANK;TYPE_STATUS_INVALID;OCCURRENCE_STATUS_INFERRED_FROM_INDIVIDUAL_COUNT;AMBIGUOUS_COLLECTION;INSTITUTION_MATCH_FUZZY
1894917775,7feba584-f762-11e1-a439-00145eb45e9a,urn:catalog:NO DISPONIBLE:NO DISPONIBLE:10149:9cb5396c030a8ef5e7c36ac666d5458a,Animalia,Chordata,Reptilia,Squamata,Viperidae,Crotalus,Crotalus triseriatus,,SPECIES,"Crotalus triseriatus Wagler, 1830",Crotalus triseriatus subsp. triseriatus,"(Wagler, 1830)",MX,TACICUARO,Michoacan de ocampo,PRESENT,1,ff90b050-c256-11db-b71b-b8a03c50a862,19.675,-101.375,,,0,0,0,0,,,,,2444358,2444358,PRESERVED_SPECIMEN,NO DISPONIBLE,NO DISPONIBLE,10149,,NO DISPONIBLE,,CC_BY_4_0,Comisión Nacional para el Conocimiento y Uso de la Biodiversidad (CONABIO),NO DISPONIBLE,,,2021-01-22T17:17:37.898Z,,GEODETIC_DATUM_ASSUMED_WGS84;RECORDED_DATE_INVALID;TAXON_MATCH_HIGHERRANK;TYPE_STATUS_INVALID;OCCURRENCE_STATUS_INFERRED_FROM_INDIVIDUAL_COUNT;INSTITUTION_MATCH_NONE;COLLECTION_MATCH_NONE
1894917751,7feba584-f762-11e1-a439-00145eb45e9a,urn:catalog:NO DISPONIBLE:NO DISPONIBLE:110597:9a44f453fbb5aacba353cdbc78a835e2,Animalia,Chordata,Reptilia,Squamata,Viperidae,Crotalus,Crotalus triseriatus,,SPECIES,"Crotalus triseriatus Wagler, 1830",Crotalus triseriatus subsp. triseriatus,"(Wagler, 1830)",MX,TACICUARO,Michoacan de ocampo,PRESENT,1,ff90b050-c256-11db-b71b-b8a03c50a862,19.675,-101.375,,,0,0,0,0,,,,,2444358,2444358,PRESERVED_SPECIMEN,NO DISPONIBLE,NO DISPONIBLE,110597,,NO DISPONIBLE,,CC_BY_4_0,Comisión Nacional para el Conocimiento y Uso de la Biodiversidad (CONABIO),NO DISPONIBLE,,,2021-01-22T17:17:42.230Z,,GEODETIC_DATUM_ASSUMED_WGS84;RECORDED_DATE_INVALID;TAXON_MATCH_HIGHERRANK;TYPE_STATUS_INVALID;OCCURRENCE_STATUS_INFERRED_FROM_INDIVIDUAL_COUNT;INSTITUTION_MATCH_NONE;COLLECTION_MATCH_NONE
1894917541,7feba584-f762-11e1-a439-00145eb45e9a,urn:catalog:NO DISPONIBLE:NO DISPONIBLE:10147:5dabff4f4199e68a43ec74aca45edf0d,Animalia,Chordata,Reptilia,Squamata,Viperidae,Crotalus,Crotalus triseriatus,,SPECIES,"Crotalus triseriatus Wagler, 1830",Crotalus triseriatus subsp. triseriatus,"(Wagler, 1830)",MX,TACICUARO,Michoacan de ocampo,PRESENT,1,ff90b050-c256-11db-b71b-b8a03c50a862,19.675,-101.375,,,0,0,0,0,,,,,2444358,2444358,PRESERVED_SPECIMEN,NO DISPONIBLE,NO DISPONIBLE,10147,,NO DISPONIBLE,,CC_BY_4_0,Comisión Nacional para el Conocimiento y Uso de la Biodiversidad (CONABIO),NO DISPONIBLE,,,2021-01-22T17:17:31.049Z,,GEODETIC_DATUM_ASSUMED_WGS84;RECORDED_DATE_INVALID;TAXON_MATCH_HIGHERRANK;TYPE_STATUS_INVALID;OCCURRENCE_STATUS_INFERRED_FROM_INDIVIDUAL_COUNT;INSTITUTION_MATCH_NONE;COLLECTION_MATCH_NONE
2629136980,63ed64cb-90b7-4ecc-b94c-3a0317742379,urn:catalog:ENCB-IPN:ENCB:13382:eb5e2e77a19a1981166a0ff573ac81d8,Animalia,Chordata,Reptilia,Squamata,Viperidae,Crotalus,Crotalus triseriatus,,SPECIES,"Crotalus triseriatus Wagler, 1830",Crotalus triseriatus subsp. triseriatus,"(Wagler, 1830)",MX,20 Km SW Morelia,Michoacan de ocampo,PRESENT,1,ff90b050-c256-11db-b71b-b8a03c50a862,19.573999,-101.314003,,,1015,1015,0,0,1986-11-23T00:00:00,23,11,1986,2444358,2444358,PRESERVED_SPECIMEN,ENCB-IPN,ENCB,13382,,T. ALVAREZ,,CC_BY_4_0,Comisión Nacional para el Conocimiento y Uso de la Biodiversidad (CONABIO),T. Berrocal E.,,,2020-12-15T17:32:28.691Z,,COORDINATE_ROUNDED;TAXON_MATCH_HIGHERRANK;ELEVATION_MIN_MAX_SWAPPED;TYPE_STATUS_INVALID;OCCURRENCE_STATUS_INFERRED_FROM_INDIVIDUAL_COUNT;INSTITUTION_COLLECTION_MISMATCH;DIFFERENT_OWNER_INSTITUTION
1894950064,7feba584-f762-11e1-a439-00145eb45e9a,urn:catalog:MVZ-UCB:MVZ:5846:6736b7a868ef181dd8e7ddf68c1c8552,Animalia,Chordata,Reptilia,Squamata,Viperidae,Crotalus,Crotalus triseriatus,,SPECIES,"Crotalus triseriatus Wagler, 1830",Crotalus triseriatus,"(Wagler, 1830)",MX,Guanajuato,Guanajuato,PRESENT,1,ff90b050-c256-11db-b71b-b8a03c50a862,21.025,-101.258333,,,0,0,0,0,,,,,2444358,2444358,PRESERVED_SPECIMEN,MVZ-UCB,MVZ,5846,,NO DISPONIBLE,,CC_BY_4_0,Comisión Nacional para el Conocimiento y Uso de la Biodiversidad (CONABIO),NO DISPONIBLE,,,2021-01-22T17:17:31.741Z,,COORDINATE_ROUNDED;GEODETIC_DATUM_ASSUMED_WGS84;RECORDED_DATE_INVALID;TYPE_STATUS_INVALID;OCCURRENCE_STATUS_INFERRED_FROM_INDIVIDUAL_COUNT;AMBIGUOUS_COLLECTION;INSTITUTION_MATCH_NONE
1894949954,7feba584-f762-11e1-a439-00145eb45e9a,urn:catalog:MVZ-UCB:MVZ:5276-277:207c045b79b376813f2dbd1fae06bfd0,Animalia,Chordata,Reptilia,Squamata,Viperidae,Crotalus,Crotalus triseriatus,,SPECIES,"Crotalus triseriatus Wagler, 1830",Crotalus triseriatus,"(Wagler, 1830)",MX,Guanajuato,Guanajuato,PRESENT,2,ff90b050-c256-11db-b71b-b8a03c50a862,21.025,-101.258333,,,0,0,0,0,,,,,2444358,2444358,PRESERVED_SPECIMEN,MVZ-UCB,MVZ,5276-277,,NO DISPONIBLE,,CC_BY_4_0,Comisión Nacional para el Conocimiento y Uso de la Biodiversidad (CONABIO),NO DISPONIBLE,,,2021-01-22T17:17:32.170Z,,COORDINATE_ROUNDED;GEODETIC_DATUM_ASSUMED_WGS84;RECORDED_DATE_INVALID;TYPE_STATUS_INVALID;OCCURRENCE_STATUS_INFERRED_FROM_INDIVIDUAL_COUNT;AMBIGUOUS_COLLECTION;INSTITUTION_MATCH_NONE
1894918164,7feba584-f762-11e1-a439-00145eb45e9a,urn:catalog:NO DISPONIBLE:NO DISPONIBLE:5846:f8293ae0ebc8ae08134aad5f82a4f9d4,Animalia,Chordata,Reptilia,Squamata,Viperidae,Crotalus,Crotalus triseriatus,,SPECIES,"Crotalus triseriatus Wagler, 1830",Crotalus triseriatus subsp. triseriatus,"(Wagler, 1830)",MX,Guanajuato,Guanajuato,PRESENT,1,ff90b050-c256-11db-b71b-b8a03c50a862,21.025,-101.258333,,,0,0,0,0,,,,,2444358,2444358,PRESERVED_SPECIMEN,NO DISPONIBLE,NO DISPONIBLE,5846,,NO DISPONIBLE,,CC_BY_4_0,Comisión Nacional para el Conocimiento y Uso de la Biodiversidad (CONABIO),NO DISPONIBLE,,,2021-01-22T17:17:33.758Z,,COORDINATE_ROUNDED;GEODETIC_DATUM_ASSUMED_WGS84;RECORDED_DATE_INVALID;TAXON_MATCH_HIGHERRANK;TYPE_STATUS_INVALID;OCCURRENCE_STATUS_INFERRED_FROM_INDIVIDUAL_COUNT;INSTITUTION_MATCH_NONE;COLLECTION_MATCH_NONE
1894918111,7feba584-f762-11e1-a439-00145eb45e9a,urn:catalog:NO DISPONIBLE:NO DISPONIBLE:5276-277:e7b4d45c9d541a1f570ace8015a71a28,Animalia,Chordata,Reptilia,Squamata,Viperidae,Crotalus,Crotalus triseriatus,,SPECIES,"Crotalus triseriatus Wagler, 1830",Crotalus triseriatus subsp. triseriatus,"(Wagler, 1830)",MX,Guanajuato,Guanajuato,PRESENT,2,ff90b050-c256-11db-b71b-b8a03c50a862,21.025,-101.258333,,,0,0,0,0,,,,,2444358,2444358,PRESERVED_SPECIMEN,NO DISPONIBLE,NO DISPONIBLE,5276-277,,NO DISPONIBLE,,CC_BY_4_0,Comisión Nacional para el Conocimiento y Uso de la Biodiversidad (CONABIO),NO DISPONIBLE,,,2021-01-22T17:17:32.351Z,,COORDINATE_ROUNDED;GEODETIC_DATUM_ASSUMED_WGS84;RECORDED_DATE_INVALID;TAXON_MATCH_HIGHERRANK;TYPE_STATUS_INVALID;OCCURRENCE_STATUS_INFERRED_FROM_INDIVIDUAL_COUNT;INSTITUTION_MATCH_NONE;COLLECTION_MATCH_NONE
1894917556,7feba584-f762-11e1-a439-00145eb45e9a,urn:catalog:CAS:CAS-HERP:87175:6152d805a5c5f1166027a0f5a65bfaf3,Animalia,Chordata,Reptilia,Squamata,Viperidae,Crotalus,Crotalus triseriatus,,SPECIES,"Crotalus triseriatus Wagler, 1830",Crotalus triseriatus subsp. triseriatus,"(Wagler, 1830)",MX,"GUANAJUATO, 7 MI NE",Guanajuato,PRESENT,1,ff90b050-c256-11db-b71b-b8a03c50a862,21.075,-101.225,,,0,0,0,0,,,,,2444358,2444358,PRESERVED_SPECIMEN,CAS,CAS-HERP,87175,,NO DISPONIBLE,,CC_BY_4_0,Comisión Nacional para el Conocimiento y Uso de la Biodiversidad (CONABIO),NO DISPONIBLE,,,2021-01-22T17:17:30.527Z,,GEODETIC_DATUM_ASSUMED_WGS84;RECORDED_DATE_INVALID;TAXON_MATCH_HIGHERRANK;TYPE_STATUS_INVALID;OCCURRENCE_STATUS_INFERRED_FROM_INDIVIDUAL_COUNT;AMBIGUOUS_INSTITUTION;COLLECTION_MATCH_NONE
1894950049,7feba584-f762-11e1-a439-00145eb45e9a,urn:catalog:NO DISPONIBLE:NO DISPONIBLE:75867:19e9f18c79667b31a70ec40ceaa691a4,Animalia,Chordata,Reptilia,Squamata,Viperidae,Crotalus,Crotalus triseriatus,,SPECIES,"Crotalus triseriatus Wagler, 1830",Crotalus triseriatus,"(Wagler, 1830)",MX,San Felipe,Guanajuato,PRESENT,1,ff90b050-c256-11db-b71b-b8a03c50a862,21.491667,-101.225,,,0,0,0,0,,,,,2444358,2444358,PRESERVED_SPECIMEN,NO DISPONIBLE,NO DISPONIBLE,75867,,NO DISPONIBLE,,CC_BY_4_0,Comisión Nacional para el Conocimiento y Uso de la Biodiversidad (CONABIO),NO DISPONIBLE,,,2021-01-22T17:17:39.993Z,,COORDINATE_ROUNDED;GEODETIC_DATUM_ASSUMED_WGS84;RECORDED_DATE_INVALID;TYPE_STATUS_INVALID;OCCURRENCE_STATUS_INFERRED_FROM_INDIVIDUAL_COUNT;INSTITUTION_MATCH_NONE;COLLECTION_MATCH_NONE
543678038,cece4fc2-1fec-4bb5-a335-7252548e3f0b,urn:catalog:CAS:HERP:87175,Animalia,Chordata,Reptilia,Squamata,Viperidae,Crotalus,Crotalus triseriatus,,SPECIES,"Crotalus triseriatus Wagler, 1830",Crotalus triseriatus triseriatus,,MX,7 mi NE of Guanajuato,Guanajuato,PRESENT,,66522820-055c-11d8-b84e-b8a03c50a862,21.06720584,-101.2168288,,,2651.77,,,,1959-08-04T00:00:00,4,8,1959,2444358,2444358,PRESERVED_SPECIMEN,CAS,HERP,87175,5073,,,CC0_1_0,,J. Webster,,,2021-01-22T17:21:03.009Z,StillImage,COORDINATE_REPROJECTED;TAXON_MATCH_HIGHERRANK;AMBIGUOUS_INSTITUTION;AMBIGUOUS_COLLECTION
1894918161,7feba584-f762-11e1-a439-00145eb45e9a,urn:catalog:UIUC:UIMNH:26225:24a94a101389d5d80ae17a9e16d27ff9,Animalia,Chordata,Reptilia,Squamata,Viperidae,Crotalus,Crotalus triseriatus,,SPECIES,"Crotalus triseriatus Wagler, 1830",Crotalus triseriatus subsp. triseriatus,"(Wagler, 1830)",MX,MIRADOR DE MIL CUMBRES,Michoacan de ocampo,PRESENT,1,ff90b050-c256-11db-b71b-b8a03c50a862,19.625,-100.791667,,,0,0,0,0,,,,,2444358,2444358,PRESERVED_SPECIMEN,UIUC,UIMNH,26225,,NO DISPONIBLE,,CC_BY_4_0,Comisión Nacional para el Conocimiento y Uso de la Biodiversidad (CONABIO),NO DISPONIBLE,,,2021-01-22T17:17:39.214Z,,COORDINATE_ROUNDED;GEODETIC_DATUM_ASSUMED_WGS84;RECORDED_DATE_INVALID;TAXON_MATCH_HIGHERRANK;TYPE_STATUS_INVALID;OCCURRENCE_STATUS_INFERRED_FROM_INDIVIDUAL_COUNT;INSTITUTION_MATCH_NONE;COLLECTION_MATCH_FUZZY
1211734631,cd875b5a-b3fe-48f2-94c7-371cab1431f3,URI:catalog:ROM:Reptiles and Amphibians:18117,Animalia,Chordata,Reptilia,Squamata,Viperidae,Crotalus,Crotalus triseriatus,,SPECIES,"Crotalus triseriatus Wagler, 1830",Crotalus triseriatus,,MX,"Puerta de Huerta, Hwy 70",San Luis Potosi,PRESENT,1,ff418020-1d67-11d9-8435-b8a03c50a862,22.10049166,-100.6601496,,,,,,,1987-08-08T00:00:00,8,8,1987,2444358,2444358,PRESERVED_SPECIMEN,ROM,Reptiles and Amphibians,18117,ROM 217,"Morafka, D.J.",,CC_BY_NC_4_0,Royal Ontario Museum; ROM,"Morafka, D.J.",,,2021-01-22T17:09:37.506Z,,COORDINATE_REPROJECTED;OCCURRENCE_STATUS_INFERRED_FROM_INDIVIDUAL_COUNT;INSTITUTION_MATCH_FUZZY;INSTITUTION_COLLECTION_MISMATCH
1211734612,cd875b5a-b3fe-48f2-94c7-371cab1431f3,URI:catalog:ROM:Reptiles and Amphibians:18118,Animalia,Chordata,Reptilia,Squamata,Viperidae,Crotalus,Crotalus triseriatus,,SPECIES,"Crotalus triseriatus Wagler, 1830",Crotalus triseriatus,,MX,"Puerta de Huerta, Hwy 70",San Luis Potosi,PRESENT,1,ff418020-1d67-11d9-8435-b8a03c50a862,22.10049166,-100.6601496,,,,,,,1987-08-08T00:00:00,8,8,1987,2444358,2444358,PRESERVED_SPECIMEN,ROM,Reptiles and Amphibians,18118,ROM 239,"Morafka, D.J.",,CC_BY_NC_4_0,Royal Ontario Museum; ROM,"Morafka, D.J.",,,2021-01-22T17:09:37.505Z,,COORDINATE_REPROJECTED;OCCURRENCE_STATUS_INFERRED_FROM_INDIVIDUAL_COUNT;INSTITUTION_MATCH_FUZZY;INSTITUTION_COLLECTION_MISMATCH
1211734599,cd875b5a-b3fe-48f2-94c7-371cab1431f3,URI:catalog:ROM:Reptiles and Amphibians:18119,Animalia,Chordata,Reptilia,Squamata,Viperidae,Crotalus,Crotalus triseriatus,,SPECIES,"Crotalus triseriatus Wagler, 1830",Crotalus triseriatus,,MX,"Puerta de Huerta, Hwy 70",San Luis Potosi,PRESENT,1,ff418020-1d67-11d9-8435-b8a03c50a862,22.10049166,-100.6601496,,,,,,,1987-08-08T00:00:00,8,8,1987,2444358,2444358,PRESERVED_SPECIMEN,ROM,Reptiles and Amphibians,18119,ROM 240,"Morafka, D.J.",,CC_BY_NC_4_0,Royal Ontario Museum; ROM,"Morafka, D.J.",,,2021-01-22T17:09:37.750Z,,COORDINATE_REPROJECTED;OCCURRENCE_STATUS_INFERRED_FROM_INDIVIDUAL_COUNT;INSTITUTION_MATCH_FUZZY;INSTITUTION_COLLECTION_MISMATCH
1211766892,cd875b5a-b3fe-48f2-94c7-371cab1431f3,URI:catalog:ROM:Reptiles and Amphibians:18156,Animalia,Chordata,Reptilia,Squamata,Viperidae,Crotalus,Crotalus triseriatus,,SPECIES,"Crotalus triseriatus Wagler, 1830",Crotalus triseriatus,,MX,"Puerta de Huerta, Hwy 70",San Luis Potosi,PRESENT,1,ff418020-1d67-11d9-8435-b8a03c50a862,22.1,-100.66,,,,,,,,,,,2444358,2444358,PRESERVED_SPECIMEN,ROM,Reptiles and Amphibians,18156,ROM 218,,,CC_BY_NC_4_0,Royal Ontario Museum; ROM,,,,2021-01-22T17:09:33.477Z,,GEODETIC_DATUM_ASSUMED_WGS84;OCCURRENCE_STATUS_INFERRED_FROM_INDIVIDUAL_COUNT;INSTITUTION_MATCH_FUZZY;INSTITUTION_COLLECTION_MISMATCH
1211766887,cd875b5a-b3fe-48f2-94c7-371cab1431f3,URI:catalog:ROM:Reptiles and Amphibians:18115,Animalia,Chordata,Reptilia,Squamata,Viperidae,Crotalus,Crotalus triseriatus,,SPECIES,"Crotalus triseriatus Wagler, 1830",Crotalus triseriatus,,MX,"Puerta de Huerta, Hwy 70",San Luis Potosi,PRESENT,1,ff418020-1d67-11d9-8435-b8a03c50a862,22.1,-100.66,,,,,,,,,,,2444358,2444358,PRESERVED_SPECIMEN,ROM,Reptiles and Amphibians,18115,ROM 216,,,CC_BY_NC_4_0,Royal Ontario Museum; ROM,,,,2021-01-22T17:09:33.474Z,,GEODETIC_DATUM_ASSUMED_WGS84;OCCURRENCE_STATUS_INFERRED_FROM_INDIVIDUAL_COUNT;INSTITUTION_MATCH_FUZZY;INSTITUTION_COLLECTION_MISMATCH
2629123045,63ed64cb-90b7-4ecc-b94c-3a0317742379,urn:catalog:ROM:ROM:18118:6e29234b57edbbd57d7a565ad6c4d4bd,Animalia,Chordata,Reptilia,Squamata,Viperidae,Crotalus,Crotalus triseriatus,,SPECIES,"Crotalus triseriatus Wagler, 1830",Crotalus triseriatus,"(Wagler, 1830)",MX,"Puerta de Huerta, Hwy 70",San luis potosi,PRESENT,1,ff90b050-c256-11db-b71b-b8a03c50a862,22.097778,-100.640556,,,1097.5,1097.5,0,0,1987-07-08T00:00:00,8,7,1987,2444358,2444358,PRESERVED_SPECIMEN,ROM,ROM,18118,,NO DISPONIBLE,,CC_BY_4_0,Comisión Nacional para el Conocimiento y Uso de la Biodiversidad (CONABIO),D. J. Morafka,,,2020-12-15T17:16:28.564Z,,COORDINATE_ROUNDED;ELEVATION_MIN_MAX_SWAPPED;TYPE_STATUS_INVALID;OCCURRENCE_STATUS_INFERRED_FROM_INDIVIDUAL_COUNT;COLLECTION_MATCH_NONE;INSTITUTION_MATCH_FUZZY
2629121904,63ed64cb-90b7-4ecc-b94c-3a0317742379,urn:catalog:ROM:ROM:18119:dd6d6313540ed9d9afb038bfd2d54827,Animalia,Chordata,Reptilia,Squamata,Viperidae,Crotalus,Crotalus triseriatus,,SPECIES,"Crotalus triseriatus Wagler, 1830",Crotalus triseriatus,"(Wagler, 1830)",MX,"Puerta de Huerta, Hwy 70",San luis potosi,PRESENT,1,ff90b050-c256-11db-b71b-b8a03c50a862,22.097778,-100.640556,,,1097.5,1097.5,0,0,1987-07-08T00:00:00,8,7,1987,2444358,2444358,PRESERVED_SPECIMEN,ROM,ROM,18119,,NO DISPONIBLE,,CC_BY_4_0,Comisión Nacional para el Conocimiento y Uso de la Biodiversidad (CONABIO),D. J. Morafka,,,2020-12-15T17:15:06.669Z,,COORDINATE_ROUNDED;ELEVATION_MIN_MAX_SWAPPED;TYPE_STATUS_INVALID;OCCURRENCE_STATUS_INFERRED_FROM_INDIVIDUAL_COUNT;COLLECTION_MATCH_NONE;INSTITUTION_MATCH_FUZZY
1894755401,6b39bfe3-0823-4940-b991-32f6ea95bb8b,urn:catalog:ROM:ROM:18117:06649032467b3eaf8c54ad5a53b6602f,Animalia,Chordata,Reptilia,Squamata,Viperidae,Crotalus,Crotalus triseriatus,,SPECIES,"Crotalus triseriatus Wagler, 1830",Crotalus triseriatus,"(Wagler, 1830)",MX,"Puerta de Huerta, Hwy 70",San luis potosi,PRESENT,1,ff90b050-c256-11db-b71b-b8a03c50a862,22.097778,-100.640556,,,1097.5,1097.5,0,0,1987-07-08T00:00:00,8,7,1987,2444358,2444358,PRESERVED_SPECIMEN,ROM,ROM,18117,,NO DISPONIBLE,,CC_BY_4_0,Comisión Nacional para el Conocimiento y Uso de la Biodiversidad (CONABIO),D. J. Morafka,,,2021-01-22T17:02:52.502Z,,COORDINATE_ROUNDED;ELEVATION_MIN_MAX_SWAPPED;TYPE_STATUS_INVALID;OCCURRENCE_STATUS_INFERRED_FROM_INDIVIDUAL_COUNT;COLLECTION_MATCH_NONE;INSTITUTION_MATCH_FUZZY
2629137886,63ed64cb-90b7-4ecc-b94c-3a0317742379,urn:catalog:ENCB-IPN:ENCB:14059:dea58c59b17bf77830c88d1c58ce677d,Animalia,Chordata,Reptilia,Squamata,Viperidae,Crotalus,Crotalus triseriatus,,SPECIES,"Crotalus triseriatus Wagler, 1830",Crotalus triseriatus,"(Wagler, 1830)",MX,ALVAREZ,San luis potosi,PRESENT,1,ff90b050-c256-11db-b71b-b8a03c50a862,22.0333,-100.608597,,,1166,1166,0,0,1988-10-09T00:00:00,9,10,1988,2444358,2444358,PRESERVED_SPECIMEN,ENCB-IPN,ENCB,14059,,J. C. LOPEZ V.,,CC_BY_4_0,Comisión Nacional para el Conocimiento y Uso de la Biodiversidad (CONABIO),M. Aguilar C.,,,2020-12-15T17:33:32.442Z,,COORDINATE_ROUNDED;ELEVATION_MIN_MAX_SWAPPED;TYPE_STATUS_INVALID;OCCURRENCE_STATUS_INFERRED_FROM_INDIVIDUAL_COUNT;INSTITUTION_COLLECTION_MISMATCH;DIFFERENT_OWNER_INSTITUTION
1894950136,7feba584-f762-11e1-a439-00145eb45e9a,urn:catalog:MCZ-HU:MCZ:27844-847:5b2d256854538859374acf66f9c6af28,Animalia,Chordata,Reptilia,Squamata,Viperidae,Crotalus,Crotalus triseriatus,,SPECIES,"Crotalus triseriatus Wagler, 1830",Crotalus triseriatus,"(Wagler, 1830)",MX,ALVAREZ,San luis potosi,PRESENT,4,ff90b050-c256-11db-b71b-b8a03c50a862,22.041667,-100.608333,,,0,0,0,0,,,,,2444358,2444358,PRESERVED_SPECIMEN,MCZ-HU,MCZ,27844-847,,NO DISPONIBLE,,CC_BY_4_0,Comisión Nacional para el Conocimiento y Uso de la Biodiversidad (CONABIO),NO DISPONIBLE,,,2021-01-22T17:17:30.583Z,,COORDINATE_ROUNDED;GEODETIC_DATUM_ASSUMED_WGS84;RECORDED_DATE_INVALID;TYPE_STATUS_INVALID;OCCURRENCE_STATUS_INFERRED_FROM_INDIVIDUAL_COUNT;AMBIGUOUS_COLLECTION;INSTITUTION_MATCH_NONE
1894950099,7feba584-f762-11e1-a439-00145eb45e9a,urn:catalog:MCZ-HU:MCZ:27842-847:fb0b35a410a2c5abdd54793e1c251b80,Animalia,Chordata,Reptilia,Squamata,Viperidae,Crotalus,Crotalus triseriatus,,SPECIES,"Crotalus triseriatus Wagler, 1830",Crotalus triseriatus,"(Wagler, 1830)",MX,ALVAREZ,San luis potosi,PRESENT,6,ff90b050-c256-11db-b71b-b8a03c50a862,22.041667,-100.608333,,,0,0,0,0,,,,,2444358,2444358,PRESERVED_SPECIMEN,MCZ-HU,MCZ,27842-847,,NO DISPONIBLE,,CC_BY_4_0,Comisión Nacional para el Conocimiento y Uso de la Biodiversidad (CONABIO),NO DISPONIBLE,,,2021-01-22T17:17:41.035Z,,COORDINATE_ROUNDED;GEODETIC_DATUM_ASSUMED_WGS84;RECORDED_DATE_INVALID;TYPE_STATUS_INVALID;OCCURRENCE_STATUS_INFERRED_FROM_INDIVIDUAL_COUNT;AMBIGUOUS_COLLECTION;INSTITUTION_MATCH_NONE
1894950090,7feba584-f762-11e1-a439-00145eb45e9a,urn:catalog:MCZ-HU:MCZ:27842:3d5971322bf19a12f7b669f134b7c13e,Animalia,Chordata,Reptilia,Squamata,Viperidae,Crotalus,Crotalus triseriatus,,SPECIES,"Crotalus triseriatus Wagler, 1830",Crotalus triseriatus,"(Wagler, 1830)",MX,ALVAREZ,San luis potosi,PRESENT,1,ff90b050-c256-11db-b71b-b8a03c50a862,22.041667,-100.608333,,,0,0,0,0,,,,,2444358,2444358,PRESERVED_SPECIMEN,MCZ-HU,MCZ,27842,,NO DISPONIBLE,,CC_BY_4_0,Comisión Nacional para el Conocimiento y Uso de la Biodiversidad (CONABIO),NO DISPONIBLE,,,2021-01-22T17:17:37.776Z,,COORDINATE_ROUNDED;GEODETIC_DATUM_ASSUMED_WGS84;RECORDED_DATE_INVALID;TYPE_STATUS_INVALID;OCCURRENCE_STATUS_INFERRED_FROM_INDIVIDUAL_COUNT;AMBIGUOUS_COLLECTION;INSTITUTION_MATCH_NONE
1894950086,7feba584-f762-11e1-a439-00145eb45e9a,urn:catalog:MCZ-HU:MCZ:19051-059:dcfb84b5991bf2a2040639bd60bce56c,Animalia,Chordata,Reptilia,Squamata,Viperidae,Crotalus,Crotalus triseriatus,,SPECIES,"Crotalus triseriatus Wagler, 1830",Crotalus triseriatus,"(Wagler, 1830)",MX,ALVAREZ,San luis potosi,PRESENT,9,ff90b050-c256-11db-b71b-b8a03c50a862,22.041667,-100.608333,,,0,0,0,0,,,,,2444358,2444358,PRESERVED_SPECIMEN,MCZ-HU,MCZ,19051-059,,NO DISPONIBLE,,CC_BY_4_0,Comisión Nacional para el Conocimiento y Uso de la Biodiversidad (CONABIO),NO DISPONIBLE,,,2021-01-22T17:17:36.379Z,,COORDINATE_ROUNDED;GEODETIC_DATUM_ASSUMED_WGS84;RECORDED_DATE_INVALID;TYPE_STATUS_INVALID;OCCURRENCE_STATUS_INFERRED_FROM_INDIVIDUAL_COUNT;AMBIGUOUS_COLLECTION;INSTITUTION_MATCH_NONE
1894950067,7feba584-f762-11e1-a439-00145eb45e9a,urn:catalog:MCZ-HU:MCZ:27843:b8e77dffa7aaddc413b9aa3ad1af3f67,Animalia,Chordata,Reptilia,Squamata,Viperidae,Crotalus,Crotalus triseriatus,,SPECIES,"Crotalus triseriatus Wagler, 1830",Crotalus triseriatus,"(Wagler, 1830)",MX,ALVAREZ,San luis potosi,PRESENT,1,ff90b050-c256-11db-b71b-b8a03c50a862,22.041667,-100.608333,,,0,0,0,0,,,,,2444358,2444358,PRESERVED_SPECIMEN,MCZ-HU,MCZ,27843,,NO DISPONIBLE,,CC_BY_4_0,Comisión Nacional para el Conocimiento y Uso de la Biodiversidad (CONABIO),NO DISPONIBLE,,,2021-01-22T17:17:30.263Z,,COORDINATE_ROUNDED;GEODETIC_DATUM_ASSUMED_WGS84;RECORDED_DATE_INVALID;TYPE_STATUS_INVALID;OCCURRENCE_STATUS_INFERRED_FROM_INDIVIDUAL_COUNT;AMBIGUOUS_COLLECTION;INSTITUTION_MATCH_NONE
1894950023,7feba584-f762-11e1-a439-00145eb45e9a,urn:catalog:MCZ-HU:MCZ:22916-930:60ae3bd1d26c68e62523850fc04122fe,Animalia,Chordata,Reptilia,Squamata,Viperidae,Crotalus,Crotalus triseriatus,,SPECIES,"Crotalus triseriatus Wagler, 1830",Crotalus triseriatus,"(Wagler, 1830)",MX,ALVAREZ,San luis potosi,PRESENT,15,ff90b050-c256-11db-b71b-b8a03c50a862,22.041667,-100.608333,,,0,0,0,0,,,,,2444358,2444358,PRESERVED_SPECIMEN,MCZ-HU,MCZ,22916-930,,NO DISPONIBLE,,CC_BY_4_0,Comisión Nacional para el Conocimiento y Uso de la Biodiversidad (CONABIO),NO DISPONIBLE,,,2021-01-22T17:17:38.733Z,,COORDINATE_ROUNDED;GEODETIC_DATUM_ASSUMED_WGS84;RECORDED_DATE_INVALID;TYPE_STATUS_INVALID;OCCURRENCE_STATUS_INFERRED_FROM_INDIVIDUAL_COUNT;AMBIGUOUS_COLLECTION;INSTITUTION_MATCH_NONE
1894918226,7feba584-f762-11e1-a439-00145eb45e9a,urn:catalog:SMNK:LNK:6575-577:3b4ec9b92945a4863cc6eed95fbac37e,Animalia,Chordata,Reptilia,Squamata,Viperidae,Crotalus,Crotalus triseriatus,,SPECIES,"Crotalus triseriatus Wagler, 1830",Crotalus triseriatus subsp. triseriatus,"(Wagler, 1830)",MX,ALVAREZ,San luis potosi,PRESENT,3,ff90b050-c256-11db-b71b-b8a03c50a862,22.041667,-100.608333,,,0,0,0,0,,,,,2444358,2444358,PRESERVED_SPECIMEN,SMNK,LNK,6575-577,,NO DISPONIBLE,,CC_BY_4_0,Comisión Nacional para el Conocimiento y Uso de la Biodiversidad (CONABIO),NO DISPONIBLE,,,2021-01-22T17:17:39.550Z,,COORDINATE_ROUNDED;GEODETIC_DATUM_ASSUMED_WGS84;RECORDED_DATE_INVALID;TAXON_MATCH_HIGHERRANK;TYPE_STATUS_INVALID;OCCURRENCE_STATUS_INFERRED_FROM_INDIVIDUAL_COUNT;COLLECTION_MATCH_NONE;DIFFERENT_OWNER_INSTITUTION
2630286316,6b39bfe3-0823-4940-b991-32f6ea95bb8b,urn:catalog:UAZ:UAZ:50919:e57d827d2b887cd01fa761d875153b92,Animalia,Chordata,Reptilia,Squamata,Viperidae,Crotalus,Crotalus triseriatus,,SPECIES,"Crotalus triseriatus Wagler, 1830",Crotalus triseriatus,"(Wagler, 1830)",MX,"30 mi E Sn Luis Potosí, 1/2 mi. N Älvarez",San luis potosi,PRESENT,1,ff90b050-c256-11db-b71b-b8a03c50a862,22.037222,-100.60833,,,1186,1186,0,0,1977-07-18T00:00:00,18,7,1977,2444358,2444358,PRESERVED_SPECIMEN,UAZ,UAZ,50919,,NO DISPONIBLE,,CC_BY_4_0,Comisión Nacional para el Conocimiento y Uso de la Biodiversidad (CONABIO),Stephen F. Hale,,,2021-01-22T17:02:51.707Z,,COORDINATE_ROUNDED;ELEVATION_MIN_MAX_SWAPPED;TYPE_STATUS_INVALID;OCCURRENCE_STATUS_INFERRED_FROM_INDIVIDUAL_COUNT;COLLECTION_MATCH_NONE;INSTITUTION_MATCH_FUZZY
2630286336,6b39bfe3-0823-4940-b991-32f6ea95bb8b,urn:catalog:UAZ:UAZ:42565:173cf8f92bd326e962bddb4984f10cce,Animalia,Chordata,Reptilia,Squamata,Viperidae,Crotalus,Crotalus triseriatus,,SPECIES,"Crotalus triseriatus Wagler, 1830",Crotalus triseriatus,"(Wagler, 1830)",MX,"1 mi E San Francisco, just S of Hwy 70, E San Luis Potosi",San luis potosi,PRESENT,1,ff90b050-c256-11db-b71b-b8a03c50a862,22.051666,-100.593613,,,1061.5,1061.5,0,0,1975-07-13T00:00:00,13,7,1975,2444358,2444358,PRESERVED_SPECIMEN,UAZ,UAZ,42565,,NO DISPONIBLE,,CC_BY_4_0,Comisión Nacional para el Conocimiento y Uso de la Biodiversidad (CONABIO),Stephen F. Hale; Ron Savage,,,2021-01-22T17:02:52.500Z,,COORDINATE_ROUNDED;ELEVATION_MIN_MAX_SWAPPED;TYPE_STATUS_INVALID;OCCURRENCE_STATUS_INFERRED_FROM_INDIVIDUAL_COUNT;COLLECTION_MATCH_NONE;INSTITUTION_MATCH_FUZZY
2630286314,6b39bfe3-0823-4940-b991-32f6ea95bb8b,urn:catalog:UAZ:UAZ:42566:deb79fb4bec5824e9f0ef20a2e016dd8,Animalia,Chordata,Reptilia,Squamata,Viperidae,Crotalus,Crotalus triseriatus,,SPECIES,"Crotalus triseriatus Wagler, 1830",Crotalus triseriatus,"(Wagler, 1830)",MX,"1 mi E San Francisco, just S of Hwy 70, E San Luis Potosi",San luis potosi,PRESENT,1,ff90b050-c256-11db-b71b-b8a03c50a862,22.051666,-100.593613,,,1061.5,1061.5,0,0,1975-07-15T00:00:00,15,7,1975,2444358,2444358,PRESERVED_SPECIMEN,UAZ,UAZ,42566,,NO DISPONIBLE,,CC_BY_4_0,Comisión Nacional para el Conocimiento y Uso de la Biodiversidad (CONABIO),Stephen F. Hale; Ron Savage,,,2021-01-22T17:02:51.672Z,,COORDINATE_ROUNDED;ELEVATION_MIN_MAX_SWAPPED;TYPE_STATUS_INVALID;OCCURRENCE_STATUS_INFERRED_FROM_INDIVIDUAL_COUNT;COLLECTION_MATCH_NONE;INSTITUTION_MATCH_FUZZY
2629139554,63ed64cb-90b7-4ecc-b94c-3a0317742379,urn:catalog:UAZ:UAZ:42555:d76d961e3a74a2b3bead490cb77210aa,Animalia,Chordata,Reptilia,Squamata,Viperidae,Crotalus,Crotalus triseriatus,,SPECIES,"Crotalus triseriatus Wagler, 1830",Crotalus triseriatus,"(Wagler, 1830)",MX,4.6 mi E of San Francisco,San luis potosi,PRESENT,1,ff90b050-c256-11db-b71b-b8a03c50a862,22.063055,-100.550835,,,927,927,0,0,1975-07-08T00:00:00,8,7,1975,2444358,2444358,PRESERVED_SPECIMEN,UAZ,UAZ,42555,,NO DISPONIBLE,,CC_BY_4_0,Comisión Nacional para el Conocimiento y Uso de la Biodiversidad (CONABIO),R. Savage,,,2020-12-15T17:35:11.777Z,,COORDINATE_ROUNDED;ELEVATION_MIN_MAX_SWAPPED;TYPE_STATUS_INVALID;OCCURRENCE_STATUS_INFERRED_FROM_INDIVIDUAL_COUNT;COLLECTION_MATCH_NONE;INSTITUTION_MATCH_FUZZY
2629121362,63ed64cb-90b7-4ecc-b94c-3a0317742379,urn:catalog:ENCB-IPN:ENCB:17946:8817c3353765ceb1bba44df0a4d8c688,Animalia,Chordata,Reptilia,Squamata,Viperidae,Crotalus,Crotalus triseriatus,,SPECIES,"Crotalus triseriatus Wagler, 1830",Crotalus triseriatus,"(Wagler, 1830)",MX,Mesa del Pueblo,Guanajuato,PRESENT,1,ff90b050-c256-11db-b71b-b8a03c50a862,21.343,-100.4878,,,1170,1170,0,0,2009-06-07T00:00:00,7,6,2009,2444358,2444358,PRESERVED_SPECIMEN,ENCB-IPN,ENCB,17946,,J. C. López V.; C. Elizalde A.,,CC_BY_4_0,Comisión Nacional para el Conocimiento y Uso de la Biodiversidad (CONABIO),C. Elizalde A.,,,2020-12-15T17:14:22.075Z,,COORDINATE_ROUNDED;ELEVATION_MIN_MAX_SWAPPED;TYPE_STATUS_INVALID;OCCURRENCE_STATUS_INFERRED_FROM_INDIVIDUAL_COUNT;INSTITUTION_COLLECTION_MISMATCH;DIFFERENT_OWNER_INSTITUTION
2629118091,63ed64cb-90b7-4ecc-b94c-3a0317742379,urn:catalog:ENCB-IPN:ENCB:17945:4c59b967b0efb7d16f865fcb18a061ac,Animalia,Chordata,Reptilia,Squamata,Viperidae,Crotalus,Crotalus triseriatus,,SPECIES,"Crotalus triseriatus Wagler, 1830",Crotalus triseriatus,"(Wagler, 1830)",MX,Mesa del Pueblo,Guanajuato,PRESENT,1,ff90b050-c256-11db-b71b-b8a03c50a862,21.343,-100.4878,,,1170,1170,0,0,2009-06-07T00:00:00,7,6,2009,2444358,2444358,PRESERVED_SPECIMEN,ENCB-IPN,ENCB,17945,,J. C. López V.; C. Elizalde A.,,CC_BY_4_0,Comisión Nacional para el Conocimiento y Uso de la Biodiversidad (CONABIO),C. Elizalde A.,,,2020-12-15T17:10:44.353Z,,COORDINATE_ROUNDED;ELEVATION_MIN_MAX_SWAPPED;TYPE_STATUS_INVALID;OCCURRENCE_STATUS_INFERRED_FROM_INDIVIDUAL_COUNT;INSTITUTION_COLLECTION_MISMATCH;DIFFERENT_OWNER_INSTITUTION
1894950001,7feba584-f762-11e1-a439-00145eb45e9a,urn:catalog:NO DISPONIBLE:NO DISPONIBLE:S/N:2a8d2acaeb6f1729053257513451844c,Animalia,Chordata,Reptilia,Squamata,Viperidae,Crotalus,Crotalus triseriatus,,SPECIES,"Crotalus triseriatus Wagler, 1830",Crotalus triseriatus,"(Wagler, 1830)",MX,Juriquilla,Queretaro,PRESENT,1,ff90b050-c256-11db-b71b-b8a03c50a862,20.708333,-100.458333,,,0,0,0,0,,,,,2444358,2444358,PRESERVED_SPECIMEN,NO DISPONIBLE,NO DISPONIBLE,S/N,,NO DISPONIBLE,,CC_BY_4_0,Comisión Nacional para el Conocimiento y Uso de la Biodiversidad (CONABIO),NO DISPONIBLE,,,2021-01-22T17:17:41.250Z,,COORDINATE_ROUNDED;GEODETIC_DATUM_ASSUMED_WGS84;RECORDED_DATE_INVALID;TYPE_STATUS_INVALID;OCCURRENCE_STATUS_INFERRED_FROM_INDIVIDUAL_COUNT;INSTITUTION_MATCH_NONE;COLLECTION_MATCH_NONE
1418831797,99f882de-a7c6-45bf-bb5b-d0975a50f5e6,urn:catalog:NO DISPONIBLE:NO DISPONIBLE:No DViCrtr20:2e72b63cc5cc8e8efe2586675cb12da5,Animalia,Chordata,Reptilia,Squamata,Viperidae,Crotalus,Crotalus triseriatus,,SPECIES,"Crotalus triseriatus Wagler, 1830",Crotalus triseriatus,"(Wagler, 1830)",MX,Las Comadres,San luis potosi,PRESENT,1,ff90b050-c256-11db-b71b-b8a03c50a862,22.668889,-100.413611,,,2145,95,0,0,1996-05-27T00:00:00,27,5,1996,2444358,2444358,PRESERVED_SPECIMEN,NO DISPONIBLE,NO DISPONIBLE,No DViCrtr20,,Aurelio; Xóchitl ; Ricardo J.,,CC_BY_4_0,Comisión Nacional para el Conocimiento y Uso de la Biodiversidad (CONABIO),Ricardo J.; Aurelio; Xóchitl ; Rafael Avila; Omar; Héctor; Carlos,,,2021-01-22T17:00:14.596Z,,COORDINATE_ROUNDED;GEODETIC_DATUM_ASSUMED_WGS84;TYPE_STATUS_INVALID;OCCURRENCE_STATUS_INFERRED_FROM_INDIVIDUAL_COUNT;INSTITUTION_MATCH_NONE;COLLECTION_MATCH_NONE
2629118035,63ed64cb-90b7-4ecc-b94c-3a0317742379,urn:catalog:ENCB-IPN:ENCB:2190:58c04449a0fef4499934c2abdd278bba,Animalia,Chordata,Reptilia,Squamata,Viperidae,Crotalus,Crotalus triseriatus,,SPECIES,"Crotalus triseriatus Wagler, 1830",Crotalus triseriatus subsp. triseriatus,"(Wagler, 1830)",MX,EL MAGUEY,Michoacan de ocampo,PRESENT,1,ff90b050-c256-11db-b71b-b8a03c50a862,19.4564,-100.345001,,,980,980,0,0,1944-03-13T00:00:00,13,3,1944,2444358,2444358,PRESERVED_SPECIMEN,ENCB-IPN,ENCB,2190,,T. ALVAREZ,,CC_BY_4_0,Comisión Nacional para el Conocimiento y Uso de la Biodiversidad (CONABIO),Hernández,,,2020-12-15T17:10:38.736Z,,COORDINATE_ROUNDED;TAXON_MATCH_HIGHERRANK;ELEVATION_MIN_MAX_SWAPPED;TYPE_STATUS_INVALID;OCCURRENCE_STATUS_INFERRED_FROM_INDIVIDUAL_COUNT;INSTITUTION_COLLECTION_MISMATCH;DIFFERENT_OWNER_INSTITUTION
1848784835,50c9509d-22c7-4a22-a47d-8c48425ef4a7,https://www.inaturalist.org/observations/13003673,Animalia,Chordata,Reptilia,Squamata,Viperidae,Crotalus,Crotalus triseriatus,,SPECIES,"Crotalus triseriatus Wagler, 1830",Crotalus triseriatus,,MX,,Michoacán,PRESENT,,28eb1a3f-1c15-4a95-931a-4af90ecb574d,19.715178,-100.337232,20,,,,,,2018-05-05T17:28:00,5,5,2018,2444358,2444358,HUMAN_OBSERVATION,iNaturalist,Observations,13003673,,David Ruíz Domínguez,2018-06-01T04:57:46,CC_BY_NC_4_0,David Ruíz Domínguez,David Ruíz Domínguez,,,2021-01-30T23:51:32.666Z,StillImage,COORDINATE_ROUNDED;GEODETIC_DATUM_ASSUMED_WGS84;INSTITUTION_MATCH_NONE;COLLECTION_MATCH_NONE
1894460163,8032ee3a-f762-11e1-a439-00145eb45e9a,urn:catalog:NO APLICA:NO APLICA:NO APLICA:80744883d58e765557f4a208ea7d0c02,Animalia,Chordata,Reptilia,Squamata,Viperidae,Crotalus,Crotalus triseriatus,,SPECIES,"Crotalus triseriatus Wagler, 1830",Crotalus triseriatus,"(Wagler, 1830)",MX,La Peña del Tigre,Michoacan de ocampo,PRESENT,1,ff90b050-c256-11db-b71b-b8a03c50a862,19.550333,-100.333917,,,1200,1200,0,0,2005-06-28T00:00:00,28,6,2005,2444358,2444358,HUMAN_OBSERVATION,NO APLICA,NO APLICA,NO APLICA,,NO DISPONIBLE,,CC_BY_4_0,Comisión Nacional para el Conocimiento y Uso de la Biodiversidad (CONABIO),I. Bautista; F. Soberón; E. Morales; J. García,,,2021-01-22T17:17:01.410Z,,COORDINATE_ROUNDED;GEODETIC_DATUM_ASSUMED_WGS84;ELEVATION_MIN_MAX_SWAPPED;TYPE_STATUS_INVALID;OCCURRENCE_STATUS_INFERRED_FROM_INDIVIDUAL_COUNT;INSTITUTION_MATCH_NONE;COLLECTION_MATCH_NONE
1894460139,8032ee3a-f762-11e1-a439-00145eb45e9a,urn:catalog:NO APLICA:NO APLICA:NO APLICA:4490699ba706ecaebfdcd5046b57263e,Animalia,Chordata,Reptilia,Squamata,Viperidae,Crotalus,Crotalus triseriatus,,SPECIES,"Crotalus triseriatus Wagler, 1830",Crotalus triseriatus,"(Wagler, 1830)",MX,El Cerro Media Luna,Michoacan de ocampo,PRESENT,1,ff90b050-c256-11db-b71b-b8a03c50a862,19.547361,-100.333472,,,1190,1190,0,0,2005-06-28T00:00:00,28,6,2005,2444358,2444358,HUMAN_OBSERVATION,NO APLICA,NO APLICA,NO APLICA,,NO DISPONIBLE,,CC_BY_4_0,Comisión Nacional para el Conocimiento y Uso de la Biodiversidad (CONABIO),I. Bautista; F. Soberón; E. Morales; J. García,,,2021-01-22T17:17:01.512Z,,COORDINATE_ROUNDED;GEODETIC_DATUM_ASSUMED_WGS84;ELEVATION_MIN_MAX_SWAPPED;TYPE_STATUS_INVALID;OCCURRENCE_STATUS_INFERRED_FROM_INDIVIDUAL_COUNT;INSTITUTION_MATCH_NONE;COLLECTION_MATCH_NONE
1894460171,8032ee3a-f762-11e1-a439-00145eb45e9a,urn:catalog:NO APLICA:NO APLICA:NO APLICA:fb709c93ca0706a7c2333c1470eada00,Animalia,Chordata,Reptilia,Squamata,Viperidae,Crotalus,Crotalus triseriatus,,SPECIES,"Crotalus triseriatus Wagler, 1830",Crotalus triseriatus,"(Wagler, 1830)",MX,El Escobal,Michoacan de ocampo,PRESENT,1,ff90b050-c256-11db-b71b-b8a03c50a862,19.543194,-100.324639,,,1375.5,1375.5,0,0,2005-06-27T00:00:00,27,6,2005,2444358,2444358,HUMAN_OBSERVATION,NO APLICA,NO APLICA,NO APLICA,,NO DISPONIBLE,,CC_BY_4_0,Comisión Nacional para el Conocimiento y Uso de la Biodiversidad (CONABIO),I. Bautista; F. Soberón; E. Morales; J. García,,,2021-01-22T17:17:01.064Z,,COORDINATE_ROUNDED;GEODETIC_DATUM_ASSUMED_WGS84;ELEVATION_MIN_MAX_SWAPPED;TYPE_STATUS_INVALID;OCCURRENCE_STATUS_INFERRED_FROM_INDIVIDUAL_COUNT;INSTITUTION_MATCH_NONE;COLLECTION_MATCH_NONE
1894460064,8032ee3a-f762-11e1-a439-00145eb45e9a,urn:catalog:NO APLICA:NO APLICA:NO APLICA:d2bb99466e63310fac055d0cec207133,Animalia,Chordata,Reptilia,Squamata,Viperidae,Crotalus,Crotalus triseriatus,,SPECIES,"Crotalus triseriatus Wagler, 1830",Crotalus triseriatus,"(Wagler, 1830)",MX,El Escobal,Michoacan de ocampo,PRESENT,1,ff90b050-c256-11db-b71b-b8a03c50a862,19.543139,-100.323694,,,1370.5,1370.5,0,0,2005-06-27T00:00:00,27,6,2005,2444358,2444358,HUMAN_OBSERVATION,NO APLICA,NO APLICA,NO APLICA,,NO DISPONIBLE,,CC_BY_4_0,Comisión Nacional para el Conocimiento y Uso de la Biodiversidad (CONABIO),I. Bautista; F. Soberón; E. Morales; J. García,,,2021-01-22T17:17:00.987Z,,COORDINATE_ROUNDED;GEODETIC_DATUM_ASSUMED_WGS84;ELEVATION_MIN_MAX_SWAPPED;TYPE_STATUS_INVALID;OCCURRENCE_STATUS_INFERRED_FROM_INDIVIDUAL_COUNT;INSTITUTION_MATCH_NONE;COLLECTION_MATCH_NONE
1894460103,8032ee3a-f762-11e1-a439-00145eb45e9a,urn:catalog:NO APLICA:NO APLICA:NO APLICA:6a00eed5abee9d1ed655c269af2de8c6,Animalia,Chordata,Reptilia,Squamata,Viperidae,Crotalus,Crotalus triseriatus,,SPECIES,"Crotalus triseriatus Wagler, 1830",Crotalus triseriatus,"(Wagler, 1830)",MX,El Escobal,Michoacan de ocampo,PRESENT,1,ff90b050-c256-11db-b71b-b8a03c50a862,19.543472,-100.323417,,,1370,1370,0,0,2005-05-23T00:00:00,23,5,2005,2444358,2444358,HUMAN_OBSERVATION,NO APLICA,NO APLICA,NO APLICA,,NO DISPONIBLE,,CC_BY_4_0,Comisión Nacional para el Conocimiento y Uso de la Biodiversidad (CONABIO),I. Bautista; F. Soberón; E. Morales; J. García,,,2021-01-22T17:17:01.286Z,,COORDINATE_ROUNDED;GEODETIC_DATUM_ASSUMED_WGS84;ELEVATION_MIN_MAX_SWAPPED;TYPE_STATUS_INVALID;OCCURRENCE_STATUS_INFERRED_FROM_INDIVIDUAL_COUNT;INSTITUTION_MATCH_NONE;COLLECTION_MATCH_NONE
1894460084,8032ee3a-f762-11e1-a439-00145eb45e9a,urn:catalog:NO APLICA:NO APLICA:NO APLICA:483e70f4b80af514115826ff8ecc9ba0,Animalia,Chordata,Reptilia,Squamata,Viperidae,Crotalus,Crotalus triseriatus,,SPECIES,"Crotalus triseriatus Wagler, 1830",Crotalus triseriatus,"(Wagler, 1830)",MX,El Escobal,Michoacan de ocampo,PRESENT,1,ff90b050-c256-11db-b71b-b8a03c50a862,19.543472,-100.323417,,,1370,1370,0,0,2005-05-23T00:00:00,23,5,2005,2444358,2444358,HUMAN_OBSERVATION,NO APLICA,NO APLICA,NO APLICA,,NO DISPONIBLE,,CC_BY_4_0,Comisión Nacional para el Conocimiento y Uso de la Biodiversidad (CONABIO),I. Bautista; F. Soberón; E. Morales; J. García,,,2021-01-22T17:17:01.270Z,,COORDINATE_ROUNDED;GEODETIC_DATUM_ASSUMED_WGS84;ELEVATION_MIN_MAX_SWAPPED;TYPE_STATUS_INVALID;OCCURRENCE_STATUS_INFERRED_FROM_INDIVIDUAL_COUNT;INSTITUTION_MATCH_NONE;COLLECTION_MATCH_NONE
1894460095,8032ee3a-f762-11e1-a439-00145eb45e9a,urn:catalog:NO APLICA:NO APLICA:NO APLICA:4b9ccf035a16431caa17b6feecd70f1e,Animalia,Chordata,Reptilia,Squamata,Viperidae,Crotalus,Crotalus triseriatus,,SPECIES,"Crotalus triseriatus Wagler, 1830",Crotalus triseriatus,"(Wagler, 1830)",MX,El Llano,Michoacan de ocampo,PRESENT,1,ff90b050-c256-11db-b71b-b8a03c50a862,19.544472,-100.321444,,,1265,1265,0,0,2005-06-27T00:00:00,27,6,2005,2444358,2444358,HUMAN_OBSERVATION,NO APLICA,NO APLICA,NO APLICA,,NO DISPONIBLE,,CC_BY_4_0,Comisión Nacional para el Conocimiento y Uso de la Biodiversidad (CONABIO),I. Bautista; F. Soberón; E. Morales; J. García,,,2021-01-22T17:17:01.243Z,,COORDINATE_ROUNDED;GEODETIC_DATUM_ASSUMED_WGS84;ELEVATION_MIN_MAX_SWAPPED;TYPE_STATUS_INVALID;OCCURRENCE_STATUS_INFERRED_FROM_INDIVIDUAL_COUNT;INSTITUTION_MATCH_NONE;COLLECTION_MATCH_NONE
1894460110,8032ee3a-f762-11e1-a439-00145eb45e9a,urn:catalog:NO APLICA:NO APLICA:NO APLICA:bd0f59eaf13ae266040c93c278c08d66,Animalia,Chordata,Reptilia,Squamata,Viperidae,Crotalus,Crotalus triseriatus,,SPECIES,"Crotalus triseriatus Wagler, 1830",Crotalus triseriatus,"(Wagler, 1830)",MX,El Voladero Chiquito,Michoacan de ocampo,PRESENT,1,ff90b050-c256-11db-b71b-b8a03c50a862,19.504389,-100.321417,,,1160,1160,0,0,2005-06-24T00:00:00,24,6,2005,2444358,2444358,HUMAN_OBSERVATION,NO APLICA,NO APLICA,NO APLICA,,NO DISPONIBLE,,CC_BY_4_0,Comisión Nacional para el Conocimiento y Uso de la Biodiversidad (CONABIO),I. Bautista; F. Soberón; E. Morales; M. Cruz; E. Ramírez,,,2021-01-22T17:17:00.993Z,,COORDINATE_ROUNDED;GEODETIC_DATUM_ASSUMED_WGS84;ELEVATION_MIN_MAX_SWAPPED;TYPE_STATUS_INVALID;OCCURRENCE_STATUS_INFERRED_FROM_INDIVIDUAL_COUNT;INSTITUTION_MATCH_NONE;COLLECTION_MATCH_NONE
1894460120,8032ee3a-f762-11e1-a439-00145eb45e9a,urn:catalog:NO APLICA:NO APLICA:NO APLICA:5e7b82c3037e2edee9150e309ac5d899,Animalia,Chordata,Reptilia,Squamata,Viperidae,Crotalus,Crotalus triseriatus,,SPECIES,"Crotalus triseriatus Wagler, 1830",Crotalus triseriatus,"(Wagler, 1830)",MX,El Tanque de Cofradía,Michoacan de ocampo,PRESENT,1,ff90b050-c256-11db-b71b-b8a03c50a862,19.544472,-100.321222,,,1167,1167,0,0,2005-06-27T00:00:00,27,6,2005,2444358,2444358,HUMAN_OBSERVATION,NO APLICA,NO APLICA,NO APLICA,,NO DISPONIBLE,,CC_BY_4_0,Comisión Nacional para el Conocimiento y Uso de la Biodiversidad (CONABIO),I. Bautista; F. Soberón; E. Morales; J. García,,,2021-01-22T17:17:01.241Z,,COORDINATE_ROUNDED;GEODETIC_DATUM_ASSUMED_WGS84;ELEVATION_MIN_MAX_SWAPPED;TYPE_STATUS_INVALID;OCCURRENCE_STATUS_INFERRED_FROM_INDIVIDUAL_COUNT;INSTITUTION_MATCH_NONE;COLLECTION_MATCH_NONE
1894460098,8032ee3a-f762-11e1-a439-00145eb45e9a,urn:catalog:NO APLICA:NO APLICA:NO APLICA:0a85c6dd0c761eb6fbcfec95157fc393,Animalia,Chordata,Reptilia,Squamata,Viperidae,Crotalus,Crotalus triseriatus,,SPECIES,"Crotalus triseriatus Wagler, 1830",Crotalus triseriatus,"(Wagler, 1830)",MX,La Cruz de Cantera,Michoacan de ocampo,PRESENT,1,ff90b050-c256-11db-b71b-b8a03c50a862,19.509194,-100.317889,,,1275,1275,0,0,2005-06-24T00:00:00,24,6,2005,2444358,2444358,HUMAN_OBSERVATION,NO APLICA,NO APLICA,NO APLICA,,NO DISPONIBLE,,CC_BY_4_0,Comisión Nacional para el Conocimiento y Uso de la Biodiversidad (CONABIO),I. Bautista; F. Soberón; E. Morales; M. Cruz; E. Ramírez,,,2021-01-22T17:17:01.506Z,,COORDINATE_ROUNDED;GEODETIC_DATUM_ASSUMED_WGS84;ELEVATION_MIN_MAX_SWAPPED;TYPE_STATUS_INVALID;OCCURRENCE_STATUS_INFERRED_FROM_INDIVIDUAL_COUNT;INSTITUTION_MATCH_NONE;COLLECTION_MATCH_NONE
1894460138,8032ee3a-f762-11e1-a439-00145eb45e9a,urn:catalog:NO APLICA:NO APLICA:NO APLICA:e7c8bffd0fd04291764ff6770d10376e,Animalia,Chordata,Reptilia,Squamata,Viperidae,Crotalus,Crotalus triseriatus,,SPECIES,"Crotalus triseriatus Wagler, 1830",Crotalus triseriatus,"(Wagler, 1830)",MX,Camomi San Cayetano,Michoacan de ocampo,PRESENT,1,ff90b050-c256-11db-b71b-b8a03c50a862,19.511333,-100.316694,,,1350,1350,0,0,2005-06-29T00:00:00,29,6,2005,2444358,2444358,HUMAN_OBSERVATION,NO APLICA,NO APLICA,NO APLICA,,NO DISPONIBLE,,CC_BY_4_0,Comisión Nacional para el Conocimiento y Uso de la Biodiversidad (CONABIO),I. Bautista; F. Soberón; E. Morales; R. Sánchez,,,2021-01-22T17:17:01.365Z,,COORDINATE_ROUNDED;GEODETIC_DATUM_ASSUMED_WGS84;ELEVATION_MIN_MAX_SWAPPED;TYPE_STATUS_INVALID;OCCURRENCE_STATUS_INFERRED_FROM_INDIVIDUAL_COUNT;INSTITUTION_MATCH_NONE;COLLECTION_MATCH_NONE
1453396375,50c9509d-22c7-4a22-a47d-8c48425ef4a7,http://conabio.inaturalist.org/observations/5043247,Animalia,Chordata,Reptilia,Squamata,Viperidae,Crotalus,Crotalus triseriatus,,SPECIES,"Crotalus triseriatus Wagler, 1830",Crotalus triseriatus,,MX,,Michoacán,PRESENT,,28eb1a3f-1c15-4a95-931a-4af90ecb574d,19.681707,-100.306549,488,,,,,,2016-11-08T12:46:00,8,11,2016,2444358,2444358,HUMAN_OBSERVATION,iNaturalist,Observations,5043247,,Jorge Armín Escalante Pasos,2017-02-02T18:49:36,CC_BY_NC_4_0,Reserva de la Biosfera Mariposa Monarca,Reserva de la Biosfera Mariposa Monarca,,,2021-01-30T23:49:32.741Z,StillImage,COORDINATE_ROUNDED;GEODETIC_DATUM_ASSUMED_WGS84;INSTITUTION_MATCH_NONE;COLLECTION_MATCH_NONE
1894460043,8032ee3a-f762-11e1-a439-00145eb45e9a,urn:catalog:NO APLICA:NO APLICA:NO APLICA:b5cac9f8425cf3262b80b40a407c4215,Animalia,Chordata,Reptilia,Squamata,Viperidae,Crotalus,Crotalus triseriatus,,SPECIES,"Crotalus triseriatus Wagler, 1830",Crotalus triseriatus,"(Wagler, 1830)",MX,Chivati-Huacal,Michoacan de ocampo,PRESENT,1,ff90b050-c256-11db-b71b-b8a03c50a862,19.539583,-100.302056,,,1468,1468,0,0,2005-04-07T00:00:00,7,4,2005,2444358,2444358,HUMAN_OBSERVATION,NO APLICA,NO APLICA,NO APLICA,,NO DISPONIBLE,,CC_BY_4_0,Comisión Nacional para el Conocimiento y Uso de la Biodiversidad (CONABIO),I. Bautista; F. Soberón; E. Morales; M. Cruz; E. Ramírez,,,2021-01-22T17:17:01.113Z,,COORDINATE_ROUNDED;GEODETIC_DATUM_ASSUMED_WGS84;ELEVATION_MIN_MAX_SWAPPED;TYPE_STATUS_INVALID;OCCURRENCE_STATUS_INFERRED_FROM_INDIVIDUAL_COUNT;INSTITUTION_MATCH_NONE;COLLECTION_MATCH_NONE
1894460079,8032ee3a-f762-11e1-a439-00145eb45e9a,urn:catalog:NO APLICA:NO APLICA:NO APLICA:96fbfd1738c02ef130c2688d68c0acf1,Animalia,Chordata,Reptilia,Squamata,Viperidae,Crotalus,Crotalus triseriatus,,SPECIES,"Crotalus triseriatus Wagler, 1830",Crotalus triseriatus,"(Wagler, 1830)",MX,El Cerro del Gavilán,Michoacan de ocampo,PRESENT,1,ff90b050-c256-11db-b71b-b8a03c50a862,19.506194,-100.30175,,,1256,1256,0,0,2005-05-20T00:00:00,20,5,2005,2444358,2444358,HUMAN_OBSERVATION,NO APLICA,NO APLICA,NO APLICA,,NO DISPONIBLE,,CC_BY_4_0,Comisión Nacional para el Conocimiento y Uso de la Biodiversidad (CONABIO),I. Bautista; F. Soberón; E. Morales; M. Cruz; E. Ramírez,,,2021-01-22T17:17:01.080Z,,COORDINATE_ROUNDED;GEODETIC_DATUM_ASSUMED_WGS84;ELEVATION_MIN_MAX_SWAPPED;TYPE_STATUS_INVALID;OCCURRENCE_STATUS_INFERRED_FROM_INDIVIDUAL_COUNT;INSTITUTION_MATCH_NONE;COLLECTION_MATCH_NONE
1894460150,8032ee3a-f762-11e1-a439-00145eb45e9a,urn:catalog:NO APLICA:NO APLICA:NO APLICA:2297f7ed63f3ab758405272adf98f33d,Animalia,Chordata,Reptilia,Squamata,Viperidae,Crotalus,Crotalus triseriatus,,SPECIES,"Crotalus triseriatus Wagler, 1830",Crotalus triseriatus,"(Wagler, 1830)",MX,El Llano Chico,Michoacan de ocampo,PRESENT,1,ff90b050-c256-11db-b71b-b8a03c50a862,19.538056,-100.288056,,,1443.5,1443.5,0,0,2005-06-23T00:00:00,23,6,2005,2444358,2444358,HUMAN_OBSERVATION,NO APLICA,NO APLICA,NO APLICA,,NO DISPONIBLE,,CC_BY_4_0,Comisión Nacional para el Conocimiento y Uso de la Biodiversidad (CONABIO),E. Sánchez; R. López,,,2021-01-22T17:17:01.391Z,,COORDINATE_ROUNDED;GEODETIC_DATUM_ASSUMED_WGS84;ELEVATION_MIN_MAX_SWAPPED;TYPE_STATUS_INVALID;OCCURRENCE_STATUS_INFERRED_FROM_INDIVIDUAL_COUNT;INSTITUTION_MATCH_NONE;COLLECTION_MATCH_NONE
1894460070,8032ee3a-f762-11e1-a439-00145eb45e9a,urn:catalog:NO APLICA:NO APLICA:NO APLICA:1be4faace8e935c0d5bcf11ee1b86ae5,Animalia,Chordata,Reptilia,Squamata,Viperidae,Crotalus,Crotalus triseriatus,,SPECIES,"Crotalus triseriatus Wagler, 1830",Crotalus triseriatus,"(Wagler, 1830)",MX,La Mojonera,Michoacan de ocampo,PRESENT,1,ff90b050-c256-11db-b71b-b8a03c50a862,19.522556,-100.287583,,,1290,1290,0,0,2005-06-26T00:00:00,26,6,2005,2444358,2444358,HUMAN_OBSERVATION,NO APLICA,NO APLICA,NO APLICA,,NO DISPONIBLE,,CC_BY_4_0,Comisión Nacional para el Conocimiento y Uso de la Biodiversidad (CONABIO),I. Bautista; F. Soberón; J. Sánchez; E. Morales,,,2021-01-22T17:17:01.350Z,,COORDINATE_ROUNDED;GEODETIC_DATUM_ASSUMED_WGS84;ELEVATION_MIN_MAX_SWAPPED;TYPE_STATUS_INVALID;OCCURRENCE_STATUS_INFERRED_FROM_INDIVIDUAL_COUNT;INSTITUTION_MATCH_NONE;COLLECTION_MATCH_NONE
1894460102,8032ee3a-f762-11e1-a439-00145eb45e9a,urn:catalog:NO APLICA:NO APLICA:NO APLICA:d87fdfab64024331675af180edf7e365,Animalia,Chordata,Reptilia,Squamata,Viperidae,Crotalus,Crotalus triseriatus,,SPECIES,"Crotalus triseriatus Wagler, 1830",Crotalus triseriatus,"(Wagler, 1830)",MX,El Llano Chico,Michoacan de ocampo,PRESENT,1,ff90b050-c256-11db-b71b-b8a03c50a862,19.537972,-100.287444,,,1447.5,1447.5,0,0,2005-05-19T00:00:00,19,5,2005,2444358,2444358,HUMAN_OBSERVATION,NO APLICA,NO APLICA,NO APLICA,,NO DISPONIBLE,,CC_BY_4_0,Comisión Nacional para el Conocimiento y Uso de la Biodiversidad (CONABIO),E. Sánchez; R. López,,,2021-01-22T17:17:01.500Z,,COORDINATE_ROUNDED;GEODETIC_DATUM_ASSUMED_WGS84;ELEVATION_MIN_MAX_SWAPPED;TYPE_STATUS_INVALID;OCCURRENCE_STATUS_INFERRED_FROM_INDIVIDUAL_COUNT;INSTITUTION_MATCH_NONE;COLLECTION_MATCH_NONE
1894460113,8032ee3a-f762-11e1-a439-00145eb45e9a,urn:catalog:NO APLICA:NO APLICA:NO APLICA:9717c08dee775543d102923a4f0c44f0,Animalia,Chordata,Reptilia,Squamata,Viperidae,Crotalus,Crotalus triseriatus,,SPECIES,"Crotalus triseriatus Wagler, 1830",Crotalus triseriatus,"(Wagler, 1830)",MX,La Cruz,Michoacan de ocampo,PRESENT,1,ff90b050-c256-11db-b71b-b8a03c50a862,19.5425,-100.285611,,,1449,1449,0,0,2005-05-19T00:00:00,19,5,2005,2444358,2444358,HUMAN_OBSERVATION,NO APLICA,NO APLICA,NO APLICA,,NO DISPONIBLE,,CC_BY_4_0,Comisión Nacional para el Conocimiento y Uso de la Biodiversidad (CONABIO),E. Sánchez; R. López,,,2021-01-22T17:17:01.492Z,,COORDINATE_ROUNDED;GEODETIC_DATUM_ASSUMED_WGS84;ELEVATION_MIN_MAX_SWAPPED;TYPE_STATUS_INVALID;OCCURRENCE_STATUS_INFERRED_FROM_INDIVIDUAL_COUNT;INSTITUTION_MATCH_NONE;COLLECTION_MATCH_NONE
1894460078,8032ee3a-f762-11e1-a439-00145eb45e9a,urn:catalog:NO APLICA:NO APLICA:NO APLICA:0cd726548d65d23524b0ee2e43934a47,Animalia,Chordata,Reptilia,Squamata,Viperidae,Crotalus,Crotalus triseriatus,,SPECIES,"Crotalus triseriatus Wagler, 1830",Crotalus triseriatus,"(Wagler, 1830)",MX,El Llano Grande,Michoacan de ocampo,PRESENT,1,ff90b050-c256-11db-b71b-b8a03c50a862,19.536722,-100.280194,,,1450,1450,0,0,2005-05-19T00:00:00,19,5,2005,2444358,2444358,HUMAN_OBSERVATION,NO APLICA,NO APLICA,NO APLICA,,NO DISPONIBLE,,CC_BY_4_0,Comisión Nacional para el Conocimiento y Uso de la Biodiversidad (CONABIO),E. Sánchez; R. López,,,2021-01-22T17:17:01.498Z,,COORDINATE_ROUNDED;GEODETIC_DATUM_ASSUMED_WGS84;ELEVATION_MIN_MAX_SWAPPED;TYPE_STATUS_INVALID;OCCURRENCE_STATUS_INFERRED_FROM_INDIVIDUAL_COUNT;INSTITUTION_MATCH_NONE;COLLECTION_MATCH_NONE
1894460134,8032ee3a-f762-11e1-a439-00145eb45e9a,urn:catalog:NO APLICA:NO APLICA:NO APLICA:1ccadec14c931be20750d38b7c9413dc,Animalia,Chordata,Reptilia,Squamata,Viperidae,Crotalus,Crotalus triseriatus,,SPECIES,"Crotalus triseriatus Wagler, 1830",Crotalus triseriatus,"(Wagler, 1830)",MX,Colindancia agostadero,Michoacan de ocampo,PRESENT,1,ff90b050-c256-11db-b71b-b8a03c50a862,19.540833,-100.271667,,,1435,1435,0,0,2005-05-19T00:00:00,19,5,2005,2444358,2444358,HUMAN_OBSERVATION,NO APLICA,NO APLICA,NO APLICA,,NO DISPONIBLE,,CC_BY_4_0,Comisión Nacional para el Conocimiento y Uso de la Biodiversidad (CONABIO),E. Sánchez; R. López,,,2021-01-22T17:17:01.491Z,,COORDINATE_ROUNDED;GEODETIC_DATUM_ASSUMED_WGS84;ELEVATION_MIN_MAX_SWAPPED;TYPE_STATUS_INVALID;OCCURRENCE_STATUS_INFERRED_FROM_INDIVIDUAL_COUNT;INSTITUTION_MATCH_NONE;COLLECTION_MATCH_NONE
1894460107,8032ee3a-f762-11e1-a439-00145eb45e9a,urn:catalog:NO APLICA:NO APLICA:NO APLICA:06c15b48c8aba35197bc4b4025cffde2,Animalia,Chordata,Reptilia,Squamata,Viperidae,Crotalus,Crotalus triseriatus,,SPECIES,"Crotalus triseriatus Wagler, 1830",Crotalus triseriatus,"(Wagler, 1830)",MX,El Agostadero,Michoacan de ocampo,PRESENT,1,ff90b050-c256-11db-b71b-b8a03c50a862,19.542722,-100.269028,,,1445,1445,0,0,2005-05-18T00:00:00,18,5,2005,2444358,2444358,HUMAN_OBSERVATION,NO APLICA,NO APLICA,NO APLICA,,NO DISPONIBLE,,CC_BY_4_0,Comisión Nacional para el Conocimiento y Uso de la Biodiversidad (CONABIO),E. Sánchez; I. del Pueyo; R. López ; A. González; H.  González,,,2021-01-22T17:17:01.369Z,,COORDINATE_ROUNDED;GEODETIC_DATUM_ASSUMED_WGS84;ELEVATION_MIN_MAX_SWAPPED;TYPE_STATUS_INVALID;OCCURRENCE_STATUS_INFERRED_FROM_INDIVIDUAL_COUNT;INSTITUTION_MATCH_NONE;COLLECTION_MATCH_NONE
1894460099,8032ee3a-f762-11e1-a439-00145eb45e9a,urn:catalog:NO APLICA:NO APLICA:NO APLICA:22e78bb44b3b0358019d2851f82d8a6f,Animalia,Chordata,Reptilia,Squamata,Viperidae,Crotalus,Crotalus triseriatus,,SPECIES,"Crotalus triseriatus Wagler, 1830",Crotalus triseriatus,"(Wagler, 1830)",MX,El Agostadero,Michoacan de ocampo,PRESENT,1,ff90b050-c256-11db-b71b-b8a03c50a862,19.541972,-100.267389,,,1456.5,1456.5,0,0,2005-04-06T00:00:00,6,4,2005,2444358,2444358,HUMAN_OBSERVATION,NO APLICA,NO APLICA,NO APLICA,,NO DISPONIBLE,,CC_BY_4_0,Comisión Nacional para el Conocimiento y Uso de la Biodiversidad (CONABIO),E. Sánchez; R. López,,,2021-01-22T17:17:01.460Z,,COORDINATE_ROUNDED;GEODETIC_DATUM_ASSUMED_WGS84;ELEVATION_MIN_MAX_SWAPPED;TYPE_STATUS_INVALID;OCCURRENCE_STATUS_INFERRED_FROM_INDIVIDUAL_COUNT;INSTITUTION_MATCH_NONE;COLLECTION_MATCH_NONE
2856552423,50c9509d-22c7-4a22-a47d-8c48425ef4a7,https://www.inaturalist.org/observations/51613247,Animalia,Chordata,Reptilia,Squamata,Viperidae,Crotalus,Crotalus triseriatus,,SPECIES,"Crotalus triseriatus Wagler, 1830",Crotalus triseriatus,,MX,,Michoacán,PRESENT,,28eb1a3f-1c15-4a95-931a-4af90ecb574d,19.518853,-100.265855,488,,,,,,2009-06-10T00:00:00,10,6,2009,2444358,2444358,HUMAN_OBSERVATION,iNaturalist,Observations,51613247,,Iván Trinidad Ahumada Carrillo,,CC_BY_NC_4_0,jose_garcia_lopez,jose_garcia_lopez,,,2021-01-30T23:50:34.587Z,StillImage,COORDINATE_ROUNDED;GEODETIC_DATUM_ASSUMED_WGS84;INSTITUTION_MATCH_NONE;COLLECTION_MATCH_NONE
1894460104,8032ee3a-f762-11e1-a439-00145eb45e9a,urn:catalog:NO APLICA:NO APLICA:NO APLICA:730f1b2521d29357d958ddbd276bb629,Animalia,Chordata,Reptilia,Squamata,Viperidae,Crotalus,Crotalus triseriatus,,SPECIES,"Crotalus triseriatus Wagler, 1830",Crotalus triseriatus,"(Wagler, 1830)",MX,La Peña,Michoacan de ocampo,PRESENT,1,ff90b050-c256-11db-b71b-b8a03c50a862,19.534444,-100.261972,,,1416,1416,0,0,2005-04-16T00:00:00,16,4,2005,2444358,2444358,HUMAN_OBSERVATION,NO APLICA,NO APLICA,NO APLICA,,NO DISPONIBLE,,CC_BY_4_0,Comisión Nacional para el Conocimiento y Uso de la Biodiversidad (CONABIO),E. Sánchez; I. del Pueyo; R. López ; A. González; H.  González,,,2021-01-22T17:17:01.260Z,,COORDINATE_ROUNDED;GEODETIC_DATUM_ASSUMED_WGS84;ELEVATION_MIN_MAX_SWAPPED;TYPE_STATUS_INVALID;OCCURRENCE_STATUS_INFERRED_FROM_INDIVIDUAL_COUNT;INSTITUTION_MATCH_NONE;COLLECTION_MATCH_NONE
1894460147,8032ee3a-f762-11e1-a439-00145eb45e9a,urn:catalog:NO APLICA:NO APLICA:NO APLICA:1ee498e9dde9be7dd3b83058c8fb8826,Animalia,Chordata,Reptilia,Squamata,Viperidae,Crotalus,Crotalus triseriatus,,SPECIES,"Crotalus triseriatus Wagler, 1830",Crotalus triseriatus,"(Wagler, 1830)",MX,Madroño,Michoacan de ocampo,PRESENT,1,ff90b050-c256-11db-b71b-b8a03c50a862,19.515361,-100.258778,,,1303,1303,0,0,2004-08-26T00:00:00,26,8,2004,2444358,2444358,HUMAN_OBSERVATION,NO APLICA,NO APLICA,NO APLICA,,NO DISPONIBLE,,CC_BY_4_0,Comisión Nacional para el Conocimiento y Uso de la Biodiversidad (CONABIO),E. Sánchez; I. del Pueyo; R. López ; A. González; H.  González,,,2021-01-22T17:17:01.120Z,,COORDINATE_ROUNDED;GEODETIC_DATUM_ASSUMED_WGS84;ELEVATION_MIN_MAX_SWAPPED;TYPE_STATUS_INVALID;OCCURRENCE_STATUS_INFERRED_FROM_INDIVIDUAL_COUNT;INSTITUTION_MATCH_NONE;COLLECTION_MATCH_NONE
1894460129,8032ee3a-f762-11e1-a439-00145eb45e9a,urn:catalog:NO APLICA:NO APLICA:NO APLICA:a7ffb86eb99d0d174965b900e33922a7,Animalia,Chordata,Reptilia,Squamata,Viperidae,Crotalus,Crotalus triseriatus,,SPECIES,"Crotalus triseriatus Wagler, 1830",Crotalus triseriatus,"(Wagler, 1830)",MX,Gallinero Cañada Sur,Michoacan de ocampo,PRESENT,1,ff90b050-c256-11db-b71b-b8a03c50a862,19.525167,-100.253806,,,1367.5,1367.5,0,0,2005-05-17T00:00:00,17,5,2005,2444358,2444358,HUMAN_OBSERVATION,NO APLICA,NO APLICA,NO APLICA,,NO DISPONIBLE,,CC_BY_4_0,Comisión Nacional para el Conocimiento y Uso de la Biodiversidad (CONABIO),E. Sánchez; I. del Pueyo; R. López ; A. González; H.  González,,,2021-01-22T17:17:01.090Z,,COORDINATE_ROUNDED;GEODETIC_DATUM_ASSUMED_WGS84;ELEVATION_MIN_MAX_SWAPPED;TYPE_STATUS_INVALID;OCCURRENCE_STATUS_INFERRED_FROM_INDIVIDUAL_COUNT;INSTITUTION_MATCH_NONE;COLLECTION_MATCH_NONE
1894460066,8032ee3a-f762-11e1-a439-00145eb45e9a,urn:catalog:NO APLICA:NO APLICA:NO APLICA:6a6404678ae78813af51b7d913870baa,Animalia,Chordata,Reptilia,Squamata,Viperidae,Crotalus,Crotalus triseriatus,,SPECIES,"Crotalus triseriatus Wagler, 1830",Crotalus triseriatus,"(Wagler, 1830)",MX,Los Gallineros,Michoacan de ocampo,PRESENT,1,ff90b050-c256-11db-b71b-b8a03c50a862,19.548,-100.252556,,,1406,1406,0,0,2005-04-06T00:00:00,6,4,2005,2444358,2444358,HUMAN_OBSERVATION,NO APLICA,NO APLICA,NO APLICA,,NO DISPONIBLE,,CC_BY_4_0,Comisión Nacional para el Conocimiento y Uso de la Biodiversidad (CONABIO),E. Sánchez; I. del Pueyo; R. López ; A. González; H.  González,,,2021-01-22T17:17:01.393Z,,COORDINATE_ROUNDED;GEODETIC_DATUM_ASSUMED_WGS84;ELEVATION_MIN_MAX_SWAPPED;TYPE_STATUS_INVALID;OCCURRENCE_STATUS_INFERRED_FROM_INDIVIDUAL_COUNT;INSTITUTION_MATCH_NONE;COLLECTION_MATCH_NONE
1894460091,8032ee3a-f762-11e1-a439-00145eb45e9a,urn:catalog:NO APLICA:NO APLICA:NO APLICA:3798943d581b149cf778514027b0012c,Animalia,Chordata,Reptilia,Squamata,Viperidae,Crotalus,Crotalus triseriatus,,SPECIES,"Crotalus triseriatus Wagler, 1830",Crotalus triseriatus,"(Wagler, 1830)",MX,Los Gallineros,Michoacan de ocampo,PRESENT,1,ff90b050-c256-11db-b71b-b8a03c50a862,19.548139,-100.252556,,,1407,1407,0,0,2005-04-05T00:00:00,5,4,2005,2444358,2444358,HUMAN_OBSERVATION,NO APLICA,NO APLICA,NO APLICA,,NO DISPONIBLE,,CC_BY_4_0,Comisión Nacional para el Conocimiento y Uso de la Biodiversidad (CONABIO),E. Sánchez; I. del Pueyo; R. López ; A. González; H.  González,,,2021-01-22T17:17:01.506Z,,COORDINATE_ROUNDED;GEODETIC_DATUM_ASSUMED_WGS84;ELEVATION_MIN_MAX_SWAPPED;TYPE_STATUS_INVALID;OCCURRENCE_STATUS_INFERRED_FROM_INDIVIDUAL_COUNT;INSTITUTION_MATCH_NONE;COLLECTION_MATCH_NONE
1894460170,8032ee3a-f762-11e1-a439-00145eb45e9a,urn:catalog:NO APLICA:NO APLICA:NO APLICA:1ee520ed8ff2ad5ecdd2015acb439c44,Animalia,Chordata,Reptilia,Squamata,Viperidae,Crotalus,Crotalus triseriatus,,SPECIES,"Crotalus triseriatus Wagler, 1830",Crotalus triseriatus,"(Wagler, 1830)",MX,Gallinero Cañada Sur,Michoacan de ocampo,PRESENT,1,ff90b050-c256-11db-b71b-b8a03c50a862,19.526889,-100.252111,,,1367.5,1367.5,0,0,2005-05-17T00:00:00,17,5,2005,2444358,2444358,HUMAN_OBSERVATION,NO APLICA,NO APLICA,NO APLICA,,NO DISPONIBLE,,CC_BY_4_0,Comisión Nacional para el Conocimiento y Uso de la Biodiversidad (CONABIO),E. Sánchez; I. del Pueyo; R. López ; A. González; H.  González,,,2021-01-22T17:17:01.106Z,,COORDINATE_ROUNDED;GEODETIC_DATUM_ASSUMED_WGS84;ELEVATION_MIN_MAX_SWAPPED;TYPE_STATUS_INVALID;OCCURRENCE_STATUS_INFERRED_FROM_INDIVIDUAL_COUNT;INSTITUTION_MATCH_NONE;COLLECTION_MATCH_NONE
1894460111,8032ee3a-f762-11e1-a439-00145eb45e9a,urn:catalog:NO APLICA:NO APLICA:NO APLICA:f7ad9c2b5ea5a21abf946a60b57d441c,Animalia,Chordata,Reptilia,Squamata,Viperidae,Crotalus,Crotalus triseriatus,,SPECIES,"Crotalus triseriatus Wagler, 1830",Crotalus triseriatus,"(Wagler, 1830)",MX,El patio,Michoacan de ocampo,PRESENT,1,ff90b050-c256-11db-b71b-b8a03c50a862,19.522222,-100.251667,,,1412.5,1412.5,0,0,2005-06-21T00:00:00,21,6,2005,2444358,2444358,HUMAN_OBSERVATION,NO APLICA,NO APLICA,NO APLICA,,NO DISPONIBLE,,CC_BY_4_0,Comisión Nacional para el Conocimiento y Uso de la Biodiversidad (CONABIO),E. Sánchez; I. del Pueyo; R. López ; A. González; H.  González,,,2021-01-22T17:17:01.073Z,,COORDINATE_ROUNDED;GEODETIC_DATUM_ASSUMED_WGS84;ELEVATION_MIN_MAX_SWAPPED;TYPE_STATUS_INVALID;OCCURRENCE_STATUS_INFERRED_FROM_INDIVIDUAL_COUNT;INSTITUTION_MATCH_NONE;COLLECTION_MATCH_NONE
1894460039,8032ee3a-f762-11e1-a439-00145eb45e9a,urn:catalog:NO APLICA:NO APLICA:NO APLICA:c1d4ef22e2d4c9409eccfd4fd5d49b6d,Animalia,Chordata,Reptilia,Squamata,Viperidae,Crotalus,Crotalus triseriatus,,SPECIES,"Crotalus triseriatus Wagler, 1830",Crotalus triseriatus,"(Wagler, 1830)",MX,Los Gallineros,Michoacan de ocampo,PRESENT,1,ff90b050-c256-11db-b71b-b8a03c50a862,19.528722,-100.251222,,,1403.5,1403.5,0,0,2004-09-18T00:00:00,18,9,2004,2444358,2444358,HUMAN_OBSERVATION,NO APLICA,NO APLICA,NO APLICA,,NO DISPONIBLE,,CC_BY_4_0,Comisión Nacional para el Conocimiento y Uso de la Biodiversidad (CONABIO),E. Sánchez; I. del Pueyo; R. López ; A. González; H.  González,,,2021-01-22T17:17:01.273Z,,COORDINATE_ROUNDED;GEODETIC_DATUM_ASSUMED_WGS84;ELEVATION_MIN_MAX_SWAPPED;TYPE_STATUS_INVALID;OCCURRENCE_STATUS_INFERRED_FROM_INDIVIDUAL_COUNT;INSTITUTION_MATCH_NONE;COLLECTION_MATCH_NONE
1894460119,8032ee3a-f762-11e1-a439-00145eb45e9a,urn:catalog:NO APLICA:NO APLICA:NO APLICA:ad75bb39d6febd8a1193f513a50119c9,Animalia,Chordata,Reptilia,Squamata,Viperidae,Crotalus,Crotalus triseriatus,,SPECIES,"Crotalus triseriatus Wagler, 1830",Crotalus triseriatus,"(Wagler, 1830)",MX,Palo seco,Michoacan de ocampo,PRESENT,1,ff90b050-c256-11db-b71b-b8a03c50a862,19.524722,-100.244444,,,1445,1445,0,0,2005-04-16T00:00:00,16,4,2005,2444358,2444358,HUMAN_OBSERVATION,NO APLICA,NO APLICA,NO APLICA,,NO DISPONIBLE,,CC_BY_4_0,Comisión Nacional para el Conocimiento y Uso de la Biodiversidad (CONABIO),E. Sánchez; I. del Pueyo; R. López ; A. González; H.  González,,,2021-01-22T17:17:01.101Z,,COORDINATE_ROUNDED;GEODETIC_DATUM_ASSUMED_WGS84;ELEVATION_MIN_MAX_SWAPPED;TYPE_STATUS_INVALID;OCCURRENCE_STATUS_INFERRED_FROM_INDIVIDUAL_COUNT;INSTITUTION_MATCH_NONE;COLLECTION_MATCH_NONE
1894460100,8032ee3a-f762-11e1-a439-00145eb45e9a,urn:catalog:NO APLICA:NO APLICA:NO APLICA:e2dd13ab7694834eb58be8cf8c863efc,Animalia,Chordata,Reptilia,Squamata,Viperidae,Crotalus,Crotalus triseriatus,,SPECIES,"Crotalus triseriatus Wagler, 1830",Crotalus triseriatus,"(Wagler, 1830)",MX,Palo seco,Michoacan de ocampo,PRESENT,1,ff90b050-c256-11db-b71b-b8a03c50a862,19.524778,-100.244222,,,1445,1445,0,0,2005-05-18T00:00:00,18,5,2005,2444358,2444358,HUMAN_OBSERVATION,NO APLICA,NO APLICA,NO APLICA,,NO DISPONIBLE,,CC_BY_4_0,Comisión Nacional para el Conocimiento y Uso de la Biodiversidad (CONABIO),E. Sánchez; I. del Pueyo; R. López ; A. González; H.  González,,,2021-01-22T17:17:01.371Z,,COORDINATE_ROUNDED;GEODETIC_DATUM_ASSUMED_WGS84;ELEVATION_MIN_MAX_SWAPPED;TYPE_STATUS_INVALID;OCCURRENCE_STATUS_INFERRED_FROM_INDIVIDUAL_COUNT;INSTITUTION_MATCH_NONE;COLLECTION_MATCH_NONE
1894950101,7feba584-f762-11e1-a439-00145eb45e9a,urn:catalog:FMNH:FMNH:30850:cc09cc4f678cdc88bc6ef8b8e73e4a09,Animalia,Chordata,Reptilia,Squamata,Viperidae,Crotalus,Crotalus triseriatus,,SPECIES,"Crotalus triseriatus Wagler, 1830",Crotalus triseriatus,"(Wagler, 1830)",MX,Cerro Potosí,Nuevo leon,PRESENT,1,ff90b050-c256-11db-b71b-b8a03c50a862,24.875,-100.241667,,,0,0,0,0,,,,,2444358,2444358,PRESERVED_SPECIMEN,FMNH,FMNH,30850,,NO DISPONIBLE,,CC_BY_4_0,Comisión Nacional para el Conocimiento y Uso de la Biodiversidad (CONABIO),NO DISPONIBLE,,,2021-01-22T17:17:29.820Z,,COORDINATE_ROUNDED;GEODETIC_DATUM_ASSUMED_WGS84;RECORDED_DATE_INVALID;TYPE_STATUS_INVALID;OCCURRENCE_STATUS_INFERRED_FROM_INDIVIDUAL_COUNT;AMBIGUOUS_COLLECTION;INSTITUTION_MATCH_FUZZY
1894950066,7feba584-f762-11e1-a439-00145eb45e9a,urn:catalog:FMNH:FMNH:30849-850:8f947333ca4ea358586f7516b62406c4,Animalia,Chordata,Reptilia,Squamata,Viperidae,Crotalus,Crotalus triseriatus,,SPECIES,"Crotalus triseriatus Wagler, 1830",Crotalus triseriatus,"(Wagler, 1830)",MX,Cerro Potosí,Nuevo leon,PRESENT,2,ff90b050-c256-11db-b71b-b8a03c50a862,24.875,-100.241667,,,0,0,0,0,,,,,2444358,2444358,PRESERVED_SPECIMEN,FMNH,FMNH,30849-850,,NO DISPONIBLE,,CC_BY_4_0,Comisión Nacional para el Conocimiento y Uso de la Biodiversidad (CONABIO),NO DISPONIBLE,,,2021-01-22T17:17:30.946Z,,COORDINATE_ROUNDED;GEODETIC_DATUM_ASSUMED_WGS84;RECORDED_DATE_INVALID;TYPE_STATUS_INVALID;OCCURRENCE_STATUS_INFERRED_FROM_INDIVIDUAL_COUNT;AMBIGUOUS_COLLECTION;INSTITUTION_MATCH_FUZZY
1894950040,7feba584-f762-11e1-a439-00145eb45e9a,urn:catalog:FMNH:FMNH:30849:36a416f0e876a1e41511d4db8dec47fb,Animalia,Chordata,Reptilia,Squamata,Viperidae,Crotalus,Crotalus triseriatus,,SPECIES,"Crotalus triseriatus Wagler, 1830",Crotalus triseriatus,"(Wagler, 1830)",MX,Cerro Potosí,Nuevo leon,PRESENT,1,ff90b050-c256-11db-b71b-b8a03c50a862,24.875,-100.241667,,,0,0,0,0,,,,,2444358,2444358,PRESERVED_SPECIMEN,FMNH,FMNH,30849,,NO DISPONIBLE,,CC_BY_4_0,Comisión Nacional para el Conocimiento y Uso de la Biodiversidad (CONABIO),NO DISPONIBLE,,,2021-01-22T17:17:34.281Z,,COORDINATE_ROUNDED;GEODETIC_DATUM_ASSUMED_WGS84;RECORDED_DATE_INVALID;TYPE_STATUS_INVALID;OCCURRENCE_STATUS_INFERRED_FROM_INDIVIDUAL_COUNT;AMBIGUOUS_COLLECTION;INSTITUTION_MATCH_FUZZY
1453396453,50c9509d-22c7-4a22-a47d-8c48425ef4a7,http://conabio.inaturalist.org/observations/5043313,Animalia,Chordata,Reptilia,Squamata,Viperidae,Crotalus,Crotalus triseriatus,,SPECIES,"Crotalus triseriatus Wagler, 1830",Crotalus triseriatus,,MX,,México,PRESENT,,28eb1a3f-1c15-4a95-931a-4af90ecb574d,19.605363,-100.228062,,,,,,,2016-09-20T11:27:00,20,9,2016,2444358,2444358,HUMAN_OBSERVATION,iNaturalist,Observations,5043313,,Reserva de la Biosfera Mariposa Monarca,2017-02-02T19:08:31,CC_BY_NC_4_0,Reserva de la Biosfera Mariposa Monarca,Reserva de la Biosfera Mariposa Monarca,,,2021-01-30T23:49:32.334Z,StillImage,COORDINATE_ROUNDED;GEODETIC_DATUM_ASSUMED_WGS84;INSTITUTION_MATCH_NONE;COLLECTION_MATCH_NONE
1894460128,8032ee3a-f762-11e1-a439-00145eb45e9a,urn:catalog:IBUNAM:CNAR:CNAR-IBH-16418:ad92441da6be0f53993be7b814b8a5db,Animalia,Chordata,Reptilia,Squamata,Viperidae,Crotalus,Crotalus triseriatus,,SPECIES,"Crotalus triseriatus Wagler, 1830",Crotalus triseriatus,"(Wagler, 1830)",MX,Llano de las Joyas,Mexico,PRESENT,1,ff90b050-c256-11db-b71b-b8a03c50a862,19.380306,-100.224917,,,1477.5,1477.5,0,0,2004-09-17T00:00:00,17,9,2004,2444358,2444358,PRESERVED_SPECIMEN,IBUNAM,CNAR,CNAR-IBH-16418,,V. H. Reynoso; F. Soberón,,CC_BY_4_0,Comisión Nacional para el Conocimiento y Uso de la Biodiversidad (CONABIO),H. Rojas; V. H. Reynoso; H. Camacho,,,2021-01-22T17:17:01.244Z,,COORDINATE_ROUNDED;GEODETIC_DATUM_ASSUMED_WGS84;ELEVATION_MIN_MAX_SWAPPED;TYPE_STATUS_INVALID;OCCURRENCE_STATUS_INFERRED_FROM_INDIVIDUAL_COUNT;COLLECTION_MATCH_NONE;DIFFERENT_OWNER_INSTITUTION
1894460071,8032ee3a-f762-11e1-a439-00145eb45e9a,urn:catalog:NO APLICA:NO APLICA:NO APLICA:24e18696dfa1589568a56bb8f2b4bf9b,Animalia,Chordata,Reptilia,Squamata,Viperidae,Crotalus,Crotalus triseriatus,,SPECIES,"Crotalus triseriatus Wagler, 1830",Crotalus triseriatus,"(Wagler, 1830)",MX,Las Joyas,Mexico,PRESENT,1,ff90b050-c256-11db-b71b-b8a03c50a862,19.380722,-100.224278,,,1484,1484,0,0,2005-05-29T00:00:00,29,5,2005,2444358,2444358,HUMAN_OBSERVATION,NO APLICA,NO APLICA,NO APLICA,,NO DISPONIBLE,,CC_BY_4_0,Comisión Nacional para el Conocimiento y Uso de la Biodiversidad (CONABIO),H. Rojas; V. H. Reynoso; H. Camacho,,,2021-01-22T17:17:01.507Z,,COORDINATE_ROUNDED;GEODETIC_DATUM_ASSUMED_WGS84;ELEVATION_MIN_MAX_SWAPPED;TYPE_STATUS_INVALID;OCCURRENCE_STATUS_INFERRED_FROM_INDIVIDUAL_COUNT;INSTITUTION_MATCH_NONE;COLLECTION_MATCH_NONE
1894460132,8032ee3a-f762-11e1-a439-00145eb45e9a,urn:catalog:NO APLICA:NO APLICA:NO APLICA:a8342b608403b3772c51ad25eaa99d91,Animalia,Chordata,Reptilia,Squamata,Viperidae,Crotalus,Crotalus triseriatus,,SPECIES,"Crotalus triseriatus Wagler, 1830",Crotalus triseriatus,"(Wagler, 1830)",MX,Las Joyitas,Mexico,PRESENT,1,ff90b050-c256-11db-b71b-b8a03c50a862,19.379806,-100.223139,,,1486.5,1486.5,0,0,2005-05-29T00:00:00,29,5,2005,2444358,2444358,HUMAN_OBSERVATION,NO APLICA,NO APLICA,NO APLICA,,NO DISPONIBLE,,CC_BY_4_0,Comisión Nacional para el Conocimiento y Uso de la Biodiversidad (CONABIO),H. Rojas; V. H. Reynoso; H. Camacho,,,2021-01-22T17:17:01.368Z,,COORDINATE_ROUNDED;GEODETIC_DATUM_ASSUMED_WGS84;ELEVATION_MIN_MAX_SWAPPED;TYPE_STATUS_INVALID;OCCURRENCE_STATUS_INFERRED_FROM_INDIVIDUAL_COUNT;INSTITUTION_MATCH_NONE;COLLECTION_MATCH_NONE
1894460130,8032ee3a-f762-11e1-a439-00145eb45e9a,urn:catalog:NO APLICA:NO APLICA:NO APLICA:e01d68e9720c66f4530a33c74a971f08,Animalia,Chordata,Reptilia,Squamata,Viperidae,Crotalus,Crotalus triseriatus,,SPECIES,"Crotalus triseriatus Wagler, 1830",Crotalus triseriatus,"(Wagler, 1830)",MX,La Peña,Michoacan de ocampo,PRESENT,1,ff90b050-c256-11db-b71b-b8a03c50a862,19.483639,-100.22175,,,1392,1392,0,0,2005-04-17T00:00:00,17,4,2005,2444358,2444358,HUMAN_OBSERVATION,NO APLICA,NO APLICA,NO APLICA,,NO DISPONIBLE,,CC_BY_4_0,Comisión Nacional para el Conocimiento y Uso de la Biodiversidad (CONABIO),E. Sánchez; A. Mora; H.  González; I. del Pueyo; R. Ocaña,,,2021-01-22T17:17:01.238Z,,COORDINATE_ROUNDED;GEODETIC_DATUM_ASSUMED_WGS84;ELEVATION_MIN_MAX_SWAPPED;TYPE_STATUS_INVALID;OCCURRENCE_STATUS_INFERRED_FROM_INDIVIDUAL_COUNT;INSTITUTION_MATCH_NONE;COLLECTION_MATCH_NONE
1894460087,8032ee3a-f762-11e1-a439-00145eb45e9a,urn:catalog:NO APLICA:NO APLICA:NO APLICA:04093e21151143939cb75af601185b53,Animalia,Chordata,Reptilia,Squamata,Viperidae,Crotalus,Crotalus triseriatus,,SPECIES,"Crotalus triseriatus Wagler, 1830",Crotalus triseriatus,"(Wagler, 1830)",MX,El Llanito,Michoacan de ocampo,PRESENT,1,ff90b050-c256-11db-b71b-b8a03c50a862,19.506389,-100.208278,,,1595,1595,0,0,2005-06-20T00:00:00,20,6,2005,2444358,2444358,HUMAN_OBSERVATION,NO APLICA,NO APLICA,NO APLICA,,NO DISPONIBLE,,CC_BY_4_0,Comisión Nacional para el Conocimiento y Uso de la Biodiversidad (CONABIO),E. Sánchez; A. Mora; H.  González; I. del Pueyo; R. Ocaña,,,2021-01-22T17:17:01.293Z,,COORDINATE_ROUNDED;GEODETIC_DATUM_ASSUMED_WGS84;ELEVATION_MIN_MAX_SWAPPED;TYPE_STATUS_INVALID;OCCURRENCE_STATUS_INFERRED_FROM_INDIVIDUAL_COUNT;INSTITUTION_MATCH_NONE;COLLECTION_MATCH_NONE
911491909,50c9509d-22c7-4a22-a47d-8c48425ef4a7,http://conabio.inaturalist.org/observations/535070,Animalia,Chordata,Reptilia,Squamata,Viperidae,Crotalus,Crotalus triseriatus,,SPECIES,"Crotalus triseriatus Wagler, 1830",Crotalus triseriatus,,MX,,México,PRESENT,,28eb1a3f-1c15-4a95-931a-4af90ecb574d,19.57584,-100.206159,62,,,,,,2013-09-01T11:01:00,1,9,2013,2444358,2444358,HUMAN_OBSERVATION,iNaturalist,Observations,535070,,Juan Carlos Pérez Magaña,2014-02-18T06:00:34,CC_BY_NC_4_0,Juan Carlos Pérez Magaña,Juan Carlos Pérez Magaña,,,2021-01-30T23:51:08.614Z,StillImage,GEODETIC_DATUM_ASSUMED_WGS84;INSTITUTION_MATCH_NONE;COLLECTION_MATCH_NONE
1894112278,80d6e8c8-f762-11e1-a439-00145eb45e9a,urn:catalog:FC-UNAM:MZFC:9752:77286922c3a6f8b8f648576bf2418b96,Animalia,Chordata,Reptilia,Squamata,Viperidae,Crotalus,Crotalus triseriatus,,SPECIES,"Crotalus triseriatus Wagler, 1830",Crotalus triseriatus,"(Wagler, 1830)",MX,"CAMINO LOS TRIGOS-PINAL DE ZAMORANO, APROX. ? KM. DE LOS TRIGOS",Queretaro,PRESENT,1,ff90b050-c256-11db-b71b-b8a03c50a862,20.915833,-100.201667,,,0,0,0,0,1997-08-12T00:00:00,12,8,1997,2444358,2444358,PRESERVED_SPECIMEN,FC-UNAM,MZFC,9752,,EDMUNDO PEREZ RAMOS; ADRIAN NIETO MONTES DE OCA,,CC_BY_4_0,Comisión Nacional para el Conocimiento y Uso de la Biodiversidad (CONABIO),EDMUNDO PEREZ RAMOS; ADRIAN NIETO MONTES DE OCA; DAVID ALAN KIZIRIAN,,,2021-01-22T17:15:51.782Z,,COORDINATE_ROUNDED;GEODETIC_DATUM_ASSUMED_WGS84;TYPE_STATUS_INVALID;OCCURRENCE_STATUS_INFERRED_FROM_INDIVIDUAL_COUNT;INSTITUTION_MATCH_NONE;COLLECTION_MATCH_NONE
1894918063,7feba584-f762-11e1-a439-00145eb45e9a,urn:catalog:UMMZ:UMMZ:118602:d955c4d1d158b01a4194fa65b2ec29a0,Animalia,Chordata,Reptilia,Squamata,Viperidae,Crotalus,Crotalus triseriatus,,SPECIES,"Crotalus triseriatus Wagler, 1830",Crotalus triseriatus subsp. triseriatus,"(Wagler, 1830)",MX,LENGUA DE VACA,Mexico,PRESENT,1,ff90b050-c256-11db-b71b-b8a03c50a862,19.458333,-100.191667,,,0,0,0,0,,,,,2444358,2444358,PRESERVED_SPECIMEN,UMMZ,UMMZ,118602,,NO DISPONIBLE,,CC_BY_4_0,Comisión Nacional para el Conocimiento y Uso de la Biodiversidad (CONABIO),NO DISPONIBLE,,,2021-01-22T17:17:38.712Z,,COORDINATE_ROUNDED;GEODETIC_DATUM_ASSUMED_WGS84;RECORDED_DATE_INVALID;TAXON_MATCH_HIGHERRANK;TYPE_STATUS_INVALID;OCCURRENCE_STATUS_INFERRED_FROM_INDIVIDUAL_COUNT;INSTITUTION_MATCH_FUZZY;COLLECTION_MATCH_FUZZY
1453396337,50c9509d-22c7-4a22-a47d-8c48425ef4a7,http://conabio.inaturalist.org/observations/5042974,Animalia,Chordata,Reptilia,Squamata,Viperidae,Crotalus,Crotalus triseriatus,,SPECIES,"Crotalus triseriatus Wagler, 1830",Crotalus triseriatus,,MX,,México,PRESENT,,28eb1a3f-1c15-4a95-931a-4af90ecb574d,19.412202,-100.180893,488,,,,,,2016-08-25T11:50:00,25,8,2016,2444358,2444358,HUMAN_OBSERVATION,iNaturalist,Observations,5042974,,Reserva de la Biosfera Mariposa Monarca,2017-02-02T17:55:46,CC_BY_NC_4_0,Reserva de la Biosfera Mariposa Monarca,Reserva de la Biosfera Mariposa Monarca,,,2021-01-30T23:49:32.490Z,StillImage,COORDINATE_ROUNDED;GEODETIC_DATUM_ASSUMED_WGS84;INSTITUTION_MATCH_NONE;COLLECTION_MATCH_NONE
2629118762,63ed64cb-90b7-4ecc-b94c-3a0317742379,urn:catalog:ENCB-IPN:ENCB:15896:1fd07fbe947ff87b15b6e060d0a9b9b1,Animalia,Chordata,Reptilia,Squamata,Viperidae,Crotalus,Crotalus triseriatus,,SPECIES,"Crotalus triseriatus Wagler, 1830",Crotalus triseriatus,"(Wagler, 1830)",MX,6 km SE El Lobo,Queretaro de arteaga,PRESENT,1,ff90b050-c256-11db-b71b-b8a03c50a862,20.6896,-100.164703,,,800,800,0,0,1995-06-17T00:00:00,17,6,1995,2444358,2444358,PRESERVED_SPECIMEN,ENCB-IPN,ENCB,15896,,T. ALVAREZ,,CC_BY_4_0,Comisión Nacional para el Conocimiento y Uso de la Biodiversidad (CONABIO),S. A. Murillo J.,,,2020-12-15T17:11:29.859Z,,COORDINATE_ROUNDED;ELEVATION_MIN_MAX_SWAPPED;TYPE_STATUS_INVALID;OCCURRENCE_STATUS_INFERRED_FROM_INDIVIDUAL_COUNT;INSTITUTION_COLLECTION_MISMATCH;DIFFERENT_OWNER_INSTITUTION
1895027180,0159cf6b-6a46-4365-96f1-d7ca2511f082,urn:catalog:FC-UNAM:MZFC:4324:93d93ee8dd1fc58f3c28df78297fe05c,Animalia,Chordata,Reptilia,Squamata,Viperidae,Crotalus,Crotalus triseriatus,,SPECIES,"Crotalus triseriatus Wagler, 1830",Crotalus triseriatus,"(Wagler, 1830)",MX,Valle de Bravo,Mexico,PRESENT,1,ff90b050-c256-11db-b71b-b8a03c50a862,19.193333,-100.129444,,,910,910,0,0,1991-05-25T00:00:00,25,5,1991,2444358,2444358,PRESERVED_SPECIMEN,FC-UNAM,MZFC,4324,,NO DISPONIBLE,,CC_BY_4_0,Comisión Nacional para el Conocimiento y Uso de la Biodiversidad (CONABIO),"Mink, D. G.",,,2021-01-22T17:02:29.864Z,,COORDINATE_ROUNDED;GEODETIC_DATUM_ASSUMED_WGS84;ELEVATION_MIN_MAX_SWAPPED;TYPE_STATUS_INVALID;OCCURRENCE_STATUS_INFERRED_FROM_INDIVIDUAL_COUNT;INSTITUTION_MATCH_NONE;COLLECTION_MATCH_NONE
1894112368,80d6e8c8-f762-11e1-a439-00145eb45e9a,urn:catalog:UMMZ:UMMZ:143737:e54d6fe0a8d4148cf2768e12659c0098,Animalia,Chordata,Reptilia,Squamata,Viperidae,Crotalus,Crotalus triseriatus,,SPECIES,"Crotalus triseriatus Wagler, 1830",Crotalus triseriatus,"(Wagler, 1830)",MX,3 KM W OF ESPERANZA,Queretaro,PRESENT,1,ff90b050-c256-11db-b71b-b8a03c50a862,20.623611,-100.119444,,,1450,1450,0,0,1976-07-27T00:00:00,27,7,1976,2444358,2444358,PRESERVED_SPECIMEN,UMMZ,UMMZ,143737,,NO DISPONIBLE,,CC_BY_4_0,Comisión Nacional para el Conocimiento y Uso de la Biodiversidad (CONABIO),MIGUEL CERVANTES; JACK MORGENSTERN; SHERMAN MINTON,,,2021-01-22T17:15:52.119Z,,COORDINATE_ROUNDED;GEODETIC_DATUM_ASSUMED_WGS84;ELEVATION_MIN_MAX_SWAPPED;TYPE_STATUS_INVALID;OCCURRENCE_STATUS_INFERRED_FROM_INDIVIDUAL_COUNT;INSTITUTION_MATCH_FUZZY;COLLECTION_MATCH_FUZZY
1894950114,7feba584-f762-11e1-a439-00145eb45e9a,urn:catalog:NO DISPONIBLE:NO DISPONIBLE:112981-982:d98101f8929e53a984f7f2ebd15c2ec4,Animalia,Chordata,Reptilia,Squamata,Viperidae,Crotalus,Crotalus triseriatus,,SPECIES,"Crotalus triseriatus Wagler, 1830",Crotalus triseriatus,"(Wagler, 1830)",MX,"BOSENCHEVE, 3 MI S, REFUGIO SAN CAYETANO",Mexico,PRESENT,2,ff90b050-c256-11db-b71b-b8a03c50a862,19.391667,-100.108333,,,0,0,0,0,,,,,2444358,2444358,PRESERVED_SPECIMEN,NO DISPONIBLE,NO DISPONIBLE,112981-982,,NO DISPONIBLE,,CC_BY_4_0,Comisión Nacional para el Conocimiento y Uso de la Biodiversidad (CONABIO),NO DISPONIBLE,,,2021-01-22T17:17:38.410Z,,COORDINATE_ROUNDED;GEODETIC_DATUM_ASSUMED_WGS84;RECORDED_DATE_INVALID;TYPE_STATUS_INVALID;OCCURRENCE_STATUS_INFERRED_FROM_INDIVIDUAL_COUNT;INSTITUTION_MATCH_NONE;COLLECTION_MATCH_NONE
1894950030,7feba584-f762-11e1-a439-00145eb45e9a,urn:catalog:FC-UNAM:MZFC:4324:51086d18a8c28af01cf4d3aaac13bfcb,Animalia,Chordata,Reptilia,Squamata,Viperidae,Crotalus,Crotalus triseriatus,,SPECIES,"Crotalus triseriatus Wagler, 1830",Crotalus triseriatus,"(Wagler, 1830)",MX,"VALLE DE BRAVO, ACATITLAN",Mexico,PRESENT,1,ff90b050-c256-11db-b71b-b8a03c50a862,19.191667,-100.091667,,,0,0,0,0,1988-09-07T00:00:00,7,9,1988,2444358,2444358,PRESERVED_SPECIMEN,FC-UNAM,MZFC,4324,,NO DISPONIBLE,,CC_BY_4_0,Comisión Nacional para el Conocimiento y Uso de la Biodiversidad (CONABIO),TITA HENTSCHEL-MAIDA,,,2021-01-22T17:17:32.012Z,,COORDINATE_ROUNDED;GEODETIC_DATUM_ASSUMED_WGS84;TYPE_STATUS_INVALID;OCCURRENCE_STATUS_INFERRED_FROM_INDIVIDUAL_COUNT;INSTITUTION_MATCH_NONE;COLLECTION_MATCH_NONE
1895028904,0159cf6b-6a46-4365-96f1-d7ca2511f082,urn:catalog:FC-UNAM:MZFC:53:0e768a37e68aa4517bbc8c6dd149f465,Animalia,Chordata,Reptilia,Squamata,Viperidae,Crotalus,Crotalus triseriatus,,SPECIES,"Crotalus triseriatus Wagler, 1830",Crotalus triseriatus subsp. triseriatus,"(Wagler, 1830)",MX,"SAN CAYETANO, CRIADERO DE FAUNA CINEGETICA",Mexico,PRESENT,1,ff90b050-c256-11db-b71b-b8a03c50a862,19.39,-100.091667,,,2450,50,0,0,1985-06-09T00:00:00,9,6,1985,2444358,2444358,PRESERVED_SPECIMEN,FC-UNAM,MZFC,53,,NO DISPONIBLE,,CC_BY_4_0,Comisión Nacional para el Conocimiento y Uso de la Biodiversidad (CONABIO),"Lara-Gongora, G.",,,2021-01-22T17:02:30.254Z,,COORDINATE_ROUNDED;GEODETIC_DATUM_ASSUMED_WGS84;TAXON_MATCH_HIGHERRANK;ELEVATION_MIN_MAX_SWAPPED;TYPE_STATUS_INVALID;OCCURRENCE_STATUS_INFERRED_FROM_INDIVIDUAL_COUNT;INSTITUTION_MATCH_NONE;COLLECTION_MATCH_NONE
1895028900,0159cf6b-6a46-4365-96f1-d7ca2511f082,urn:catalog:IBUNAM:CNAR:6969:282f539534862c7981f5fe97db600b29,Animalia,Chordata,Reptilia,Squamata,Viperidae,Crotalus,Crotalus triseriatus,,SPECIES,"Crotalus triseriatus Wagler, 1830",Crotalus triseriatus subsp. triseriatus,"(Wagler, 1830)",MX,"SAN CAYETANO, CRIADERO DE FAUNA CINEGETICA",Mexico,PRESENT,1,ff90b050-c256-11db-b71b-b8a03c50a862,19.39,-100.091667,,,2400,100,0,0,1967-06-20T00:00:00,20,6,1967,2444358,2444358,PRESERVED_SPECIMEN,IBUNAM,CNAR,6969,,NO DISPONIBLE,,CC_BY_4_0,Comisión Nacional para el Conocimiento y Uso de la Biodiversidad (CONABIO),"Alcocer, J. M.",,,2021-01-22T17:02:29.747Z,,COORDINATE_ROUNDED;GEODETIC_DATUM_ASSUMED_WGS84;TAXON_MATCH_HIGHERRANK;ELEVATION_MIN_MAX_SWAPPED;TYPE_STATUS_INVALID;OCCURRENCE_STATUS_INFERRED_FROM_INDIVIDUAL_COUNT;COLLECTION_MATCH_NONE;DIFFERENT_OWNER_INSTITUTION
1895028943,0159cf6b-6a46-4365-96f1-d7ca2511f082,urn:catalog:IBUNAM:CNAR:1015:4069a8fc79879e1d3d8ec2e284a4de2b,Animalia,Chordata,Reptilia,Squamata,Viperidae,Crotalus,Crotalus triseriatus,,SPECIES,"Crotalus triseriatus Wagler, 1830",Crotalus triseriatus subsp. triseriatus,"(Wagler, 1830)",MX,San Cayetano,Mexico,PRESENT,1,ff90b050-c256-11db-b71b-b8a03c50a862,19.375,-100.06,,,2400,100,0,0,1974-01-01T00:00:00,1,1,1974,2444358,2444358,PRESERVED_SPECIMEN,IBUNAM,CNAR,1015,,NO DISPONIBLE,,CC_BY_4_0,Comisión Nacional para el Conocimiento y Uso de la Biodiversidad (CONABIO),"González, A.",,,2021-01-22T17:02:30.737Z,,GEODETIC_DATUM_ASSUMED_WGS84;TAXON_MATCH_HIGHERRANK;ELEVATION_MIN_MAX_SWAPPED;TYPE_STATUS_INVALID;OCCURRENCE_STATUS_INFERRED_FROM_INDIVIDUAL_COUNT;COLLECTION_MATCH_NONE;DIFFERENT_OWNER_INSTITUTION
1895027222,0159cf6b-6a46-4365-96f1-d7ca2511f082,urn:catalog:ENCB-IPN:ENCB:13672:fbc1b2b053087567c4d76d3f9192621a,Animalia,Chordata,Reptilia,Squamata,Viperidae,Crotalus,Crotalus triseriatus,,SPECIES,"Crotalus triseriatus Wagler, 1830",Crotalus triseriatus,"(Wagler, 1830)",MX,San Cayetano,Mexico,PRESENT,1,ff90b050-c256-11db-b71b-b8a03c50a862,19.375,-100.06,,,1250,1250,0,0,1967-08-01T00:00:00,,8,1967,2444358,2444358,PRESERVED_SPECIMEN,ENCB-IPN,ENCB,13672,,"Alvarez, T.; Matias, F. N.",,CC_BY_4_0,Comisión Nacional para el Conocimiento y Uso de la Biodiversidad (CONABIO),"Mendoza, A. C.",,,2021-01-22T17:02:30.084Z,,GEODETIC_DATUM_ASSUMED_WGS84;RECORDED_DATE_INVALID;ELEVATION_MIN_MAX_SWAPPED;TYPE_STATUS_INVALID;OCCURRENCE_STATUS_INFERRED_FROM_INDIVIDUAL_COUNT;INSTITUTION_COLLECTION_MISMATCH;DIFFERENT_OWNER_INSTITUTION
1895027204,0159cf6b-6a46-4365-96f1-d7ca2511f082,urn:catalog:ENCB-IPN:ENCB:11992:0b2d83cb373e4008623dc397eb61f8a1,Animalia,Chordata,Reptilia,Squamata,Viperidae,Crotalus,Crotalus triseriatus,,SPECIES,"Crotalus triseriatus Wagler, 1830",Crotalus triseriatus,"(Wagler, 1830)",MX,San Cayetano,Mexico,PRESENT,1,ff90b050-c256-11db-b71b-b8a03c50a862,19.375,-100.06,,,1250,1250,0,0,1982-04-17T00:00:00,17,4,1982,2444358,2444358,PRESERVED_SPECIMEN,ENCB-IPN,ENCB,11992,,"Alvarez, T.; Matias, F. N.",,CC_BY_4_0,Comisión Nacional para el Conocimiento y Uso de la Biodiversidad (CONABIO),"Martínez, M.",,,2021-01-22T17:02:31.373Z,,GEODETIC_DATUM_ASSUMED_WGS84;ELEVATION_MIN_MAX_SWAPPED;TYPE_STATUS_INVALID;OCCURRENCE_STATUS_INFERRED_FROM_INDIVIDUAL_COUNT;INSTITUTION_COLLECTION_MISMATCH;DIFFERENT_OWNER_INSTITUTION
1895027173,0159cf6b-6a46-4365-96f1-d7ca2511f082,urn:catalog:ENCB-IPN:ENCB:11994:46864ab3348afd5e96365bee980d3271,Animalia,Chordata,Reptilia,Squamata,Viperidae,Crotalus,Crotalus triseriatus,,SPECIES,"Crotalus triseriatus Wagler, 1830",Crotalus triseriatus,"(Wagler, 1830)",MX,San Cayetano,Mexico,PRESENT,1,ff90b050-c256-11db-b71b-b8a03c50a862,19.375,-100.06,,,1250,1250,0,0,1982-04-24T00:00:00,24,4,1982,2444358,2444358,PRESERVED_SPECIMEN,ENCB-IPN,ENCB,11994,,"Alvarez, T.; Matias, F. N.",,CC_BY_4_0,Comisión Nacional para el Conocimiento y Uso de la Biodiversidad (CONABIO),"Velázquez, A.",,,2021-01-22T17:02:29.958Z,,GEODETIC_DATUM_ASSUMED_WGS84;ELEVATION_MIN_MAX_SWAPPED;TYPE_STATUS_INVALID;OCCURRENCE_STATUS_INFERRED_FROM_INDIVIDUAL_COUNT;INSTITUTION_COLLECTION_MISMATCH;DIFFERENT_OWNER_INSTITUTION
1895027165,0159cf6b-6a46-4365-96f1-d7ca2511f082,urn:catalog:ENCB-IPN:ENCB:11993:05b3d7b781781f743dd48cec2da1cc8a,Animalia,Chordata,Reptilia,Squamata,Viperidae,Crotalus,Crotalus triseriatus,,SPECIES,"Crotalus triseriatus Wagler, 1830",Crotalus triseriatus,"(Wagler, 1830)",MX,San Cayetano,Mexico,PRESENT,1,ff90b050-c256-11db-b71b-b8a03c50a862,19.375,-100.06,,,1250,1250,0,0,1982-04-17T00:00:00,17,4,1982,2444358,2444358,PRESERVED_SPECIMEN,ENCB-IPN,ENCB,11993,,"Alvarez, T.; Matias, F. N.",,CC_BY_4_0,Comisión Nacional para el Conocimiento y Uso de la Biodiversidad (CONABIO),"Velázquez, A.",,,2021-01-22T17:02:30.461Z,,GEODETIC_DATUM_ASSUMED_WGS84;ELEVATION_MIN_MAX_SWAPPED;TYPE_STATUS_INVALID;OCCURRENCE_STATUS_INFERRED_FROM_INDIVIDUAL_COUNT;INSTITUTION_COLLECTION_MISMATCH;DIFFERENT_OWNER_INSTITUTION
1895027113,0159cf6b-6a46-4365-96f1-d7ca2511f082,urn:catalog:ENCB-IPN:ENCB:2187:82159dc12e736b1e1da9e523a4024ad7,Animalia,Chordata,Reptilia,Squamata,Viperidae,Crotalus,Crotalus triseriatus,,SPECIES,"Crotalus triseriatus Wagler, 1830",Crotalus triseriatus,"(Wagler, 1830)",MX,San Cayetano,Mexico,PRESENT,1,ff90b050-c256-11db-b71b-b8a03c50a862,19.375,-100.06,,,1250,1250,0,0,1957-10-12T00:00:00,12,10,1957,2444358,2444358,PRESERVED_SPECIMEN,ENCB-IPN,ENCB,2187,,"Alvarez, T.; Matias, F. N.",,CC_BY_4_0,Comisión Nacional para el Conocimiento y Uso de la Biodiversidad (CONABIO),"Medellín, F.",,,2021-01-22T17:02:31.046Z,,GEODETIC_DATUM_ASSUMED_WGS84;ELEVATION_MIN_MAX_SWAPPED;TYPE_STATUS_INVALID;OCCURRENCE_STATUS_INFERRED_FROM_INDIVIDUAL_COUNT;INSTITUTION_COLLECTION_MISMATCH;DIFFERENT_OWNER_INSTITUTION
1895027095,0159cf6b-6a46-4365-96f1-d7ca2511f082,urn:catalog:ENCB-IPN:ENCB:13671:3d0265514b3b767780ae2ab9f0dfb64f,Animalia,Chordata,Reptilia,Squamata,Viperidae,Crotalus,Crotalus triseriatus,,SPECIES,"Crotalus triseriatus Wagler, 1830",Crotalus triseriatus,"(Wagler, 1830)",MX,San Cayetano,Mexico,PRESENT,1,ff90b050-c256-11db-b71b-b8a03c50a862,19.375,-100.06,,,1250,1250,0,0,1967-08-01T00:00:00,,8,1967,2444358,2444358,PRESERVED_SPECIMEN,ENCB-IPN,ENCB,13671,,"Alvarez, T.; Matias, F. N.",,CC_BY_4_0,Comisión Nacional para el Conocimiento y Uso de la Biodiversidad (CONABIO),"Mendoza, A. C.",,,2021-01-22T17:02:31.631Z,,GEODETIC_DATUM_ASSUMED_WGS84;RECORDED_DATE_INVALID;ELEVATION_MIN_MAX_SWAPPED;TYPE_STATUS_INVALID;OCCURRENCE_STATUS_INFERRED_FROM_INDIVIDUAL_COUNT;INSTITUTION_COLLECTION_MISMATCH;DIFFERENT_OWNER_INSTITUTION
2629133732,63ed64cb-90b7-4ecc-b94c-3a0317742379,urn:catalog:ENCB-IPN:ENCB:3608:350eac01c58d4c2a7125ba76c6e12881,Animalia,Chordata,Reptilia,Squamata,Viperidae,Crotalus,Crotalus triseriatus,,SPECIES,"Crotalus triseriatus Wagler, 1830",Crotalus triseriatus subsp. triseriatus,"(Wagler, 1830)",MX,8 Km NW Villa Victoria,Mexico,PRESENT,1,ff90b050-c256-11db-b71b-b8a03c50a862,19.488899,-100.046997,,,0,0,0,0,1967-03-24T00:00:00,24,3,1967,2444358,2444358,PRESERVED_SPECIMEN,ENCB-IPN,ENCB,3608,,T. ALVAREZ,,CC_BY_4_0,Comisión Nacional para el Conocimiento y Uso de la Biodiversidad (CONABIO),C. Gutiérrez H.,,,2020-12-15T17:29:05.996Z,,COORDINATE_ROUNDED;TAXON_MATCH_HIGHERRANK;TYPE_STATUS_INVALID;OCCURRENCE_STATUS_INFERRED_FROM_INDIVIDUAL_COUNT;INSTITUTION_COLLECTION_MISMATCH;DIFFERENT_OWNER_INSTITUTION
2629135410,63ed64cb-90b7-4ecc-b94c-3a0317742379,urn:catalog:ENCB-IPN:ENCB:3749:d6f3ac0e007f8075468a6486c31f7b41,Animalia,Chordata,Reptilia,Squamata,Viperidae,Crotalus,Crotalus triseriatus,,SPECIES,"Crotalus triseriatus Wagler, 1830",Crotalus triseriatus subsp. triseriatus,"(Wagler, 1830)",MX,8 km NNW Villa Victoria,Mexico,PRESENT,1,ff90b050-c256-11db-b71b-b8a03c50a862,19.493299,-100.0429,,,0,0,0,0,1967-04-20T00:00:00,20,4,1967,2444358,2444358,PRESERVED_SPECIMEN,ENCB-IPN,ENCB,3749,,T. ALVAREZ,,CC_BY_4_0,Comisión Nacional para el Conocimiento y Uso de la Biodiversidad (CONABIO),J. M. Alcocer,,,2020-12-15T17:30:52.138Z,,COORDINATE_ROUNDED;TAXON_MATCH_HIGHERRANK;TYPE_STATUS_INVALID;OCCURRENCE_STATUS_INFERRED_FROM_INDIVIDUAL_COUNT;INSTITUTION_COLLECTION_MISMATCH;DIFFERENT_OWNER_INSTITUTION
1894950102,7feba584-f762-11e1-a439-00145eb45e9a,urn:catalog:CAS:CAS-HERP:87134:b225bf7a9fdb307d36c11c958acdeb9f,Animalia,Chordata,Reptilia,Squamata,Viperidae,Crotalus,Crotalus triseriatus,,SPECIES,"Crotalus triseriatus Wagler, 1830",Crotalus triseriatus,"(Wagler, 1830)",MX,"GALEANA, 12 MI SSE",Nuevo leon,PRESENT,1,ff90b050-c256-11db-b71b-b8a03c50a862,24.691667,-100.041667,,,0,0,0,0,,,,,2444358,2444358,PRESERVED_SPECIMEN,CAS,CAS-HERP,87134,,NO DISPONIBLE,,CC_BY_4_0,Comisión Nacional para el Conocimiento y Uso de la Biodiversidad (CONABIO),NO DISPONIBLE,,,2021-01-22T17:17:36.829Z,,COORDINATE_ROUNDED;GEODETIC_DATUM_ASSUMED_WGS84;RECORDED_DATE_INVALID;TYPE_STATUS_INVALID;OCCURRENCE_STATUS_INFERRED_FROM_INDIVIDUAL_COUNT;AMBIGUOUS_INSTITUTION;COLLECTION_MATCH_NONE
1895027186,0159cf6b-6a46-4365-96f1-d7ca2511f082,urn:catalog:ENCB-IPN:ENCB:3608:13907d8d8e1e9b4feceaa94d80aae9e8,Animalia,Chordata,Reptilia,Squamata,Viperidae,Crotalus,Crotalus triseriatus,,SPECIES,"Crotalus triseriatus Wagler, 1830",Crotalus triseriatus,"(Wagler, 1830)",MX,8 Km NW Villa Victoria,Mexico,PRESENT,1,ff90b050-c256-11db-b71b-b8a03c50a862,19.488333,-100.040278,,,1250,1250,0,0,1967-03-28T00:00:00,28,3,1967,2444358,2444358,PRESERVED_SPECIMEN,ENCB-IPN,ENCB,3608,,"Alvarez, T.; Matias, F. N.",,CC_BY_4_0,Comisión Nacional para el Conocimiento y Uso de la Biodiversidad (CONABIO),"Gutiérrez, C.",,,2021-01-22T17:02:30.100Z,,COORDINATE_ROUNDED;GEODETIC_DATUM_ASSUMED_WGS84;ELEVATION_MIN_MAX_SWAPPED;TYPE_STATUS_INVALID;OCCURRENCE_STATUS_INFERRED_FROM_INDIVIDUAL_COUNT;INSTITUTION_COLLECTION_MISMATCH;DIFFERENT_OWNER_INSTITUTION
2238938547,50c9509d-22c7-4a22-a47d-8c48425ef4a7,https://www.inaturalist.org/observations/23844379,Animalia,Chordata,Reptilia,Squamata,Viperidae,Crotalus,Crotalus triseriatus,,SPECIES,"Crotalus triseriatus Wagler, 1830",Crotalus triseriatus,,MX,,México,PRESENT,,28eb1a3f-1c15-4a95-931a-4af90ecb574d,19.248392,-100.000441,241,,,,,,2013-06-29T15:11:00,29,6,2013,2444358,2444358,HUMAN_OBSERVATION,iNaturalist,Observations,23844379,,Luis Macotela,2019-04-29T04:19:54,CC_BY_NC_4_0,Luis Macotela,Luis Macotela,,,2021-01-30T23:51:45.644Z,StillImage,COORDINATE_ROUNDED;GEODETIC_DATUM_ASSUMED_WGS84;INSTITUTION_MATCH_NONE;COLLECTION_MATCH_NONE
2251972493,50c9509d-22c7-4a22-a47d-8c48425ef4a7,https://www.inaturalist.org/observations/26070567,Animalia,Chordata,Reptilia,Squamata,Viperidae,Crotalus,Crotalus triseriatus,,SPECIES,"Crotalus triseriatus Wagler, 1830",Crotalus triseriatus,,MX,,México,PRESENT,,28eb1a3f-1c15-4a95-931a-4af90ecb574d,19.20958,-99.944677,2,,,,,,2017-09-14T07:59:00,14,9,2017,2444358,2444358,HUMAN_OBSERVATION,iNaturalist,Observations,26070567,,Armando Sunny Garcia Aguilar,2019-05-30T18:01:16,CC_BY_NC_4_0,Armando Sunny Garcia Aguilar,Armando Sunny Garcia Aguilar,,,2021-01-30T23:51:46.265Z,StillImage,COORDINATE_ROUNDED;GEODETIC_DATUM_ASSUMED_WGS84;INSTITUTION_MATCH_NONE;COLLECTION_MATCH_NONE
1894950164,7feba584-f762-11e1-a439-00145eb45e9a,urn:catalog:FC-UNAM:MZFC:26:e3430c8a0bcbb3a70acefbf76b26b3f0,Animalia,Chordata,Reptilia,Squamata,Viperidae,Crotalus,Crotalus triseriatus,,SPECIES,"Crotalus triseriatus Wagler, 1830",Crotalus triseriatus,"(Wagler, 1830)",MX,TIXMADEJE,Mexico,PRESENT,1,ff90b050-c256-11db-b71b-b8a03c50a862,19.975,-99.941667,,,0,0,0,0,1975-12-21T00:00:00,21,12,1975,2444358,2444358,PRESERVED_SPECIMEN,FC-UNAM,MZFC,26,,NO DISPONIBLE,,CC_BY_4_0,Comisión Nacional para el Conocimiento y Uso de la Biodiversidad (CONABIO),REYNA SOTO CORREA,,,2021-01-22T17:17:38.131Z,,COORDINATE_ROUNDED;GEODETIC_DATUM_ASSUMED_WGS84;TYPE_STATUS_INVALID;OCCURRENCE_STATUS_INFERRED_FROM_INDIVIDUAL_COUNT;INSTITUTION_MATCH_NONE;COLLECTION_MATCH_NONE
1895027198,0159cf6b-6a46-4365-96f1-d7ca2511f082,urn:catalog:ENCB-IPN:ENCB:3749:39906679d04f26478be27519c0cb0145,Animalia,Chordata,Reptilia,Squamata,Viperidae,Crotalus,Crotalus triseriatus,,SPECIES,"Crotalus triseriatus Wagler, 1830",Crotalus triseriatus,"(Wagler, 1830)",MX,8 Km NE Villa Victoria,Mexico,PRESENT,1,ff90b050-c256-11db-b71b-b8a03c50a862,19.483333,-99.936389,,,1350,1350,0,0,1967-04-20T00:00:00,20,4,1967,2444358,2444358,PRESERVED_SPECIMEN,ENCB-IPN,ENCB,3749,,"Alvarez, T.; Matias, F. N.",,CC_BY_4_0,Comisión Nacional para el Conocimiento y Uso de la Biodiversidad (CONABIO),"Alcocer, J. M.",,,2021-01-22T17:02:30.011Z,,COORDINATE_ROUNDED;GEODETIC_DATUM_ASSUMED_WGS84;ELEVATION_MIN_MAX_SWAPPED;TYPE_STATUS_INVALID;OCCURRENCE_STATUS_INFERRED_FROM_INDIVIDUAL_COUNT;INSTITUTION_COLLECTION_MISMATCH;DIFFERENT_OWNER_INSTITUTION
2563438665,50c9509d-22c7-4a22-a47d-8c48425ef4a7,https://www.inaturalist.org/observations/19962012,Animalia,Chordata,Reptilia,Squamata,Viperidae,Crotalus,Crotalus triseriatus,,SPECIES,"Crotalus triseriatus Wagler, 1830",Crotalus triseriatus,,MX,,México,PRESENT,,28eb1a3f-1c15-4a95-931a-4af90ecb574d,19.223521,-99.935726,,,,,,,2018-12-20T17:47:00,20,12,2018,2444358,2444358,HUMAN_OBSERVATION,iNaturalist,Observations,19962012,,Michael Price,,CC_BY_NC_4_0,pablocardenas,pablocardenas,,,2021-01-30T23:51:34.743Z,StillImage,GEODETIC_DATUM_ASSUMED_WGS84;INSTITUTION_MATCH_NONE;COLLECTION_MATCH_NONE
1805402298,50c9509d-22c7-4a22-a47d-8c48425ef4a7,https://www.inaturalist.org/observations/9483876,Animalia,Chordata,Reptilia,Squamata,Viperidae,Crotalus,Crotalus triseriatus,,SPECIES,"Crotalus triseriatus Wagler, 1830",Crotalus triseriatus,,MX,,México,PRESENT,,28eb1a3f-1c15-4a95-931a-4af90ecb574d,19.101333,-99.922167,,,,,,,2014-12-04T12:14:00,4,12,2014,2444358,2444358,HUMAN_OBSERVATION,iNaturalist,Observations,9483876,,Ernesto,2018-01-16T01:37:46,CC_BY_NC_4_0,jorgeef,jorgeef,,,2021-01-30T23:49:41.387Z,StillImage,COORDINATE_ROUNDED;GEODETIC_DATUM_ASSUMED_WGS84;INSTITUTION_MATCH_NONE;COLLECTION_MATCH_NONE
2963786995,50c9509d-22c7-4a22-a47d-8c48425ef4a7,https://www.inaturalist.org/observations/63645912,Animalia,Chordata,Reptilia,Squamata,Viperidae,Crotalus,Crotalus triseriatus,,SPECIES,"Crotalus triseriatus Wagler, 1830",Crotalus triseriatus,,MX,,México,PRESENT,,28eb1a3f-1c15-4a95-931a-4af90ecb574d,19.175852,-99.897432,61,,,,,,2020-10-23T08:14:00,23,10,2020,2444358,2444358,HUMAN_OBSERVATION,iNaturalist,Observations,63645912,,pablocardenas,2020-10-27T18:02:00,CC_BY_NC_4_0,pablocardenas,pablocardenas,,,2021-01-30T23:50:46.313Z,StillImage,COORDINATE_ROUNDED;GEODETIC_DATUM_ASSUMED_WGS84;INSTITUTION_MATCH_NONE;COLLECTION_MATCH_NONE
1586120780,50c9509d-22c7-4a22-a47d-8c48425ef4a7,http://conabio.inaturalist.org/observations/7310839,Animalia,Chordata,Reptilia,Squamata,Viperidae,Crotalus,Crotalus triseriatus,,SPECIES,"Crotalus triseriatus Wagler, 1830",Crotalus triseriatus,,MX,,México,PRESENT,,28eb1a3f-1c15-4a95-931a-4af90ecb574d,19.201808,-99.892282,4,,,,,,2013-04-06T12:52:00,6,4,2013,2444358,2444358,HUMAN_OBSERVATION,iNaturalist,Observations,7310839,,César Rodríguez Islas,2017-08-02T05:12:05,CC_BY_NC_4_0,Diego Manzano Méndez,Diego Manzano Méndez,,,2021-01-30T23:49:36.743Z,StillImage,COORDINATE_ROUNDED;GEODETIC_DATUM_ASSUMED_WGS84;INSTITUTION_MATCH_NONE;COLLECTION_MATCH_NONE
1895027077,0159cf6b-6a46-4365-96f1-d7ca2511f082,urn:catalog:AMNH:AMNH:R-71314:2a24fa4bebf72f4a2f103fc1c92ac2f7,Animalia,Chordata,Reptilia,Squamata,Viperidae,Crotalus,Crotalus triseriatus,,SPECIES,"Crotalus triseriatus Wagler, 1830",Crotalus triseriatus,"(Wagler, 1830)",MX,"Nevado de Toluca, ladera NW. 1",Mexico,PRESENT,1,ff90b050-c256-11db-b71b-b8a03c50a862,19.171667,-99.868611,,,1350,1350,0,0,1951-08-18T00:00:00,18,8,1951,2444358,2444358,PRESERVED_SPECIMEN,AMNH,AMNH,R-71314,,NO DISPONIBLE,,CC_BY_4_0,Comisión Nacional para el Conocimiento y Uso de la Biodiversidad (CONABIO),"Bogert, C. M.; Carr, A. F",,,2021-01-22T17:02:30.421Z,,COORDINATE_ROUNDED;GEODETIC_DATUM_ASSUMED_WGS84;ELEVATION_MIN_MAX_SWAPPED;TYPE_STATUS_INVALID;OCCURRENCE_STATUS_INFERRED_FROM_INDIVIDUAL_COUNT;AMBIGUOUS_COLLECTION;INSTITUTION_MATCH_FUZZY
2826426984,50c9509d-22c7-4a22-a47d-8c48425ef4a7,https://www.inaturalist.org/observations/54306752,Animalia,Chordata,Reptilia,Squamata,Viperidae,Crotalus,Crotalus triseriatus,,SPECIES,"Crotalus triseriatus Wagler, 1830",Crotalus triseriatus,,MX,,México,PRESENT,,28eb1a3f-1c15-4a95-931a-4af90ecb574d,19.355736,-99.863304,,,,,,,2020-07-17T11:11:05,17,7,2020,2444358,2444358,HUMAN_OBSERVATION,iNaturalist,Observations,54306752,,pablomulticinctus,,CC_BY_NC_4_0,juanbastida,juanbastida,,,2021-01-30T23:52:35.025Z,StillImage,COORDINATE_ROUNDED;GEODETIC_DATUM_ASSUMED_WGS84;INSTITUTION_MATCH_NONE;COLLECTION_MATCH_NONE
2818591660,50c9509d-22c7-4a22-a47d-8c48425ef4a7,https://www.inaturalist.org/observations/53312001,Animalia,Chordata,Reptilia,Squamata,Viperidae,Crotalus,Crotalus triseriatus,,SPECIES,"Crotalus triseriatus Wagler, 1830",Crotalus triseriatus,,MX,,México,PRESENT,,28eb1a3f-1c15-4a95-931a-4af90ecb574d,19.357321,-99.861298,,,,,,,2020-07-15T16:18:43,15,7,2020,2444358,2444358,HUMAN_OBSERVATION,iNaturalist,Observations,53312001,,juanbastida,2020-07-16T23:16:02,CC_BY_NC_4_0,juanbastida,juanbastida,,,2021-01-30T23:50:35.824Z,StillImage,COORDINATE_ROUNDED;GEODETIC_DATUM_ASSUMED_WGS84;INSTITUTION_MATCH_NONE;COLLECTION_MATCH_NONE
1893321918,dcb23fa1-3f1a-4678-b11d-249787e79cae,urn:catalog:IBUNAM:CNAR:3590:ee91b5b734b6cd89aebb0085dc8172b1,Animalia,Chordata,Reptilia,Squamata,Viperidae,Crotalus,Crotalus triseriatus,,SPECIES,"Crotalus triseriatus Wagler, 1830",Crotalus triseriatus subsp. triseriatus,"(Wagler, 1830)",MX,El Pedregal,Mexico,PRESENT,1,ff90b050-c256-11db-b71b-b8a03c50a862,19.60472,-99.85444,,,1300,1300,0,0,1978-10-14T00:00:00,14,10,1978,2444358,2444358,PRESERVED_SPECIMEN,IBUNAM,CNAR,3590,,NO DISPONIBLE,,CC_BY_4_0,Comisión Nacional para el Conocimiento y Uso de la Biodiversidad (CONABIO),Raúl Reynoso Israde,,,2021-01-22T17:03:04.288Z,,GEODETIC_DATUM_ASSUMED_WGS84;TAXON_MATCH_HIGHERRANK;ELEVATION_MIN_MAX_SWAPPED;TYPE_STATUS_INVALID;OCCURRENCE_STATUS_INFERRED_FROM_INDIVIDUAL_COUNT;COLLECTION_MATCH_NONE;DIFFERENT_OWNER_INSTITUTION
2641563571,50c9509d-22c7-4a22-a47d-8c48425ef4a7,https://www.inaturalist.org/observations/49162644,Animalia,Chordata,Reptilia,Squamata,Viperidae,Crotalus,Crotalus triseriatus,,SPECIES,"Crotalus triseriatus Wagler, 1830",Crotalus triseriatus,,MX,,México,PRESENT,,28eb1a3f-1c15-4a95-931a-4af90ecb574d,19.265696,-99.849835,698,,,,,,2020-04-07T10:21:17,7,4,2020,2444358,2444358,HUMAN_OBSERVATION,iNaturalist,Observations,49162644,,Vianney,2020-06-10T21:07:14,CC_BY_NC_4_0,Vianney,Vianney,,,2021-01-30T23:52:16.715Z,StillImage,COORDINATE_ROUNDED;GEODETIC_DATUM_ASSUMED_WGS84;INSTITUTION_MATCH_NONE;COLLECTION_MATCH_NONE
2629136745,63ed64cb-90b7-4ecc-b94c-3a0317742379,urn:catalog:ENCB-IPN:ENCB:7606:4f1ccb9f9890f116dd5c0068d7551f58,Animalia,Chordata,Reptilia,Squamata,Viperidae,Crotalus,Crotalus triseriatus,,SPECIES,"Crotalus triseriatus Wagler, 1830",Crotalus triseriatus subsp. triseriatus,"(Wagler, 1830)",MX,"Planos Aculco, Zoquiapán",Mexico,PRESENT,1,ff90b050-c256-11db-b71b-b8a03c50a862,20.0989,-99.827202,,,0,0,0,0,1972-09-02T00:00:00,2,9,1972,2444358,2444358,PRESERVED_SPECIMEN,ENCB-IPN,ENCB,7606,,T. ALVAREZ,,CC_BY_4_0,Comisión Nacional para el Conocimiento y Uso de la Biodiversidad (CONABIO),J. L. MAGAÑA M.,,,2020-12-15T17:32:15.245Z,,COORDINATE_ROUNDED;TAXON_MATCH_HIGHERRANK;TYPE_STATUS_INVALID;OCCURRENCE_STATUS_INFERRED_FROM_INDIVIDUAL_COUNT;INSTITUTION_COLLECTION_MISMATCH;DIFFERENT_OWNER_INSTITUTION
2629124507,63ed64cb-90b7-4ecc-b94c-3a0317742379,urn:catalog:ENCB-IPN:ENCB:7605:fd54b1bdc29d57624998e41b9349acdc,Animalia,Chordata,Reptilia,Squamata,Viperidae,Crotalus,Crotalus triseriatus,,SPECIES,"Crotalus triseriatus Wagler, 1830",Crotalus triseriatus subsp. triseriatus,"(Wagler, 1830)",MX,"Planos Aculco, Zoquiapán",Mexico,PRESENT,1,ff90b050-c256-11db-b71b-b8a03c50a862,20.0989,-99.827202,,,0,0,0,0,1972-09-02T00:00:00,2,9,1972,2444358,2444358,PRESERVED_SPECIMEN,ENCB-IPN,ENCB,7605,,T. ALVAREZ,,CC_BY_4_0,Comisión Nacional para el Conocimiento y Uso de la Biodiversidad (CONABIO),J. L. MAGAÑA M.,,,2020-12-15T17:18:28.540Z,,COORDINATE_ROUNDED;TAXON_MATCH_HIGHERRANK;TYPE_STATUS_INVALID;OCCURRENCE_STATUS_INFERRED_FROM_INDIVIDUAL_COUNT;INSTITUTION_COLLECTION_MISMATCH;DIFFERENT_OWNER_INSTITUTION
1894950058,7feba584-f762-11e1-a439-00145eb45e9a,urn:catalog:NO DISPONIBLE:NO DISPONIBLE:99841:77d919434763b81a1652defd77f8624d,Animalia,Chordata,Reptilia,Squamata,Viperidae,Crotalus,Crotalus triseriatus,,SPECIES,"Crotalus triseriatus Wagler, 1830",Crotalus triseriatus,"(Wagler, 1830)",MX,Cadereyta de Montes,Queretaro,PRESENT,1,ff90b050-c256-11db-b71b-b8a03c50a862,20.708333,-99.825,,,0,0,0,0,,,,,2444358,2444358,PRESERVED_SPECIMEN,NO DISPONIBLE,NO DISPONIBLE,99841,,NO DISPONIBLE,,CC_BY_4_0,Comisión Nacional para el Conocimiento y Uso de la Biodiversidad (CONABIO),NO DISPONIBLE,,,2021-01-22T17:17:34.695Z,,COORDINATE_ROUNDED;GEODETIC_DATUM_ASSUMED_WGS84;RECORDED_DATE_INVALID;TYPE_STATUS_INVALID;OCCURRENCE_STATUS_INFERRED_FROM_INDIVIDUAL_COUNT;INSTITUTION_MATCH_NONE;COLLECTION_MATCH_NONE
1894950043,7feba584-f762-11e1-a439-00145eb45e9a,urn:catalog:NO DISPONIBLE:NO DISPONIBLE:99845-846:0ccf0e64e77ed72edadcd9ca96eac1da,Animalia,Chordata,Reptilia,Squamata,Viperidae,Crotalus,Crotalus triseriatus,,SPECIES,"Crotalus triseriatus Wagler, 1830",Crotalus triseriatus,"(Wagler, 1830)",MX,Cadereyta de Montes,Queretaro,PRESENT,2,ff90b050-c256-11db-b71b-b8a03c50a862,20.708333,-99.825,,,0,0,0,0,,,,,2444358,2444358,PRESERVED_SPECIMEN,NO DISPONIBLE,NO DISPONIBLE,99845-846,,NO DISPONIBLE,,CC_BY_4_0,Comisión Nacional para el Conocimiento y Uso de la Biodiversidad (CONABIO),NO DISPONIBLE,,,2021-01-22T17:17:32.581Z,,COORDINATE_ROUNDED;GEODETIC_DATUM_ASSUMED_WGS84;RECORDED_DATE_INVALID;TYPE_STATUS_INVALID;OCCURRENCE_STATUS_INFERRED_FROM_INDIVIDUAL_COUNT;INSTITUTION_MATCH_NONE;COLLECTION_MATCH_NONE
1895027191,0159cf6b-6a46-4365-96f1-d7ca2511f082,urn:catalog:AMNH:AMNH:R-71313:aa2a76b6fa1fe5fd654a02cd4b88a648,Animalia,Chordata,Reptilia,Squamata,Viperidae,Crotalus,Crotalus triseriatus,,SPECIES,"Crotalus triseriatus Wagler, 1830",Crotalus triseriatus,"(Wagler, 1830)",MX,"Nevado de Toluca, ladera NW. 1",Mexico,PRESENT,1,ff90b050-c256-11db-b71b-b8a03c50a862,19.15,-99.824722,,,1350,1350,0,0,1951-08-18T00:00:00,18,8,1951,2444358,2444358,PRESERVED_SPECIMEN,AMNH,AMNH,R-71313,,NO DISPONIBLE,,CC_BY_4_0,Comisión Nacional para el Conocimiento y Uso de la Biodiversidad (CONABIO),"Bogert, C. M.; Carr, A. F",,,2021-01-22T17:02:30.527Z,,COORDINATE_ROUNDED;GEODETIC_DATUM_ASSUMED_WGS84;ELEVATION_MIN_MAX_SWAPPED;TYPE_STATUS_INVALID;OCCURRENCE_STATUS_INFERRED_FROM_INDIVIDUAL_COUNT;AMBIGUOUS_COLLECTION;INSTITUTION_MATCH_FUZZY
1894112365,80d6e8c8-f762-11e1-a439-00145eb45e9a,urn:catalog:UMMZ:UMMZ:99845:fef76baea69200aca175cf5de5e643ff,Animalia,Chordata,Reptilia,Squamata,Viperidae,Crotalus,Crotalus triseriatus,,SPECIES,"Crotalus triseriatus Wagler, 1830",Crotalus triseriatus,"(Wagler, 1830)",MX,Cadereyta de Montes,Queretaro,PRESENT,1,ff90b050-c256-11db-b71b-b8a03c50a862,20.694444,-99.814722,,,1028.5,1028.5,0,0,1948-07-14T00:00:00,14,7,1948,2444358,2444358,PRESERVED_SPECIMEN,UMMZ,UMMZ,99845,,NO DISPONIBLE,,CC_BY_4_0,Comisión Nacional para el Conocimiento y Uso de la Biodiversidad (CONABIO),HELLMUTH O. WAGNER,,,2021-01-22T17:15:51.859Z,,COORDINATE_ROUNDED;GEODETIC_DATUM_ASSUMED_WGS84;ELEVATION_MIN_MAX_SWAPPED;TYPE_STATUS_INVALID;OCCURRENCE_STATUS_INFERRED_FROM_INDIVIDUAL_COUNT;INSTITUTION_MATCH_FUZZY;COLLECTION_MATCH_FUZZY
1894112340,80d6e8c8-f762-11e1-a439-00145eb45e9a,urn:catalog:UMMZ:UMMZ:99841:7711bf91b1ae3c5bab41b672870c5929,Animalia,Chordata,Reptilia,Squamata,Viperidae,Crotalus,Crotalus triseriatus,,SPECIES,"Crotalus triseriatus Wagler, 1830",Crotalus triseriatus,"(Wagler, 1830)",MX,Cadereyta de Montes,Queretaro,PRESENT,1,ff90b050-c256-11db-b71b-b8a03c50a862,20.694444,-99.814722,,,1028.5,1028.5,0,0,1948-07-10T00:00:00,10,7,1948,2444358,2444358,PRESERVED_SPECIMEN,UMMZ,UMMZ,99841,,NO DISPONIBLE,,CC_BY_4_0,Comisión Nacional para el Conocimiento y Uso de la Biodiversidad (CONABIO),HELLMUTH O. WAGNER,,,2021-01-22T17:15:52.109Z,,COORDINATE_ROUNDED;GEODETIC_DATUM_ASSUMED_WGS84;ELEVATION_MIN_MAX_SWAPPED;TYPE_STATUS_INVALID;OCCURRENCE_STATUS_INFERRED_FROM_INDIVIDUAL_COUNT;INSTITUTION_MATCH_FUZZY;COLLECTION_MATCH_FUZZY
1894112290,80d6e8c8-f762-11e1-a439-00145eb45e9a,urn:catalog:UMMZ:UMMZ:99846:167425e8b1c60154960da9e7b3dc2331,Animalia,Chordata,Reptilia,Squamata,Viperidae,Crotalus,Crotalus triseriatus,,SPECIES,"Crotalus triseriatus Wagler, 1830",Crotalus triseriatus,"(Wagler, 1830)",MX,Cadereyta de Montes,Queretaro,PRESENT,1,ff90b050-c256-11db-b71b-b8a03c50a862,20.694444,-99.814722,,,1028.5,1028.5,0,0,1948-07-18T00:00:00,18,7,1948,2444358,2444358,PRESERVED_SPECIMEN,UMMZ,UMMZ,99846,,NO DISPONIBLE,,CC_BY_4_0,Comisión Nacional para el Conocimiento y Uso de la Biodiversidad (CONABIO),HELLMUTH O. WAGNER,,,2021-01-22T17:15:51.663Z,,COORDINATE_ROUNDED;GEODETIC_DATUM_ASSUMED_WGS84;ELEVATION_MIN_MAX_SWAPPED;TYPE_STATUS_INVALID;OCCURRENCE_STATUS_INFERRED_FROM_INDIVIDUAL_COUNT;INSTITUTION_MATCH_FUZZY;COLLECTION_MATCH_FUZZY
1894918250,7feba584-f762-11e1-a439-00145eb45e9a,urn:catalog:AMNH:AMNH:71313-314:3b6e0824fae9565ebdea573c32edbdac,Animalia,Chordata,Reptilia,Squamata,Viperidae,Crotalus,Crotalus triseriatus,,SPECIES,"Crotalus triseriatus Wagler, 1830",Crotalus triseriatus subsp. triseriatus,"(Wagler, 1830)",MX,"NEVADO DE TOLUCA, NW",Mexico,PRESENT,2,ff90b050-c256-11db-b71b-b8a03c50a862,19.141667,-99.808333,,,1633,1633,0,0,,,,,2444358,2444358,PRESERVED_SPECIMEN,AMNH,AMNH,71313-314,,NO DISPONIBLE,,CC_BY_4_0,Comisión Nacional para el Conocimiento y Uso de la Biodiversidad (CONABIO),NO DISPONIBLE,,,2021-01-22T17:17:40.871Z,,COORDINATE_ROUNDED;GEODETIC_DATUM_ASSUMED_WGS84;RECORDED_DATE_INVALID;TAXON_MATCH_HIGHERRANK;ELEVATION_MIN_MAX_SWAPPED;TYPE_STATUS_INVALID;OCCURRENCE_STATUS_INFERRED_FROM_INDIVIDUAL_COUNT;AMBIGUOUS_COLLECTION;INSTITUTION_MATCH_FUZZY
1895028910,0159cf6b-6a46-4365-96f1-d7ca2511f082,urn:catalog:IBUNAM:CNAR:3799:47e8c545f7d45891c03acc6dc14c1cdd,Animalia,Chordata,Reptilia,Squamata,Viperidae,Crotalus,Crotalus triseriatus,,SPECIES,"Crotalus triseriatus Wagler, 1830",Crotalus triseriatus subsp. triseriatus,"(Wagler, 1830)",MX,"Toluca-Sultepec, Nevado de Toluca, en carr.",Mexico,PRESENT,1,ff90b050-c256-11db-b71b-b8a03c50a862,19.208333,-99.806944,,,2650,50,0,0,1982-05-01T00:00:00,1,5,1982,2444358,2444358,PRESERVED_SPECIMEN,IBUNAM,CNAR,3799,,NO DISPONIBLE,,CC_BY_4_0,Comisión Nacional para el Conocimiento y Uso de la Biodiversidad (CONABIO),AST et al.,,,2021-01-22T17:02:30.730Z,,COORDINATE_ROUNDED;GEODETIC_DATUM_ASSUMED_WGS84;TAXON_MATCH_HIGHERRANK;ELEVATION_MIN_MAX_SWAPPED;TYPE_STATUS_INVALID;OCCURRENCE_STATUS_INFERRED_FROM_INDIVIDUAL_COUNT;COLLECTION_MATCH_NONE;DIFFERENT_OWNER_INSTITUTION
2580109229,50c9509d-22c7-4a22-a47d-8c48425ef4a7,https://www.inaturalist.org/observations/39955264,Animalia,Chordata,Reptilia,Squamata,Viperidae,Crotalus,Crotalus triseriatus,,SPECIES,"Crotalus triseriatus Wagler, 1830",Crotalus triseriatus,,MX,,México,PRESENT,,28eb1a3f-1c15-4a95-931a-4af90ecb574d,19.143816,-99.802385,31,,,,,,2013-04-26T13:57:00,26,4,2013,2444358,2444358,HUMAN_OBSERVATION,iNaturalist,Observations,39955264,,Diego Manzano Méndez,2020-03-14T04:27:59,CC_BY_NC_4_0,Diego Manzano Méndez,Diego Manzano Méndez,,,2021-01-30T23:52:11.496Z,StillImage,COORDINATE_ROUNDED;GEODETIC_DATUM_ASSUMED_WGS84;INSTITUTION_MATCH_NONE;COLLECTION_MATCH_NONE
2580259415,50c9509d-22c7-4a22-a47d-8c48425ef4a7,https://www.inaturalist.org/observations/39955595,Animalia,Chordata,Reptilia,Squamata,Viperidae,Crotalus,Crotalus triseriatus,,SPECIES,"Crotalus triseriatus Wagler, 1830",Crotalus triseriatus,,MX,,México,PRESENT,,28eb1a3f-1c15-4a95-931a-4af90ecb574d,19.357893,-99.800919,8,,,,,,2013-05-14T10:38:00,14,5,2013,2444358,2444358,HUMAN_OBSERVATION,iNaturalist,Observations,39955595,,Diego Manzano Méndez,2020-03-14T04:41:44,CC_BY_NC_4_0,Diego Manzano Méndez,Diego Manzano Méndez,,,2021-01-30T23:50:25.995Z,StillImage,COORDINATE_ROUNDED;GEODETIC_DATUM_ASSUMED_WGS84;INSTITUTION_MATCH_NONE;COLLECTION_MATCH_NONE
1211734607,cd875b5a-b3fe-48f2-94c7-371cab1431f3,URI:catalog:ROM:Reptiles and Amphibians:18121,Animalia,Chordata,Reptilia,Squamata,Viperidae,Crotalus,Crotalus triseriatus,,SPECIES,"Crotalus triseriatus Wagler, 1830",Crotalus triseriatus,,MX,Sierra de Toluca,México,PRESENT,1,ff418020-1d67-11d9-8435-b8a03c50a862,19.12063033,-99.80011825,,,,,,,,,,,2444358,2444358,PRESERVED_SPECIMEN,ROM,Reptiles and Amphibians,18121,ROM 241,"Morafka, D.J.",,CC_BY_NC_4_0,Royal Ontario Museum; ROM,"Morafka, D.J.",,,2021-01-22T17:09:37.507Z,,COORDINATE_REPROJECTED;OCCURRENCE_STATUS_INFERRED_FROM_INDIVIDUAL_COUNT;INSTITUTION_MATCH_FUZZY;INSTITUTION_COLLECTION_MISMATCH
1895028917,0159cf6b-6a46-4365-96f1-d7ca2511f082,urn:catalog:FMNH:FMNH:126513:8f12a28b9dfdce6dd50ad092d9174983,Animalia,Chordata,Reptilia,Squamata,Viperidae,Crotalus,Crotalus triseriatus,,SPECIES,"Crotalus triseriatus Wagler, 1830",Crotalus triseriatus subsp. triseriatus,"(Wagler, 1830)",MX,Nevado de Toluca,Mexico,PRESENT,1,ff90b050-c256-11db-b71b-b8a03c50a862,19.1375,-99.8,,,3575,75,0,0,1939-09-22T00:00:00,22,9,1939,2444358,2444358,PRESERVED_SPECIMEN,FMNH,FMNH,126513,,NO DISPONIBLE,,CC_BY_4_0,Comisión Nacional para el Conocimiento y Uso de la Biodiversidad (CONABIO),NO DISPONIBLE,,,2021-01-22T17:02:31.598Z,,GEODETIC_DATUM_ASSUMED_WGS84;TAXON_MATCH_HIGHERRANK;ELEVATION_MIN_MAX_SWAPPED;TYPE_STATUS_INVALID;OCCURRENCE_STATUS_INFERRED_FROM_INDIVIDUAL_COUNT;AMBIGUOUS_COLLECTION;INSTITUTION_MATCH_FUZZY
2580246386,50c9509d-22c7-4a22-a47d-8c48425ef4a7,https://www.inaturalist.org/observations/39955597,Animalia,Chordata,Reptilia,Squamata,Viperidae,Crotalus,Crotalus triseriatus,,SPECIES,"Crotalus triseriatus Wagler, 1830",Crotalus triseriatus,,MX,,México,PRESENT,,28eb1a3f-1c15-4a95-931a-4af90ecb574d,19.349153,-99.799459,31,,,,,,2013-08-05T16:21:00,5,8,2013,2444358,2444358,HUMAN_OBSERVATION,iNaturalist,Observations,39955597,,Diego Manzano Méndez,2020-03-14T04:41:45,CC_BY_NC_4_0,Diego Manzano Méndez,Diego Manzano Méndez,,,2021-01-30T23:50:29.474Z,StillImage,COORDINATE_ROUNDED;GEODETIC_DATUM_ASSUMED_WGS84;INSTITUTION_MATCH_NONE;COLLECTION_MATCH_NONE
2629189692,5719db5a-b15f-4dad-9a11-6cde70b5ed0e,urn:catalog:FC-UNAM:MZFC:23140:84d41feee9fe0aad89d89e3630d7b724,Animalia,Chordata,Reptilia,Squamata,Viperidae,Crotalus,Crotalus triseriatus,,SPECIES,"Crotalus triseriatus Wagler, 1830",Crotalus triseriatus,"(Wagler, 1830)",MX,Cerro Xocotitlán,Mexico,PRESENT,1,ff90b050-c256-11db-b71b-b8a03c50a862,19.7375,-99.787317,,,1501,1501,0,0,2009-07-22T00:00:00,22,7,2009,2444358,2444358,PRESERVED_SPECIMEN,FC-UNAM,MZFC,23140,,Estrella Mociño Deloya,,CC_BY_4_0,Comisión Nacional para el Conocimiento y Uso de la Biodiversidad (CONABIO),Estrella Mociño Deloya,,,2020-12-15T17:10:04.486Z,,COORDINATE_ROUNDED;ELEVATION_MIN_MAX_SWAPPED;TYPE_STATUS_INVALID;OCCURRENCE_STATUS_INFERRED_FROM_INDIVIDUAL_COUNT;INSTITUTION_MATCH_NONE;COLLECTION_MATCH_NONE
1894917524,7feba584-f762-11e1-a439-00145eb45e9a,urn:catalog:FMNH:FMNH:103988:5c1c9d76a4b354c323fa8a90ff0e04b8,Animalia,Chordata,Reptilia,Squamata,Viperidae,Crotalus,Crotalus triseriatus,,SPECIES,"Crotalus triseriatus Wagler, 1830",Crotalus triseriatus subsp. triseriatus,"(Wagler, 1830)",MX,Nevado de Toluca,Mexico,PRESENT,1,ff90b050-c256-11db-b71b-b8a03c50a862,19.125,-99.775,,,0,0,0,0,1940-06-19T00:00:00,19,6,1940,2444358,2444358,PRESERVED_SPECIMEN,FMNH,FMNH,103988,,NO DISPONIBLE,,CC_BY_4_0,Comisión Nacional para el Conocimiento y Uso de la Biodiversidad (CONABIO),E.H. Taylor,,,2021-01-22T17:17:38.848Z,,GEODETIC_DATUM_ASSUMED_WGS84;TAXON_MATCH_HIGHERRANK;TYPE_STATUS_INVALID;OCCURRENCE_STATUS_INFERRED_FROM_INDIVIDUAL_COUNT;AMBIGUOUS_COLLECTION;INSTITUTION_MATCH_FUZZY
2814146952,50c9509d-22c7-4a22-a47d-8c48425ef4a7,https://www.inaturalist.org/observations/51024656,Animalia,Chordata,Reptilia,Squamata,Viperidae,Crotalus,Crotalus triseriatus,,SPECIES,"Crotalus triseriatus Wagler, 1830",Crotalus triseriatus,,MX,,México,PRESENT,,28eb1a3f-1c15-4a95-931a-4af90ecb574d,19.202504,-99.771533,30580,,,,,,2020-06-25T17:39:00,25,6,2020,2444358,2444358,HUMAN_OBSERVATION,iNaturalist,Observations,51024656,,rodrigodiego,2020-06-26T20:39:55,CC_BY_NC_4_0,rodrigodiego,rodrigodiego,,,2021-01-30T23:50:32.308Z,StillImage,COORDINATE_ROUNDED;GEODETIC_DATUM_ASSUMED_WGS84;INSTITUTION_MATCH_NONE;COLLECTION_MATCH_NONE
2629129812,63ed64cb-90b7-4ecc-b94c-3a0317742379,urn:catalog:ENCB-IPN:ENCB:6635:2e8f2126be5442e015ad9c72c40a6a66,Animalia,Chordata,Reptilia,Squamata,Viperidae,Crotalus,Crotalus triseriatus,,SPECIES,"Crotalus triseriatus Wagler, 1830",Crotalus triseriatus subsp. triseriatus,"(Wagler, 1830)",MX,"Llano Grande, Zoquiapan",Mexico,PRESENT,1,ff90b050-c256-11db-b71b-b8a03c50a862,18.830299,-99.766403,,,1550,1550,0,0,1970-09-06T00:00:00,6,9,1970,2444358,2444358,PRESERVED_SPECIMEN,ENCB-IPN,ENCB,6635,,T. ALVAREZ,,CC_BY_4_0,Comisión Nacional para el Conocimiento y Uso de la Biodiversidad (CONABIO),M. L. Aguirre,,,2020-12-15T17:24:49.879Z,,COORDINATE_ROUNDED;TAXON_MATCH_HIGHERRANK;ELEVATION_MIN_MAX_SWAPPED;TYPE_STATUS_INVALID;OCCURRENCE_STATUS_INFERRED_FROM_INDIVIDUAL_COUNT;INSTITUTION_COLLECTION_MISMATCH;DIFFERENT_OWNER_INSTITUTION
1586131815,50c9509d-22c7-4a22-a47d-8c48425ef4a7,http://conabio.inaturalist.org/observations/7343526,Animalia,Chordata,Reptilia,Squamata,Viperidae,Crotalus,Crotalus triseriatus,,SPECIES,"Crotalus triseriatus Wagler, 1830",Crotalus triseriatus,,MX,,México,PRESENT,,28eb1a3f-1c15-4a95-931a-4af90ecb574d,19.108565,-99.754769,206,,,,,,2017-07-30T00:01:00,30,7,2017,2444358,2444358,HUMAN_OBSERVATION,iNaturalist,Observations,7343526,,Ernesto,,CC_BY_NC_4_0,Elean,Elean,,,2021-01-30T23:49:37.972Z,StillImage,COORDINATE_ROUNDED;GEODETIC_DATUM_ASSUMED_WGS84;INSTITUTION_MATCH_NONE;COLLECTION_MATCH_NONE
1270054611,50c9509d-22c7-4a22-a47d-8c48425ef4a7,http://conabio.inaturalist.org/observations/3344663,Animalia,Chordata,Reptilia,Squamata,Viperidae,Crotalus,Crotalus triseriatus,,SPECIES,"Crotalus triseriatus Wagler, 1830",Crotalus triseriatus,,MX,,México,PRESENT,,28eb1a3f-1c15-4a95-931a-4af90ecb574d,19.112904,-99.751895,31,,,,,,2016-05-29T00:00:00,29,5,2016,2444358,2444358,HUMAN_OBSERVATION,iNaturalist,Observations,3344663,,Fundacion Lince,2016-05-31T02:41:16,CC_BY_NC_4_0,Fundacion Lince,Fundacion Lince,,,2021-01-30T23:51:09.969Z,StillImage,GEODETIC_DATUM_ASSUMED_WGS84;INSTITUTION_MATCH_NONE;COLLECTION_MATCH_NONE
2620000651,50c9509d-22c7-4a22-a47d-8c48425ef4a7,https://www.inaturalist.org/observations/45106585,Animalia,Chordata,Reptilia,Squamata,Viperidae,Crotalus,Crotalus triseriatus,,SPECIES,"Crotalus triseriatus Wagler, 1830",Crotalus triseriatus,,MX,,México,PRESENT,,28eb1a3f-1c15-4a95-931a-4af90ecb574d,19.399989,-99.749974,30580,,,,,,2020-05-06T15:51:56,6,5,2020,2444358,2444358,HUMAN_OBSERVATION,iNaturalist,Observations,45106585,,Esaú Valdenegro-Brito,2020-05-09T18:07:43,CC_BY_NC_4_0,ant_mha,ant_mha,,,2021-01-30T23:50:29.732Z,StillImage,COORDINATE_ROUNDED;GEODETIC_DATUM_ASSUMED_WGS84;INSTITUTION_MATCH_NONE;COLLECTION_MATCH_NONE
2238939246,50c9509d-22c7-4a22-a47d-8c48425ef4a7,https://www.inaturalist.org/observations/23848443,Animalia,Chordata,Reptilia,Squamata,Viperidae,Crotalus,Crotalus triseriatus,,SPECIES,"Crotalus triseriatus Wagler, 1830",Crotalus triseriatus,,MX,,México,PRESENT,,28eb1a3f-1c15-4a95-931a-4af90ecb574d,19.200666,-99.747609,486,,,,,,2013-08-17T12:22:00,17,8,2013,2444358,2444358,HUMAN_OBSERVATION,iNaturalist,Observations,23848443,,Luis Macotela,2019-04-29T04:45:00,CC_BY_NC_4_0,Luis Macotela,Luis Macotela,,,2021-01-30T23:51:41.186Z,StillImage,COORDINATE_ROUNDED;GEODETIC_DATUM_ASSUMED_WGS84;INSTITUTION_MATCH_NONE;COLLECTION_MATCH_NONE
1571128221,50c9509d-22c7-4a22-a47d-8c48425ef4a7,http://conabio.inaturalist.org/observations/6611578,Animalia,Chordata,Reptilia,Squamata,Viperidae,Crotalus,Crotalus triseriatus,,SPECIES,"Crotalus triseriatus Wagler, 1830",Crotalus triseriatus,,MX,,México,PRESENT,,28eb1a3f-1c15-4a95-931a-4af90ecb574d,19.4498,-99.740496,31,,,,,,2017-02-15T15:25:00,15,2,2017,2444358,2444358,HUMAN_OBSERVATION,iNaturalist,Observations,6611578,,Enrique Marin,2017-06-12T20:34:35,CC_BY_NC_4_0,Enrique Marin,Enrique Marin,,,2021-01-30T23:49:35.821Z,StillImage,COORDINATE_ROUNDED;GEODETIC_DATUM_ASSUMED_WGS84;INSTITUTION_MATCH_NONE;COLLECTION_MATCH_NONE
2868140194,50c9509d-22c7-4a22-a47d-8c48425ef4a7,https://www.inaturalist.org/observations/60393665,Animalia,Chordata,Reptilia,Squamata,Viperidae,Crotalus,Crotalus triseriatus,,SPECIES,"Crotalus triseriatus Wagler, 1830",Crotalus triseriatus,,MX,,México,PRESENT,,28eb1a3f-1c15-4a95-931a-4af90ecb574d,19.368885,-99.736506,528,,,,,,2020-06-26T10:11:00,26,6,2020,2444358,2444358,HUMAN_OBSERVATION,iNaturalist,Observations,60393665,,andreajs,2020-09-22T04:45:30,CC_BY_NC_4_0,andreajs,andreajs,,,2021-01-30T23:52:31.655Z,StillImage,COORDINATE_ROUNDED;GEODETIC_DATUM_ASSUMED_WGS84;INSTITUTION_MATCH_NONE;COLLECTION_MATCH_NONE
2350339197,50c9509d-22c7-4a22-a47d-8c48425ef4a7,https://www.inaturalist.org/observations/30485258,Animalia,Chordata,Reptilia,Squamata,Viperidae,Crotalus,Crotalus triseriatus,,SPECIES,"Crotalus triseriatus Wagler, 1830",Crotalus triseriatus,,MX,,México,PRESENT,,28eb1a3f-1c15-4a95-931a-4af90ecb574d,19.368885,-99.736506,528,,,,,,2019-05-28T10:50:00,28,5,2019,2444358,2444358,HUMAN_OBSERVATION,iNaturalist,Observations,30485258,,andreajs,2019-08-09T15:51:09,CC_BY_NC_4_0,andreajs,andreajs,,,2021-01-30T23:52:05.097Z,StillImage,COORDINATE_ROUNDED;GEODETIC_DATUM_ASSUMED_WGS84;INSTITUTION_MATCH_NONE;COLLECTION_MATCH_NONE
1586120730,50c9509d-22c7-4a22-a47d-8c48425ef4a7,http://conabio.inaturalist.org/observations/7310840,Animalia,Chordata,Reptilia,Squamata,Viperidae,Crotalus,Crotalus triseriatus,,SPECIES,"Crotalus triseriatus Wagler, 1830",Crotalus triseriatus,,MX,,México,PRESENT,,28eb1a3f-1c15-4a95-931a-4af90ecb574d,19.167363,-99.734294,31,,,,,,2013-07-04T12:30:00,4,7,2013,2444358,2444358,HUMAN_OBSERVATION,iNaturalist,Observations,7310840,,César Rodríguez Islas,2017-08-02T05:11:32,CC_BY_NC_4_0,Diego Manzano Méndez,Diego Manzano Méndez,,,2021-01-30T23:51:14.838Z,StillImage,COORDINATE_ROUNDED;GEODETIC_DATUM_ASSUMED_WGS84;INSTITUTION_MATCH_NONE;COLLECTION_MATCH_NONE
2864609961,50c9509d-22c7-4a22-a47d-8c48425ef4a7,https://www.inaturalist.org/observations/59415028,Animalia,Chordata,Reptilia,Squamata,Viperidae,Crotalus,Crotalus triseriatus,,SPECIES,"Crotalus triseriatus Wagler, 1830",Crotalus triseriatus,,MX,,México,PRESENT,,28eb1a3f-1c15-4a95-931a-4af90ecb574d,19.230122,-99.724083,122,,,,,,2013-08-17T12:17:00,17,8,2013,2444358,2444358,HUMAN_OBSERVATION,iNaturalist,Observations,59415028,,Luis Macotela,2020-09-13T05:41:48,CC_BY_NC_4_0,Luis Macotela,Luis Macotela,,,2021-01-30T23:52:38.917Z,StillImage,COORDINATE_ROUNDED;GEODETIC_DATUM_ASSUMED_WGS84;INSTITUTION_MATCH_NONE;COLLECTION_MATCH_NONE
1895028942,0159cf6b-6a46-4365-96f1-d7ca2511f082,urn:catalog:AMNH:AMNH:R-94720:da5b55262a1e4d06769d1c4994d81f81,Animalia,Chordata,Reptilia,Squamata,Viperidae,Crotalus,Crotalus triseriatus,,SPECIES,"Crotalus triseriatus Wagler, 1830",Crotalus triseriatus subsp. triseriatus,"(Wagler, 1830)",MX,"5 mi NW Toluca, Tecaxic",Mexico,PRESENT,1,ff90b050-c256-11db-b71b-b8a03c50a862,19.323611,-99.721667,,,1800,1800,0,0,1965-09-01T00:00:00,,9,1965,2444358,2444358,PRESERVED_SPECIMEN,AMNH,AMNH,R-94720,,NO DISPONIBLE,,CC_BY_4_0,Comisión Nacional para el Conocimiento y Uso de la Biodiversidad (CONABIO),"Gómez, C.",,,2021-01-22T17:02:30.483Z,,COORDINATE_ROUNDED;GEODETIC_DATUM_ASSUMED_WGS84;RECORDED_DATE_INVALID;TAXON_MATCH_HIGHERRANK;ELEVATION_MIN_MAX_SWAPPED;TYPE_STATUS_INVALID;OCCURRENCE_STATUS_INFERRED_FROM_INDIVIDUAL_COUNT;AMBIGUOUS_COLLECTION;INSTITUTION_MATCH_FUZZY
1894112354,80d6e8c8-f762-11e1-a439-00145eb45e9a,urn:catalog:TCWC-TAMU:TCWC:41553:1bf73bace50be96403b78ca544a97e37,Animalia,Chordata,Reptilia,Squamata,Viperidae,Crotalus,Crotalus triseriatus,,SPECIES,"Crotalus triseriatus Wagler, 1830",Crotalus triseriatus,"(Wagler, 1830)",MX,10.2 MI WSW SAN JOAQUIN,Queretaro,PRESENT,1,ff90b050-c256-11db-b71b-b8a03c50a862,20.959444,-99.718611,,,0,0,0,0,,,,,2444358,2444358,PRESERVED_SPECIMEN,TCWC-TAMU,TCWC,41553,,NO DISPONIBLE,,CC_BY_4_0,Comisión Nacional para el Conocimiento y Uso de la Biodiversidad (CONABIO),NO DISPONIBLE,,,2021-01-22T17:15:52.009Z,,COORDINATE_ROUNDED;GEODETIC_DATUM_ASSUMED_WGS84;RECORDED_DATE_INVALID;TYPE_STATUS_INVALID;OCCURRENCE_STATUS_INFERRED_FROM_INDIVIDUAL_COUNT;INSTITUTION_MATCH_NONE;COLLECTION_MATCH_FUZZY
2445061851,50c9509d-22c7-4a22-a47d-8c48425ef4a7,https://www.inaturalist.org/observations/34636041,Animalia,Chordata,Reptilia,Squamata,Viperidae,Crotalus,Crotalus triseriatus,,SPECIES,"Crotalus triseriatus Wagler, 1830",Crotalus triseriatus,,MX,,México,PRESENT,,28eb1a3f-1c15-4a95-931a-4af90ecb574d,19.228119,-99.713836,60,,,,,,2019-10-19T21:21:27,19,10,2019,2444358,2444358,HUMAN_OBSERVATION,iNaturalist,Observations,34636041,,davidguajardo,2019-10-20T15:56:48,CC_BY_NC_4_0,davidguajardo,davidguajardo,,,2021-01-30T23:51:57.016Z,StillImage,COORDINATE_ROUNDED;GEODETIC_DATUM_ASSUMED_WGS84;INSTITUTION_MATCH_NONE;COLLECTION_MATCH_NONE
2251928113,50c9509d-22c7-4a22-a47d-8c48425ef4a7,https://www.inaturalist.org/observations/25904804,Animalia,Chordata,Reptilia,Squamata,Viperidae,Crotalus,Crotalus triseriatus,,SPECIES,"Crotalus triseriatus Wagler, 1830",Crotalus triseriatus,,MX,,México,PRESENT,,28eb1a3f-1c15-4a95-931a-4af90ecb574d,19.31046,-99.708908,61,,,,,,2019-05-26T10:48:00,26,5,2019,2444358,2444358,HUMAN_OBSERVATION,iNaturalist,Observations,25904804,,irvingrojas145,2019-05-27T21:54:29,CC_BY_NC_4_0,irvingrojas145,irvingrojas145,,,2021-01-30T23:50:01.792Z,StillImage,COORDINATE_ROUNDED;GEODETIC_DATUM_ASSUMED_WGS84;INSTITUTION_MATCH_NONE;COLLECTION_MATCH_NONE
2626362850,50c9509d-22c7-4a22-a47d-8c48425ef4a7,https://www.inaturalist.org/observations/45454674,Animalia,Chordata,Reptilia,Squamata,Viperidae,Crotalus,Crotalus triseriatus,,SPECIES,"Crotalus triseriatus Wagler, 1830",Crotalus triseriatus,,MX,,México,PRESENT,,28eb1a3f-1c15-4a95-931a-4af90ecb574d,19.313675,-99.706075,101,,,,,,2020-05-09T16:00:00,9,5,2020,2444358,2444358,HUMAN_OBSERVATION,iNaturalist,Observations,45454674,,irvingrojas145,2020-05-10T06:56:09,CC_BY_NC_4_0,irvingrojas145,irvingrojas145,,,2021-01-30T23:52:12.868Z,StillImage,COORDINATE_ROUNDED;GEODETIC_DATUM_ASSUMED_WGS84;INSTITUTION_MATCH_NONE;COLLECTION_MATCH_NONE
2028477979,50c9509d-22c7-4a22-a47d-8c48425ef4a7,https://www.inaturalist.org/observations/21338489,Animalia,Chordata,Reptilia,Squamata,Viperidae,Crotalus,Crotalus triseriatus,,SPECIES,"Crotalus triseriatus Wagler, 1830",Crotalus triseriatus,,MX,,México,PRESENT,,28eb1a3f-1c15-4a95-931a-4af90ecb574d,19.311027,-99.705152,122,,,,,,2019-03-17T12:15:00,17,3,2019,2444358,2444358,HUMAN_OBSERVATION,iNaturalist,Observations,21338489,,irvingrojas145,2019-03-17T23:17:32,CC_BY_NC_4_0,irvingrojas145,irvingrojas145,,,2021-01-30T23:51:50.220Z,StillImage,COORDINATE_ROUNDED;GEODETIC_DATUM_ASSUMED_WGS84;INSTITUTION_MATCH_NONE;COLLECTION_MATCH_NONE
2629137255,63ed64cb-90b7-4ecc-b94c-3a0317742379,urn:catalog:ENCB-IPN:ENCB:13671:a059f1bb231ba45fb99f920c381fdb42,Animalia,Chordata,Reptilia,Squamata,Viperidae,Crotalus,Crotalus triseriatus,,SPECIES,"Crotalus triseriatus Wagler, 1830",Crotalus triseriatus,"(Wagler, 1830)",MX,San Cayetano,Mexico,PRESENT,1,ff90b050-c256-11db-b71b-b8a03c50a862,19.3998,-99.705,,,975,975,0,0,1967-08-01T00:00:00,,8,1967,2444358,2444358,PRESERVED_SPECIMEN,ENCB-IPN,ENCB,13671,,T. ALVAREZ,,CC_BY_4_0,Comisión Nacional para el Conocimiento y Uso de la Biodiversidad (CONABIO),C. MORALES,,,2020-12-15T17:32:55.625Z,,COORDINATE_ROUNDED;RECORDED_DATE_INVALID;ELEVATION_MIN_MAX_SWAPPED;TYPE_STATUS_INVALID;OCCURRENCE_STATUS_INFERRED_FROM_INDIVIDUAL_COUNT;INSTITUTION_COLLECTION_MISMATCH;DIFFERENT_OWNER_INSTITUTION
2629124267,63ed64cb-90b7-4ecc-b94c-3a0317742379,urn:catalog:ENCB-IPN:ENCB:13672:f326191835688c85217692fdcd3c760a,Animalia,Chordata,Reptilia,Squamata,Viperidae,Crotalus,Crotalus triseriatus,,SPECIES,"Crotalus triseriatus Wagler, 1830",Crotalus triseriatus,"(Wagler, 1830)",MX,San Cayetano,Mexico,PRESENT,1,ff90b050-c256-11db-b71b-b8a03c50a862,19.3998,-99.705,,,975,975,0,0,1967-08-01T00:00:00,,8,1967,2444358,2444358,PRESERVED_SPECIMEN,ENCB-IPN,ENCB,13672,,T. ALVAREZ,,CC_BY_4_0,Comisión Nacional para el Conocimiento y Uso de la Biodiversidad (CONABIO),C. MORALES,,,2020-12-15T17:18:07.612Z,,COORDINATE_ROUNDED;RECORDED_DATE_INVALID;ELEVATION_MIN_MAX_SWAPPED;TYPE_STATUS_INVALID;OCCURRENCE_STATUS_INFERRED_FROM_INDIVIDUAL_COUNT;INSTITUTION_COLLECTION_MISMATCH;DIFFERENT_OWNER_INSTITUTION
2629121992,63ed64cb-90b7-4ecc-b94c-3a0317742379,urn:catalog:ENCB-IPN:ENCB:11992:762c5916ef7f29b3be942619d15d2ab0,Animalia,Chordata,Reptilia,Squamata,Viperidae,Crotalus,Crotalus triseriatus,,SPECIES,"Crotalus triseriatus Wagler, 1830",Crotalus triseriatus subsp. triseriatus,"(Wagler, 1830)",MX,San Cayetano,Mexico,PRESENT,1,ff90b050-c256-11db-b71b-b8a03c50a862,19.3998,-99.705,,,975,975,0,0,1982-04-17T00:00:00,17,4,1982,2444358,2444358,PRESERVED_SPECIMEN,ENCB-IPN,ENCB,11992,,T. ALVAREZ,,CC_BY_4_0,Comisión Nacional para el Conocimiento y Uso de la Biodiversidad (CONABIO),M. MARTINEZ C.,,,2020-12-15T17:15:16.727Z,,COORDINATE_ROUNDED;TAXON_MATCH_HIGHERRANK;ELEVATION_MIN_MAX_SWAPPED;TYPE_STATUS_INVALID;OCCURRENCE_STATUS_INFERRED_FROM_INDIVIDUAL_COUNT;INSTITUTION_COLLECTION_MISMATCH;DIFFERENT_OWNER_INSTITUTION
2629121952,63ed64cb-90b7-4ecc-b94c-3a0317742379,urn:catalog:ENCB-IPN:ENCB:11993:f4bb7fd387e760ad6e4dfdbedb6589b6,Animalia,Chordata,Reptilia,Squamata,Viperidae,Crotalus,Crotalus triseriatus,,SPECIES,"Crotalus triseriatus Wagler, 1830",Crotalus triseriatus subsp. triseriatus,"(Wagler, 1830)",MX,San Cayetano,Mexico,PRESENT,1,ff90b050-c256-11db-b71b-b8a03c50a862,19.3998,-99.705,,,975,975,0,0,1982-04-17T00:00:00,17,4,1982,2444358,2444358,PRESERVED_SPECIMEN,ENCB-IPN,ENCB,11993,,T. ALVAREZ,,CC_BY_4_0,Comisión Nacional para el Conocimiento y Uso de la Biodiversidad (CONABIO),M. MARTINEZ C.,,,2020-12-15T17:15:11.858Z,,COORDINATE_ROUNDED;TAXON_MATCH_HIGHERRANK;ELEVATION_MIN_MAX_SWAPPED;TYPE_STATUS_INVALID;OCCURRENCE_STATUS_INFERRED_FROM_INDIVIDUAL_COUNT;INSTITUTION_COLLECTION_MISMATCH;DIFFERENT_OWNER_INSTITUTION
2629120386,63ed64cb-90b7-4ecc-b94c-3a0317742379,urn:catalog:ENCB-IPN:ENCB:2187:cd66cc7fbefe9b4da04b39d7c6ff5ed0,Animalia,Chordata,Reptilia,Squamata,Viperidae,Crotalus,Crotalus triseriatus,,SPECIES,"Crotalus triseriatus Wagler, 1830",Crotalus triseriatus subsp. triseriatus,"(Wagler, 1830)",MX,San Cayetano,Mexico,PRESENT,1,ff90b050-c256-11db-b71b-b8a03c50a862,19.3998,-99.705,,,975,975,0,0,1957-12-10T00:00:00,10,12,1957,2444358,2444358,PRESERVED_SPECIMEN,ENCB-IPN,ENCB,2187,,T. ALVAREZ,,CC_BY_4_0,Comisión Nacional para el Conocimiento y Uso de la Biodiversidad (CONABIO),F. Medellín,,,2020-12-15T17:13:15.801Z,,COORDINATE_ROUNDED;TAXON_MATCH_HIGHERRANK;ELEVATION_MIN_MAX_SWAPPED;TYPE_STATUS_INVALID;OCCURRENCE_STATUS_INFERRED_FROM_INDIVIDUAL_COUNT;INSTITUTION_COLLECTION_MISMATCH;DIFFERENT_OWNER_INSTITUTION
2629119277,63ed64cb-90b7-4ecc-b94c-3a0317742379,urn:catalog:ENCB-IPN:ENCB:11994:0ade5e7a21bcffac3c9d84ac6370a3ba,Animalia,Chordata,Reptilia,Squamata,Viperidae,Crotalus,Crotalus triseriatus,,SPECIES,"Crotalus triseriatus Wagler, 1830",Crotalus triseriatus subsp. triseriatus,"(Wagler, 1830)",MX,San Cayetano,Mexico,PRESENT,1,ff90b050-c256-11db-b71b-b8a03c50a862,19.3998,-99.705,,,975,975,0,0,1982-04-24T00:00:00,24,4,1982,2444358,2444358,PRESERVED_SPECIMEN,ENCB-IPN,ENCB,11994,,T. ALVAREZ,,CC_BY_4_0,Comisión Nacional para el Conocimiento y Uso de la Biodiversidad (CONABIO),A. Velázquez,,,2020-12-15T17:12:05.876Z,,COORDINATE_ROUNDED;TAXON_MATCH_HIGHERRANK;ELEVATION_MIN_MAX_SWAPPED;TYPE_STATUS_INVALID;OCCURRENCE_STATUS_INFERRED_FROM_INDIVIDUAL_COUNT;INSTITUTION_COLLECTION_MISMATCH;DIFFERENT_OWNER_INSTITUTION
2242835428,50c9509d-22c7-4a22-a47d-8c48425ef4a7,https://www.inaturalist.org/observations/24549449,Animalia,Chordata,Reptilia,Squamata,Viperidae,Crotalus,Crotalus triseriatus,,SPECIES,"Crotalus triseriatus Wagler, 1830",Crotalus triseriatus,,MX,,México,PRESENT,,28eb1a3f-1c15-4a95-931a-4af90ecb574d,19.311787,-99.704949,61,,,,,,2019-05-04T15:38:00,4,5,2019,2444358,2444358,HUMAN_OBSERVATION,iNaturalist,Observations,24549449,,irvingrojas145,2019-05-04T23:13:35,CC_BY_NC_4_0,irvingrojas145,irvingrojas145,,,2021-01-30T23:50:00.504Z,StillImage,COORDINATE_ROUNDED;GEODETIC_DATUM_ASSUMED_WGS84;INSTITUTION_MATCH_NONE;COLLECTION_MATCH_NONE
2028469713,50c9509d-22c7-4a22-a47d-8c48425ef4a7,https://www.inaturalist.org/observations/21313813,Animalia,Chordata,Reptilia,Squamata,Viperidae,Crotalus,Crotalus triseriatus,,SPECIES,"Crotalus triseriatus Wagler, 1830",Crotalus triseriatus,,MX,,México,PRESENT,,28eb1a3f-1c15-4a95-931a-4af90ecb574d,19.30988,-99.702951,31,,,,,,2019-03-17T11:22:00,17,3,2019,2444358,2444358,HUMAN_OBSERVATION,iNaturalist,Observations,21313813,,irvingrojas145,2019-03-17T09:21:23,CC_BY_NC_4_0,irvingrojas145,irvingrojas145,,,2021-01-30T23:49:58.229Z,StillImage,COORDINATE_ROUNDED;GEODETIC_DATUM_ASSUMED_WGS84;INSTITUTION_MATCH_NONE;COLLECTION_MATCH_NONE
2242838297,50c9509d-22c7-4a22-a47d-8c48425ef4a7,https://www.inaturalist.org/observations/24549537,Animalia,Chordata,Reptilia,Squamata,Viperidae,Crotalus,Crotalus triseriatus,,SPECIES,"Crotalus triseriatus Wagler, 1830",Crotalus triseriatus,,MX,,México,PRESENT,,28eb1a3f-1c15-4a95-931a-4af90ecb574d,19.311736,-99.698873,31,,,,,,2019-05-04T15:38:00,4,5,2019,2444358,2444358,HUMAN_OBSERVATION,iNaturalist,Observations,24549537,,irvingrojas145,2019-05-04T23:14:48,CC_BY_NC_4_0,irvingrojas145,irvingrojas145,,,2021-01-30T23:50:02.060Z,StillImage,COORDINATE_ROUNDED;GEODETIC_DATUM_ASSUMED_WGS84;INSTITUTION_MATCH_NONE;COLLECTION_MATCH_NONE
2856518090,50c9509d-22c7-4a22-a47d-8c48425ef4a7,https://www.inaturalist.org/observations/57457418,Animalia,Chordata,Reptilia,Squamata,Viperidae,Crotalus,Crotalus triseriatus,,SPECIES,"Crotalus triseriatus Wagler, 1830",Crotalus triseriatus,,MX,,México,PRESENT,,28eb1a3f-1c15-4a95-931a-4af90ecb574d,19.156389,-99.695175,10,,,,,,2020-08-13T12:06:00,13,8,2020,2444358,2444358,HUMAN_OBSERVATION,iNaturalist,Observations,57457418,,Chris Grünwald Herp.mx,2020-08-27T15:45:09,CC_BY_NC_4_0,marcogb,marcogb,,,2021-01-30T23:50:52.905Z,StillImage,COORDINATE_ROUNDED;GEODETIC_DATUM_ASSUMED_WGS84;INSTITUTION_MATCH_NONE;COLLECTION_MATCH_NONE
1895028893,0159cf6b-6a46-4365-96f1-d7ca2511f082,urn:catalog:IBUNAM:CNAR:13146:f428918950117eacbde395c417c8fbdb,Animalia,Chordata,Reptilia,Squamata,Viperidae,Crotalus,Crotalus triseriatus,,SPECIES,"Crotalus triseriatus Wagler, 1830",Crotalus triseriatus subsp. triseriatus,"(Wagler, 1830)",MX,"El Cerrillo, Piedras  Blancas, Mpio. Toluca",Mexico,PRESENT,1,ff90b050-c256-11db-b71b-b8a03c50a862,19.408056,-99.694444,,,1325,1325,0,0,1998-09-14T00:00:00,14,9,1998,2444358,2444358,PRESERVED_SPECIMEN,IBUNAM,CNAR,13146,,"Casas-Andreu, G.",,CC_BY_4_0,Comisión Nacional para el Conocimiento y Uso de la Biodiversidad (CONABIO),"Cruz, A. R.",,,2021-01-22T17:02:30.155Z,,COORDINATE_ROUNDED;GEODETIC_DATUM_ASSUMED_WGS84;TAXON_MATCH_HIGHERRANK;ELEVATION_MIN_MAX_SWAPPED;TYPE_STATUS_INVALID;OCCURRENCE_STATUS_INFERRED_FROM_INDIVIDUAL_COUNT;COLLECTION_MATCH_NONE;DIFFERENT_OWNER_INSTITUTION
2397469140,50c9509d-22c7-4a22-a47d-8c48425ef4a7,https://www.inaturalist.org/observations/23750957,Animalia,Chordata,Reptilia,Squamata,Viperidae,Crotalus,Crotalus triseriatus,,SPECIES,"Crotalus triseriatus Wagler, 1830",Crotalus triseriatus,,MX,,México,PRESENT,,28eb1a3f-1c15-4a95-931a-4af90ecb574d,19.333448,-99.693936,66,,,,,,2019-04-28T14:34:44,28,4,2019,2444358,2444358,HUMAN_OBSERVATION,iNaturalist,Observations,23750957,,Calvin Vick,,CC_BY_NC_4_0,Diana Vg,Diana Vg,,,2021-01-30T23:51:40.031Z,StillImage,COORDINATE_ROUNDED;GEODETIC_DATUM_ASSUMED_WGS84;INSTITUTION_MATCH_NONE;COLLECTION_MATCH_NONE
1894950160,7feba584-f762-11e1-a439-00145eb45e9a,urn:catalog:MCZ-HU:MCZ:42684:87d204194dbed7cb5d4679f019e086c0,Animalia,Chordata,Reptilia,Squamata,Viperidae,Crotalus,Crotalus triseriatus,,SPECIES,"Crotalus triseriatus Wagler, 1830",Crotalus triseriatus,"(Wagler, 1830)",MX,Omiltemi,Guerrero,PRESENT,1,ff90b050-c256-11db-b71b-b8a03c50a862,17.575,-99.691667,,,0,0,0,0,,,,,2444358,2444358,PRESERVED_SPECIMEN,MCZ-HU,MCZ,42684,,NO DISPONIBLE,,CC_BY_4_0,Comisión Nacional para el Conocimiento y Uso de la Biodiversidad (CONABIO),NO DISPONIBLE,,,2021-01-22T17:17:39.566Z,,COORDINATE_ROUNDED;GEODETIC_DATUM_ASSUMED_WGS84;RECORDED_DATE_INVALID;TYPE_STATUS_INVALID;OCCURRENCE_STATUS_INFERRED_FROM_INDIVIDUAL_COUNT;AMBIGUOUS_COLLECTION;INSTITUTION_MATCH_NONE
1894950085,7feba584-f762-11e1-a439-00145eb45e9a,urn:catalog:NMNH-SI:USNM:46343:db8bceb582f491c47efc5743c5866e9c,Animalia,Chordata,Reptilia,Squamata,Viperidae,Crotalus,Crotalus triseriatus,,SPECIES,"Crotalus triseriatus Wagler, 1830",Crotalus triseriatus,"(Wagler, 1830)",MX,Omiltemi,Guerrero,PRESENT,1,ff90b050-c256-11db-b71b-b8a03c50a862,17.575,-99.691667,,,0,0,0,0,,,,,2444358,2444358,PRESERVED_SPECIMEN,NMNH-SI,USNM,46343,,NO DISPONIBLE,,CC_BY_4_0,Comisión Nacional para el Conocimiento y Uso de la Biodiversidad (CONABIO),NO DISPONIBLE,,,2021-01-22T17:17:38.011Z,,COORDINATE_ROUNDED;GEODETIC_DATUM_ASSUMED_WGS84;RECORDED_DATE_INVALID;TYPE_STATUS_INVALID;OCCURRENCE_STATUS_INFERRED_FROM_INDIVIDUAL_COUNT;INSTITUTION_MATCH_NONE;COLLECTION_MATCH_FUZZY
1894950078,7feba584-f762-11e1-a439-00145eb45e9a,urn:catalog:MCZ-HU:MCZ:42683:13351e3832344710eee0013779b1b9cf,Animalia,Chordata,Reptilia,Squamata,Viperidae,Crotalus,Crotalus triseriatus,,SPECIES,"Crotalus triseriatus Wagler, 1830",Crotalus triseriatus,"(Wagler, 1830)",MX,Omiltemi,Guerrero,PRESENT,1,ff90b050-c256-11db-b71b-b8a03c50a862,17.575,-99.691667,,,0,0,0,0,,,,,2444358,2444358,PRESERVED_SPECIMEN,MCZ-HU,MCZ,42683,,NO DISPONIBLE,,CC_BY_4_0,Comisión Nacional para el Conocimiento y Uso de la Biodiversidad (CONABIO),NO DISPONIBLE,,,2021-01-22T17:17:35.153Z,,COORDINATE_ROUNDED;GEODETIC_DATUM_ASSUMED_WGS84;RECORDED_DATE_INVALID;TYPE_STATUS_INVALID;OCCURRENCE_STATUS_INFERRED_FROM_INDIVIDUAL_COUNT;AMBIGUOUS_COLLECTION;INSTITUTION_MATCH_NONE
1894950077,7feba584-f762-11e1-a439-00145eb45e9a,urn:catalog:MCZ-HU:MCZ:42685:d82c8b5304598caef3db241754dbe7dd,Animalia,Chordata,Reptilia,Squamata,Viperidae,Crotalus,Crotalus triseriatus,,SPECIES,"Crotalus triseriatus Wagler, 1830",Crotalus triseriatus,"(Wagler, 1830)",MX,Omiltemi,Guerrero,PRESENT,1,ff90b050-c256-11db-b71b-b8a03c50a862,17.575,-99.691667,,,0,0,0,0,,,,,2444358,2444358,PRESERVED_SPECIMEN,MCZ-HU,MCZ,42685,,NO DISPONIBLE,,CC_BY_4_0,Comisión Nacional para el Conocimiento y Uso de la Biodiversidad (CONABIO),NO DISPONIBLE,,,2021-01-22T17:17:40.104Z,,COORDINATE_ROUNDED;GEODETIC_DATUM_ASSUMED_WGS84;RECORDED_DATE_INVALID;TYPE_STATUS_INVALID;OCCURRENCE_STATUS_INFERRED_FROM_INDIVIDUAL_COUNT;AMBIGUOUS_COLLECTION;INSTITUTION_MATCH_NONE
2429442698,50c9509d-22c7-4a22-a47d-8c48425ef4a7,https://www.inaturalist.org/observations/34046917,Animalia,Chordata,Reptilia,Squamata,Viperidae,Crotalus,Crotalus triseriatus,,SPECIES,"Crotalus triseriatus Wagler, 1830",Crotalus triseriatus,,MX,,México,PRESENT,,28eb1a3f-1c15-4a95-931a-4af90ecb574d,19.311286,-99.690982,6,,,,,,2019-09-05T13:20:00,5,9,2019,2444358,2444358,HUMAN_OBSERVATION,iNaturalist,Observations,34046917,,biolosrherp,2019-10-08T02:13:13,CC_BY_NC_4_0,biolosrherp,biolosrherp,,,2021-01-30T23:50:18.121Z,StillImage,COORDINATE_ROUNDED;GEODETIC_DATUM_ASSUMED_WGS84;INSTITUTION_MATCH_NONE;COLLECTION_MATCH_NONE
476797324,4bfac3ea-8763-4f4b-a71a-76a6f5f243d3,MCZ:Herp:R-42685,Animalia,Chordata,Reptilia,Squamata,Viperidae,Crotalus,Crotalus triseriatus,,SPECIES,"Crotalus triseriatus Wagler, 1830","Crotalus triseriatus triseriatus (Wagler, 1830)","(Wagler, 1830)",MX,Omilteme,Guerrero,PRESENT,1,b4640710-8e03-11d8-b956-b8a03c50a862,17.56070526,-99.69011038,,,,,,,1936-01-01T00:00:00,1,1,1936,2444358,2444358,PRESERVED_SPECIMEN,MCZ,Herp,R-42685,,Catalog,,CC_BY_NC_4_0,President and Fellows of Harvard College,"Wilmot W. Brown, Jr.",,,2021-01-27T22:27:33.875Z,,COORDINATE_REPROJECTED;TAXON_MATCH_HIGHERRANK;OCCURRENCE_STATUS_INFERRED_FROM_INDIVIDUAL_COUNT;INSTITUTION_COLLECTION_MISMATCH;DIFFERENT_OWNER_INSTITUTION
476691802,4bfac3ea-8763-4f4b-a71a-76a6f5f243d3,MCZ:Herp:R-42684,Animalia,Chordata,Reptilia,Squamata,Viperidae,Crotalus,Crotalus triseriatus,,SPECIES,"Crotalus triseriatus Wagler, 1830","Crotalus triseriatus triseriatus (Wagler, 1830)","(Wagler, 1830)",MX,Omilteme,Guerrero,PRESENT,1,b4640710-8e03-11d8-b956-b8a03c50a862,17.56070526,-99.69011038,,,,,,,1936-01-01T00:00:00,1,1,1936,2444358,2444358,PRESERVED_SPECIMEN,MCZ,Herp,R-42684,,Catalog,,CC_BY_NC_4_0,President and Fellows of Harvard College,"Wilmot W. Brown, Jr.",,,2021-01-27T22:27:33.019Z,,COORDINATE_REPROJECTED;TAXON_MATCH_HIGHERRANK;OCCURRENCE_STATUS_INFERRED_FROM_INDIVIDUAL_COUNT;INSTITUTION_COLLECTION_MISMATCH;DIFFERENT_OWNER_INSTITUTION
476496589,4bfac3ea-8763-4f4b-a71a-76a6f5f243d3,MCZ:Herp:R-42683,Animalia,Chordata,Reptilia,Squamata,Viperidae,Crotalus,Crotalus triseriatus,,SPECIES,"Crotalus triseriatus Wagler, 1830","Crotalus triseriatus triseriatus (Wagler, 1830)","(Wagler, 1830)",MX,Omilteme,Guerrero,PRESENT,1,b4640710-8e03-11d8-b956-b8a03c50a862,17.56070526,-99.69011038,,,,,,,1936-01-01T00:00:00,1,1,1936,2444358,2444358,PRESERVED_SPECIMEN,MCZ,Herp,R-42683,,Catalog,,CC_BY_NC_4_0,President and Fellows of Harvard College,"Wilmot W. Brown, Jr.",,,2021-01-27T22:27:33.877Z,,COORDINATE_REPROJECTED;TAXON_MATCH_HIGHERRANK;OCCURRENCE_STATUS_INFERRED_FROM_INDIVIDUAL_COUNT;INSTITUTION_COLLECTION_MISMATCH;DIFFERENT_OWNER_INSTITUTION
2237466884,50c9509d-22c7-4a22-a47d-8c48425ef4a7,https://www.inaturalist.org/observations/22818461,Animalia,Chordata,Reptilia,Squamata,Viperidae,Crotalus,Crotalus triseriatus,,SPECIES,"Crotalus triseriatus Wagler, 1830",Crotalus triseriatus,,MX,,México,PRESENT,,28eb1a3f-1c15-4a95-931a-4af90ecb574d,19.308889,-99.686668,,,,,,,2019-04-21T10:28:34,21,4,2019,2444358,2444358,HUMAN_OBSERVATION,iNaturalist,Observations,22818461,,,2019-04-22T13:07:36,CC_BY_NC_4_0,yosip,yosip,,,2021-01-30T23:49:59.357Z,StillImage,COORDINATE_ROUNDED;GEODETIC_DATUM_ASSUMED_WGS84;INSTITUTION_MATCH_NONE;COLLECTION_MATCH_NONE
1883558660,50c9509d-22c7-4a22-a47d-8c48425ef4a7,https://www.inaturalist.org/observations/14503302,Animalia,Chordata,Reptilia,Squamata,Viperidae,Crotalus,Crotalus triseriatus,,SPECIES,"Crotalus triseriatus Wagler, 1830",Crotalus triseriatus,,MX,,México,PRESENT,,28eb1a3f-1c15-4a95-931a-4af90ecb574d,19.17189,-99.684654,,,,,,,2018-07-18T12:52:16,18,7,2018,2444358,2444358,HUMAN_OBSERVATION,iNaturalist,Observations,14503302,,maugarza9028,2018-07-19T02:12:05,CC_BY_NC_4_0,maugarza9028,maugarza9028,,,2021-01-30T23:51:27.126Z,StillImage,COORDINATE_ROUNDED;GEODETIC_DATUM_ASSUMED_WGS84;INSTITUTION_MATCH_NONE;COLLECTION_MATCH_NONE
1847523612,50c9509d-22c7-4a22-a47d-8c48425ef4a7,https://www.inaturalist.org/observations/12470941,Animalia,Chordata,Reptilia,Squamata,Viperidae,Crotalus,Crotalus triseriatus,,SPECIES,"Crotalus triseriatus Wagler, 1830",Crotalus triseriatus,,MX,,México,PRESENT,,28eb1a3f-1c15-4a95-931a-4af90ecb574d,19.289458,-99.674588,23,,,,,,2018-05-14T18:05:16,14,5,2018,2444358,2444358,HUMAN_OBSERVATION,iNaturalist,Observations,12470941,,César Rodríguez Islas,2018-05-17T04:12:18,CC_BY_NC_4_0,Alejandro Noguera,Alejandro Noguera,,,2021-01-30T23:51:12.168Z,StillImage,COORDINATE_ROUNDED;GEODETIC_DATUM_ASSUMED_WGS84;INSTITUTION_MATCH_NONE;COLLECTION_MATCH_NONE
1572339437,50c9509d-22c7-4a22-a47d-8c48425ef4a7,https://www.inaturalist.org/observations/6812932,Animalia,Chordata,Reptilia,Squamata,Viperidae,Crotalus,Crotalus triseriatus,,SPECIES,"Crotalus triseriatus Wagler, 1830",Crotalus triseriatus,,MX,,México,PRESENT,,28eb1a3f-1c15-4a95-931a-4af90ecb574d,19.289444,-99.674446,,,,,,,2017-06-26T16:28:45,26,6,2017,2444358,2444358,HUMAN_OBSERVATION,iNaturalist,Observations,6812932,,César Rodríguez Islas,2017-07-05T03:42:09,CC_BY_NC_4_0,Alejandro Noguera,Alejandro Noguera,,,2021-01-30T23:51:15.477Z,StillImage,COORDINATE_ROUNDED;GEODETIC_DATUM_ASSUMED_WGS84;INSTITUTION_MATCH_NONE;COLLECTION_MATCH_NONE
1291660308,50c9509d-22c7-4a22-a47d-8c48425ef4a7,http://www.inaturalist.org/observations/1195704,Animalia,Chordata,Reptilia,Squamata,Viperidae,Crotalus,Crotalus triseriatus,,SPECIES,"Crotalus triseriatus Wagler, 1830",Crotalus triseriatus,,MX,,México,PRESENT,,28eb1a3f-1c15-4a95-931a-4af90ecb574d,19.434802,-99.671488,250,,,,,,2015-01-25T00:00:00,25,1,2015,2444358,2444358,HUMAN_OBSERVATION,iNaturalist,Observations,1195704,,Elí García-Padilla,2015-01-26T21:00:19,CC_BY_NC_4_0,Manuel Grosselet,Manuel Grosselet,,,2021-01-30T23:50:59.947Z,StillImage,GEODETIC_DATUM_ASSUMED_WGS84;INSTITUTION_MATCH_NONE;COLLECTION_MATCH_NONE
1895028922,0159cf6b-6a46-4365-96f1-d7ca2511f082,urn:catalog:IBUNAM:CNAR:13147:fbe49a2cb1946c2d1b77e822a296895d,Animalia,Chordata,Reptilia,Squamata,Viperidae,Crotalus,Crotalus triseriatus,,SPECIES,"Crotalus triseriatus Wagler, 1830",Crotalus triseriatus subsp. triseriatus,"(Wagler, 1830)",MX,Santiago Oxtotitlan El Potrero,Mexico,PRESENT,1,ff90b050-c256-11db-b71b-b8a03c50a862,18.961111,-99.667778,,,1075,1075,0,0,1998-08-16T00:00:00,16,8,1998,2444358,2444358,PRESERVED_SPECIMEN,IBUNAM,CNAR,13147,,"Casas-Andreu, G.",,CC_BY_4_0,Comisión Nacional para el Conocimiento y Uso de la Biodiversidad (CONABIO),"Cruz, A. R.",,,2021-01-22T17:02:30.753Z,,COORDINATE_ROUNDED;GEODETIC_DATUM_ASSUMED_WGS84;TAXON_MATCH_HIGHERRANK;ELEVATION_MIN_MAX_SWAPPED;TYPE_STATUS_INVALID;OCCURRENCE_STATUS_INFERRED_FROM_INDIVIDUAL_COUNT;COLLECTION_MATCH_NONE;DIFFERENT_OWNER_INSTITUTION
1895028901,0159cf6b-6a46-4365-96f1-d7ca2511f082,urn:catalog:IBUNAM:CNAR:975:310f30cd92e6cd2e45531e87f1c54d6b,Animalia,Chordata,Reptilia,Squamata,Viperidae,Crotalus,Crotalus triseriatus,,SPECIES,"Crotalus triseriatus Wagler, 1830",Crotalus triseriatus subsp. triseriatus,"(Wagler, 1830)",MX,Santa Cruz Azcapotzaltongo,Mexico,PRESENT,1,ff90b050-c256-11db-b71b-b8a03c50a862,19.312778,-99.657222,,,2315,315,0,0,1974-10-23T00:00:00,23,10,1974,2444358,2444358,PRESERVED_SPECIMEN,IBUNAM,CNAR,975,,NO DISPONIBLE,,CC_BY_4_0,Comisión Nacional para el Conocimiento y Uso de la Biodiversidad (CONABIO),"Carmona, R. G.",,,2021-01-22T17:02:30.830Z,,COORDINATE_ROUNDED;GEODETIC_DATUM_ASSUMED_WGS84;TAXON_MATCH_HIGHERRANK;ELEVATION_MIN_MAX_SWAPPED;TYPE_STATUS_INVALID;OCCURRENCE_STATUS_INFERRED_FROM_INDIVIDUAL_COUNT;COLLECTION_MATCH_NONE;DIFFERENT_OWNER_INSTITUTION
2898511245,50c9509d-22c7-4a22-a47d-8c48425ef4a7,https://www.inaturalist.org/observations/62607235,Animalia,Chordata,Reptilia,Squamata,Viperidae,Crotalus,Crotalus triseriatus,,SPECIES,"Crotalus triseriatus Wagler, 1830",Crotalus triseriatus,,MX,,México,PRESENT,,28eb1a3f-1c15-4a95-931a-4af90ecb574d,19.213479,-99.652948,30580,,,,,,2020-06-11T13:37:00,11,6,2020,2444358,2444358,HUMAN_OBSERVATION,iNaturalist,Observations,62607235,,Esaú Valdenegro-Brito,2020-10-15T01:50:24,CC_BY_NC_4_0,andreajs,andreajs,,,2021-01-30T23:52:30.552Z,StillImage,COORDINATE_ROUNDED;GEODETIC_DATUM_ASSUMED_WGS84;INSTITUTION_MATCH_NONE;COLLECTION_MATCH_NONE
1893321905,dcb23fa1-3f1a-4678-b11d-249787e79cae,urn:catalog:IBUNAM:CNAR:1812:80ee5cd06f5df629b9e703eba260ca52,Animalia,Chordata,Reptilia,Squamata,Viperidae,Crotalus,Crotalus triseriatus,,SPECIES,"Crotalus triseriatus Wagler, 1830",Crotalus triseriatus subsp. triseriatus,"(Wagler, 1830)",MX,"Mataxi,  cerca de Nopala",Hidalgo,PRESENT,1,ff90b050-c256-11db-b71b-b8a03c50a862,20.22,-99.65,,,1200,1200,0,0,1978-06-10T00:00:00,10,6,1978,2444358,2444358,PRESERVED_SPECIMEN,IBUNAM,CNAR,1812,,NO DISPONIBLE,,CC_BY_4_0,Comisión Nacional para el Conocimiento y Uso de la Biodiversidad (CONABIO),Balfred Cadena,,,2021-01-22T17:03:01.897Z,,GEODETIC_DATUM_ASSUMED_WGS84;TAXON_MATCH_HIGHERRANK;ELEVATION_MIN_MAX_SWAPPED;TYPE_STATUS_INVALID;OCCURRENCE_STATUS_INFERRED_FROM_INDIVIDUAL_COUNT;COLLECTION_MATCH_NONE;DIFFERENT_OWNER_INSTITUTION
1894917945,7feba584-f762-11e1-a439-00145eb45e9a,urn:catalog:FC-UNAM:MZFC:3667:c6c37b9d68b1a3c9d06591974b653476,Animalia,Chordata,Reptilia,Squamata,Viperidae,Crotalus,Crotalus triseriatus,,SPECIES,"Crotalus triseriatus Wagler, 1830",Crotalus triseriatus subsp. triseriatus,"(Wagler, 1830)",MX,ARROYO 'LAS DAMAS',Guerrero,PRESENT,1,ff90b050-c256-11db-b71b-b8a03c50a862,18.634335,-99.648397,3150,,0,0,0,0,,,,,2444358,2444358,PRESERVED_SPECIMEN,FC-UNAM,MZFC,3667,,NO DISPONIBLE,,CC_BY_4_0,Comisión Nacional para el Conocimiento y Uso de la Biodiversidad (CONABIO),NO DISPONIBLE,,,2021-01-22T17:17:34.403Z,,RECORDED_DATE_INVALID;TAXON_MATCH_HIGHERRANK;TYPE_STATUS_INVALID;OCCURRENCE_STATUS_INFERRED_FROM_INDIVIDUAL_COUNT;INSTITUTION_MATCH_NONE;COLLECTION_MATCH_NONE
1894917717,7feba584-f762-11e1-a439-00145eb45e9a,urn:catalog:FC-UNAM:MZFC:3666:989b8b7e9efcb409e769686d1716392b,Animalia,Chordata,Reptilia,Squamata,Viperidae,Crotalus,Crotalus triseriatus,,SPECIES,"Crotalus triseriatus Wagler, 1830",Crotalus triseriatus subsp. triseriatus,"(Wagler, 1830)",MX,"LLANOS, LOS, KM 10 CARRETERA TAXCO-TETIPAC",Guerrero,PRESENT,1,ff90b050-c256-11db-b71b-b8a03c50a862,18.608333,-99.641667,,,0,0,0,0,1986-06-20T00:00:00,20,6,1986,2444358,2444358,PRESERVED_SPECIMEN,FC-UNAM,MZFC,3666,,NO DISPONIBLE,,CC_BY_4_0,Comisión Nacional para el Conocimiento y Uso de la Biodiversidad (CONABIO),LUIS FERNANDO CISNEROS R.,,,2021-01-22T17:17:32.465Z,,COORDINATE_ROUNDED;GEODETIC_DATUM_ASSUMED_WGS84;TAXON_MATCH_HIGHERRANK;TYPE_STATUS_INVALID;OCCURRENCE_STATUS_INFERRED_FROM_INDIVIDUAL_COUNT;INSTITUTION_MATCH_NONE;COLLECTION_MATCH_NONE
1894950028,7feba584-f762-11e1-a439-00145eb45e9a,urn:catalog:NO DISPONIBLE:NO DISPONIBLE:101564:2d39d144c1ad1b83935008be9c48f125,Animalia,Chordata,Reptilia,Squamata,Viperidae,Crotalus,Crotalus triseriatus,,SPECIES,"Crotalus triseriatus Wagler, 1830",Crotalus triseriatus,"(Wagler, 1830)",MX,Pinal de Amoles,Queretaro,PRESENT,1,ff90b050-c256-11db-b71b-b8a03c50a862,21.141667,-99.641667,,,0,0,0,0,,,,,2444358,2444358,PRESERVED_SPECIMEN,NO DISPONIBLE,NO DISPONIBLE,101564,,NO DISPONIBLE,,CC_BY_4_0,Comisión Nacional para el Conocimiento y Uso de la Biodiversidad (CONABIO),NO DISPONIBLE,,,2021-01-22T17:17:42.094Z,,COORDINATE_ROUNDED;GEODETIC_DATUM_ASSUMED_WGS84;RECORDED_DATE_INVALID;TYPE_STATUS_INVALID;OCCURRENCE_STATUS_INFERRED_FROM_INDIVIDUAL_COUNT;INSTITUTION_MATCH_NONE;COLLECTION_MATCH_NONE
1894112323,80d6e8c8-f762-11e1-a439-00145eb45e9a,urn:catalog:UMMZ:UMMZ:101564:f7e0c3011ada84165951903883ec0b8a,Animalia,Chordata,Reptilia,Squamata,Viperidae,Crotalus,Crotalus triseriatus,,SPECIES,"Crotalus triseriatus Wagler, 1830",Crotalus triseriatus,"(Wagler, 1830)",MX,Pinal de Amoles,Queretaro,PRESENT,1,ff90b050-c256-11db-b71b-b8a03c50a862,21.135556,-99.624722,,,1000,1000,0,0,1949-08-17T00:00:00,17,8,1949,2444358,2444358,PRESERVED_SPECIMEN,UMMZ,UMMZ,101564,,NO DISPONIBLE,,CC_BY_4_0,Comisión Nacional para el Conocimiento y Uso de la Biodiversidad (CONABIO),HELLMUTH O. WAGNER,,,2021-01-22T17:15:52.172Z,,COORDINATE_ROUNDED;GEODETIC_DATUM_ASSUMED_WGS84;ELEVATION_MIN_MAX_SWAPPED;TYPE_STATUS_INVALID;OCCURRENCE_STATUS_INFERRED_FROM_INDIVIDUAL_COUNT;INSTITUTION_MATCH_FUZZY;COLLECTION_MATCH_FUZZY
1894112420,80d6e8c8-f762-11e1-a439-00145eb45e9a,urn:catalog:TCWC-TAMU:TCWC:45567-45568:12748fa47b0513db08a4d7f4c3627d14,Animalia,Chordata,Reptilia,Squamata,Viperidae,Crotalus,Crotalus triseriatus,,SPECIES,"Crotalus triseriatus Wagler, 1830",Crotalus triseriatus,"(Wagler, 1830)",MX,6.6 MI N PINAL DE AMOLES,Queretaro,PRESENT,2,ff90b050-c256-11db-b71b-b8a03c50a862,21.275556,-99.624722,,,945,945,0,0,,,,,2444358,2444358,PRESERVED_SPECIMEN,TCWC-TAMU,TCWC,45567-45568,,NO DISPONIBLE,,CC_BY_4_0,Comisión Nacional para el Conocimiento y Uso de la Biodiversidad (CONABIO),NO DISPONIBLE,,,2021-01-22T17:15:52.021Z,,COORDINATE_ROUNDED;GEODETIC_DATUM_ASSUMED_WGS84;RECORDED_DATE_INVALID;ELEVATION_MIN_MAX_SWAPPED;TYPE_STATUS_INVALID;OCCURRENCE_STATUS_INFERRED_FROM_INDIVIDUAL_COUNT;INSTITUTION_MATCH_NONE;COLLECTION_MATCH_FUZZY
1895028967,0159cf6b-6a46-4365-96f1-d7ca2511f082,urn:catalog:IBUNAM:CNAR:13145:d838df065c8f6398fde9febd51ff0cd2,Animalia,Chordata,Reptilia,Squamata,Viperidae,Crotalus,Crotalus triseriatus,,SPECIES,"Crotalus triseriatus Wagler, 1830",Crotalus triseriatus subsp. triseriatus,"(Wagler, 1830)",MX,Calimaya,Mexico,PRESENT,1,ff90b050-c256-11db-b71b-b8a03c50a862,19.158333,-99.616667,,,1345,1345,0,0,1998-10-01T00:00:00,1,10,1998,2444358,2444358,PRESERVED_SPECIMEN,IBUNAM,CNAR,13145,,"Casas-Andreu, G.",,CC_BY_4_0,Comisión Nacional para el Conocimiento y Uso de la Biodiversidad (CONABIO),"Cruz, A. R.",,,2021-01-22T17:02:30.011Z,,COORDINATE_ROUNDED;GEODETIC_DATUM_ASSUMED_WGS84;TAXON_MATCH_HIGHERRANK;ELEVATION_MIN_MAX_SWAPPED;TYPE_STATUS_INVALID;OCCURRENCE_STATUS_INFERRED_FROM_INDIVIDUAL_COUNT;COLLECTION_MATCH_NONE;DIFFERENT_OWNER_INSTITUTION
1895027238,0159cf6b-6a46-4365-96f1-d7ca2511f082,urn:catalog:FC-UNAM:MZFC:7559:ed5cc1a0d5d7aa4e4789206584d4d77b,Animalia,Chordata,Reptilia,Squamata,Viperidae,Crotalus,Crotalus triseriatus,,SPECIES,"Crotalus triseriatus Wagler, 1830",Crotalus triseriatus,"(Wagler, 1830)",MX,Calimaya,Mexico,PRESENT,1,ff90b050-c256-11db-b71b-b8a03c50a862,19.158333,-99.616667,,,2745,55,0,0,1992-06-01T00:00:00,1,6,1992,2444358,2444358,PRESERVED_SPECIMEN,FC-UNAM,MZFC,7559,,NO DISPONIBLE,,CC_BY_4_0,Comisión Nacional para el Conocimiento y Uso de la Biodiversidad (CONABIO),DGM; MMM; FMQ,,,2021-01-22T17:02:31.645Z,,COORDINATE_ROUNDED;GEODETIC_DATUM_ASSUMED_WGS84;TYPE_STATUS_INVALID;OCCURRENCE_STATUS_INFERRED_FROM_INDIVIDUAL_COUNT;INSTITUTION_MATCH_NONE;COLLECTION_MATCH_NONE
1894917916,7feba584-f762-11e1-a439-00145eb45e9a,urn:catalog:FC-UNAM:MZFC:3664:be99b0c7df38893f4506810c68ad85ec,Animalia,Chordata,Reptilia,Squamata,Viperidae,Crotalus,Crotalus triseriatus,,SPECIES,"Crotalus triseriatus Wagler, 1830",Crotalus triseriatus subsp. triseriatus,"(Wagler, 1830)",MX,CERRO DEL HUIZTECO,Guerrero,PRESENT,1,ff90b050-c256-11db-b71b-b8a03c50a862,18.599462,-99.60477,1650,,0,0,0,0,1986-08-22T00:00:00,22,8,1986,2444358,2444358,PRESERVED_SPECIMEN,FC-UNAM,MZFC,3664,,NO DISPONIBLE,,CC_BY_4_0,Comisión Nacional para el Conocimiento y Uso de la Biodiversidad (CONABIO),LUIS FERNANDO CISNEROS R.,,,2021-01-22T17:17:34.054Z,,TAXON_MATCH_HIGHERRANK;TYPE_STATUS_INVALID;OCCURRENCE_STATUS_INFERRED_FROM_INDIVIDUAL_COUNT;INSTITUTION_MATCH_NONE;COLLECTION_MATCH_NONE
1894917734,7feba584-f762-11e1-a439-00145eb45e9a,urn:catalog:FC-UNAM:MZFC:3665:99eb368ad3989975c52eb62d43088f1d,Animalia,Chordata,Reptilia,Squamata,Viperidae,Crotalus,Crotalus triseriatus,,SPECIES,"Crotalus triseriatus Wagler, 1830",Crotalus triseriatus subsp. triseriatus,"(Wagler, 1830)",MX,CERRO DEL HUIZTECO,Guerrero,PRESENT,1,ff90b050-c256-11db-b71b-b8a03c50a862,18.599462,-99.60477,1650,,0,0,0,0,1986-08-23T00:00:00,23,8,1986,2444358,2444358,PRESERVED_SPECIMEN,FC-UNAM,MZFC,3665,,NO DISPONIBLE,,CC_BY_4_0,Comisión Nacional para el Conocimiento y Uso de la Biodiversidad (CONABIO),LUIS FERNANDO CISNEROS R.,,,2021-01-22T17:17:30.533Z,,TAXON_MATCH_HIGHERRANK;TYPE_STATUS_INVALID;OCCURRENCE_STATUS_INFERRED_FROM_INDIVIDUAL_COUNT;INSTITUTION_MATCH_NONE;COLLECTION_MATCH_NONE
1895027200,0159cf6b-6a46-4365-96f1-d7ca2511f082,urn:catalog:UTA:UTA:12604:47a55906e426815ed0dab3a0737a9b98,Animalia,Chordata,Reptilia,Squamata,Viperidae,Crotalus,Crotalus triseriatus,,SPECIES,"Crotalus triseriatus Wagler, 1830",Crotalus triseriatus,"(Wagler, 1830)",MX,"3.9 km al SSE de Mexicalcingo, Chapultepec",Mexico,PRESENT,1,ff90b050-c256-11db-b71b-b8a03c50a862,19.178889,-99.604444,,,2720,80,0,0,1983-06-20T00:00:00,20,6,1983,2444358,2444358,PRESERVED_SPECIMEN,UTA,UTA,12604,,NO DISPONIBLE,,CC_BY_4_0,Comisión Nacional para el Conocimiento y Uso de la Biodiversidad (CONABIO),"Campbell, J. A.",,,2021-01-22T17:02:31.620Z,,COORDINATE_ROUNDED;GEODETIC_DATUM_ASSUMED_WGS84;TYPE_STATUS_INVALID;OCCURRENCE_STATUS_INFERRED_FROM_INDIVIDUAL_COUNT;COLLECTION_MATCH_FUZZY;DIFFERENT_OWNER_INSTITUTION
1894112350,80d6e8c8-f762-11e1-a439-00145eb45e9a,urn:catalog:IBUNAM:CNAR:6933:c687e6470b0a7b782a3d6cec24a4b226,Animalia,Chordata,Reptilia,Squamata,Viperidae,Crotalus,Crotalus triseriatus,,SPECIES,"Crotalus triseriatus Wagler, 1830",Crotalus triseriatus,"(Wagler, 1830)",MX,San Cristobal,Queretaro,PRESENT,1,ff90b050-c256-11db-b71b-b8a03c50a862,20.923056,-99.600833,,,0,0,0,0,1981-05-02T00:00:00,2,5,1981,2444358,2444358,PRESERVED_SPECIMEN,IBUNAM,CNAR,6933,,NO DISPONIBLE,,CC_BY_4_0,Comisión Nacional para el Conocimiento y Uso de la Biodiversidad (CONABIO),NO DISPONIBLE,,,2021-01-22T17:15:51.697Z,,COORDINATE_ROUNDED;GEODETIC_DATUM_ASSUMED_WGS84;TYPE_STATUS_INVALID;OCCURRENCE_STATUS_INFERRED_FROM_INDIVIDUAL_COUNT;COLLECTION_MATCH_NONE;DIFFERENT_OWNER_INSTITUTION
1893321809,dcb23fa1-3f1a-4678-b11d-249787e79cae,urn:catalog:IBUNAM:CNAR:6933:a607ad22ae483ad1bf3ad17f7a7f17f4,Animalia,Chordata,Reptilia,Squamata,Viperidae,Crotalus,Crotalus triseriatus,,SPECIES,"Crotalus triseriatus Wagler, 1830",Crotalus triseriatus subsp. triseriatus,"(Wagler, 1830)",MX,San Cristobal,Queretaro,PRESENT,1,ff90b050-c256-11db-b71b-b8a03c50a862,20.92,-99.6,,,1200,1200,0,0,1981-05-02T00:00:00,2,5,1981,2444358,2444358,PRESERVED_SPECIMEN,IBUNAM,CNAR,6933,,NO DISPONIBLE,,CC_BY_4_0,Comisión Nacional para el Conocimiento y Uso de la Biodiversidad (CONABIO),Antonio Ledezma Lozano,,,2021-01-22T17:03:02.403Z,,GEODETIC_DATUM_ASSUMED_WGS84;TAXON_MATCH_HIGHERRANK;ELEVATION_MIN_MAX_SWAPPED;TYPE_STATUS_INVALID;OCCURRENCE_STATUS_INFERRED_FROM_INDIVIDUAL_COUNT;COLLECTION_MATCH_NONE;DIFFERENT_OWNER_INSTITUTION
2802737548,50c9509d-22c7-4a22-a47d-8c48425ef4a7,https://www.inaturalist.org/observations/50189558,Animalia,Chordata,Reptilia,Squamata,Viperidae,Crotalus,Crotalus triseriatus,,SPECIES,"Crotalus triseriatus Wagler, 1830",Crotalus triseriatus,,MX,,México,PRESENT,,28eb1a3f-1c15-4a95-931a-4af90ecb574d,19.241278,-99.594778,,,,,,,2020-06-19T15:32:00,19,6,2020,2444358,2444358,HUMAN_OBSERVATION,iNaturalist,Observations,50189558,,dma19-06_2020,2020-06-19T20:40:47,CC_BY_NC_4_0,dma19-06_2020,dma19-06_2020,,,2021-01-30T23:52:23.674Z,StillImage,GEODETIC_DATUM_ASSUMED_WGS84;INSTITUTION_MATCH_NONE;COLLECTION_MATCH_NONE
1895027069,0159cf6b-6a46-4365-96f1-d7ca2511f082,urn:catalog:ENCB-IPN:ENCB:7368:240ccf3f4fd039719afcb9be479723bb,Animalia,Chordata,Reptilia,Squamata,Viperidae,Crotalus,Crotalus triseriatus,,SPECIES,"Crotalus triseriatus Wagler, 1830",Crotalus triseriatus,"(Wagler, 1830)",MX,Tenango del Valle,Mexico,PRESENT,1,ff90b050-c256-11db-b71b-b8a03c50a862,19.103056,-99.592222,,,1300,1300,0,0,1972-04-30T00:00:00,30,4,1972,2444358,2444358,PRESERVED_SPECIMEN,ENCB-IPN,ENCB,7368,,"Alvarez, T.; Matias, F. N.",,CC_BY_4_0,Comisión Nacional para el Conocimiento y Uso de la Biodiversidad (CONABIO),"Buitrón, A.",,,2021-01-22T17:02:30.679Z,,COORDINATE_ROUNDED;GEODETIC_DATUM_ASSUMED_WGS84;ELEVATION_MIN_MAX_SWAPPED;TYPE_STATUS_INVALID;OCCURRENCE_STATUS_INFERRED_FROM_INDIVIDUAL_COUNT;INSTITUTION_COLLECTION_MISMATCH;DIFFERENT_OWNER_INSTITUTION
899943079,50c9509d-22c7-4a22-a47d-8c48425ef4a7,http://conabio.inaturalist.org/observations/448881,Animalia,Chordata,Reptilia,Squamata,Viperidae,Crotalus,Crotalus triseriatus,,SPECIES,"Crotalus triseriatus Wagler, 1830",Crotalus triseriatus,,MX,,México,PRESENT,,28eb1a3f-1c15-4a95-931a-4af90ecb574d,19.240986,-99.58899,4012,,,,,,2012-04-16T00:00:00,16,4,2012,2444358,2444358,HUMAN_OBSERVATION,iNaturalist,Observations,448881,,redtailedhawk,2014-04-16T21:20:26,CC_BY_NC_4_0,Leopoldo Islas Flores,Leopoldo Islas Flores,,,2021-01-30T23:51:07.820Z,StillImage,GEODETIC_DATUM_ASSUMED_WGS84;INSTITUTION_MATCH_NONE;COLLECTION_MATCH_NONE
2629119616,63ed64cb-90b7-4ecc-b94c-3a0317742379,urn:catalog:ENCB-IPN:ENCB:12167:419c882ee12ef44270f84fb445497932,Animalia,Chordata,Reptilia,Squamata,Viperidae,Crotalus,Crotalus triseriatus,,SPECIES,"Crotalus triseriatus Wagler, 1830",Crotalus triseriatus subsp. triseriatus,"(Wagler, 1830)",MX,Tenango,Mexico,PRESENT,1,ff90b050-c256-11db-b71b-b8a03c50a862,19.1031,-99.582199,,,1300,1300,0,0,1984-01-08T00:00:00,8,1,1984,2444358,2444358,PRESERVED_SPECIMEN,ENCB-IPN,ENCB,12167,,T. ALVAREZ,,CC_BY_4_0,Comisión Nacional para el Conocimiento y Uso de la Biodiversidad (CONABIO),S. LOPEZ L.,,,2020-12-15T17:12:28.193Z,,COORDINATE_ROUNDED;TAXON_MATCH_HIGHERRANK;ELEVATION_MIN_MAX_SWAPPED;TYPE_STATUS_INVALID;OCCURRENCE_STATUS_INFERRED_FROM_INDIVIDUAL_COUNT;INSTITUTION_COLLECTION_MISMATCH;DIFFERENT_OWNER_INSTITUTION
2294684327,50c9509d-22c7-4a22-a47d-8c48425ef4a7,https://www.inaturalist.org/observations/29545814,Animalia,Chordata,Reptilia,Squamata,Viperidae,Crotalus,Crotalus triseriatus,,SPECIES,"Crotalus triseriatus Wagler, 1830",Crotalus triseriatus,,MX,,México,PRESENT,,28eb1a3f-1c15-4a95-931a-4af90ecb574d,19.817658,-99.580315,31,,,,,,2019-07-25T19:46:00,25,7,2019,2444358,2444358,HUMAN_OBSERVATION,iNaturalist,Observations,29545814,,Gustavo Gómez Álvarez,2019-07-26T00:47:29,CC_BY_NC_4_0,Gustavo Gómez Álvarez,Gustavo Gómez Álvarez,,,2021-01-30T23:50:11.573Z,StillImage,COORDINATE_ROUNDED;GEODETIC_DATUM_ASSUMED_WGS84;INSTITUTION_MATCH_NONE;COLLECTION_MATCH_NONE
1894112314,80d6e8c8-f762-11e1-a439-00145eb45e9a,urn:catalog:TCWC-TAMU:TCWC:41554:1b036ffb47928ab4ee20e09f41cb42dc,Animalia,Chordata,Reptilia,Squamata,Viperidae,Crotalus,Crotalus triseriatus,,SPECIES,"Crotalus triseriatus Wagler, 1830",Crotalus triseriatus,"(Wagler, 1830)",MX,2 MI NW SAN JOAQUIN,Queretaro,PRESENT,1,ff90b050-c256-11db-b71b-b8a03c50a862,20.941111,-99.571944,,,0,0,0,0,,,,,2444358,2444358,PRESERVED_SPECIMEN,TCWC-TAMU,TCWC,41554,,NO DISPONIBLE,,CC_BY_4_0,Comisión Nacional para el Conocimiento y Uso de la Biodiversidad (CONABIO),NO DISPONIBLE,,,2021-01-22T17:15:51.993Z,,COORDINATE_ROUNDED;GEODETIC_DATUM_ASSUMED_WGS84;RECORDED_DATE_INVALID;TYPE_STATUS_INVALID;OCCURRENCE_STATUS_INFERRED_FROM_INDIVIDUAL_COUNT;INSTITUTION_MATCH_NONE;COLLECTION_MATCH_FUZZY
2818521675,50c9509d-22c7-4a22-a47d-8c48425ef4a7,https://www.inaturalist.org/observations/52613013,Animalia,Chordata,Reptilia,Squamata,Viperidae,Crotalus,Crotalus triseriatus,,SPECIES,"Crotalus triseriatus Wagler, 1830",Crotalus triseriatus,,MX,,México,PRESENT,,28eb1a3f-1c15-4a95-931a-4af90ecb574d,19.182756,-99.57071,1,,,,,,2020-07-09T00:00:00,9,7,2020,2444358,2444358,HUMAN_OBSERVATION,iNaturalist,Observations,52613013,,carlosjaurez,2020-07-10T21:02:09,CC_BY_NC_4_0,carlosjaurez,carlosjaurez,,,2021-01-30T23:52:02.076Z,StillImage,COORDINATE_ROUNDED;GEODETIC_DATUM_ASSUMED_WGS84;INSTITUTION_MATCH_NONE;COLLECTION_MATCH_NONE
1894918121,7feba584-f762-11e1-a439-00145eb45e9a,urn:catalog:FC-UNAM:MZFC:56:e9f002057acfd3fe1f178cb0f58d095f,Animalia,Chordata,Reptilia,Squamata,Viperidae,Crotalus,Crotalus triseriatus,,SPECIES,"Crotalus triseriatus Wagler, 1830",Crotalus triseriatus subsp. triseriatus,"(Wagler, 1830)",MX,"CRUZ DE SAN LORENZO, LA",Mexico,PRESENT,1,ff90b050-c256-11db-b71b-b8a03c50a862,19.087694,-99.56757,320,,0,0,0,0,1974-05-05T00:00:00,5,5,1974,2444358,2444358,PRESERVED_SPECIMEN,FC-UNAM,MZFC,56,,NO DISPONIBLE,,CC_BY_4_0,Comisión Nacional para el Conocimiento y Uso de la Biodiversidad (CONABIO),SAMUEL REYNOSO ISRADE,,,2021-01-22T17:17:39.440Z,,TAXON_MATCH_HIGHERRANK;TYPE_STATUS_INVALID;OCCURRENCE_STATUS_INFERRED_FROM_INDIVIDUAL_COUNT;INSTITUTION_MATCH_NONE;COLLECTION_MATCH_NONE
2620096055,50c9509d-22c7-4a22-a47d-8c48425ef4a7,https://www.inaturalist.org/observations/45178285,Animalia,Chordata,Reptilia,Squamata,Viperidae,Crotalus,Crotalus triseriatus,,SPECIES,"Crotalus triseriatus Wagler, 1830",Crotalus triseriatus,,MX,,México,PRESENT,,28eb1a3f-1c15-4a95-931a-4af90ecb574d,19.218654,-99.557198,61,,,,,,2020-05-06T21:50:00,6,5,2020,2444358,2444358,HUMAN_OBSERVATION,iNaturalist,Observations,45178285,,cerezobedolla,2020-05-07T16:41:13,CC_BY_NC_4_0,cerezobedolla,cerezobedolla,,,2021-01-30T23:52:13.787Z,StillImage,COORDINATE_ROUNDED;GEODETIC_DATUM_ASSUMED_WGS84;INSTITUTION_MATCH_NONE;COLLECTION_MATCH_NONE
2629132526,63ed64cb-90b7-4ecc-b94c-3a0317742379,urn:catalog:ENCB-IPN:ENCB:10728:b74e8fdde5282ce0a12263bdfe308ff4,Animalia,Chordata,Reptilia,Squamata,Viperidae,Crotalus,Crotalus triseriatus,,SPECIES,"Crotalus triseriatus Wagler, 1830",Crotalus triseriatus,"(Wagler, 1830)",MX,2 km E San Joaquín,Queretaro de arteaga,PRESENT,1,ff90b050-c256-11db-b71b-b8a03c50a862,20.915899,-99.546699,,,1150,1150,0,0,1979-05-14T00:00:00,14,5,1979,2444358,2444358,PRESERVED_SPECIMEN,ENCB-IPN,ENCB,10728,,T. Alvarez; J. C. López V.,,CC_BY_4_0,Comisión Nacional para el Conocimiento y Uso de la Biodiversidad (CONABIO),J. Barragán S.,,,2020-12-15T17:27:46.048Z,,COORDINATE_ROUNDED;ELEVATION_MIN_MAX_SWAPPED;TYPE_STATUS_INVALID;OCCURRENCE_STATUS_INFERRED_FROM_INDIVIDUAL_COUNT;INSTITUTION_COLLECTION_MISMATCH;DIFFERENT_OWNER_INSTITUTION
2629121148,63ed64cb-90b7-4ecc-b94c-3a0317742379,urn:catalog:ENCB-IPN:ENCB:10727:7dcf66d506b1508d94d56d01dd2727a7,Animalia,Chordata,Reptilia,Squamata,Viperidae,Crotalus,Crotalus triseriatus,,SPECIES,"Crotalus triseriatus Wagler, 1830",Crotalus triseriatus,"(Wagler, 1830)",MX,2 km E San Joaquín,Queretaro de arteaga,PRESENT,1,ff90b050-c256-11db-b71b-b8a03c50a862,20.915899,-99.546699,,,1150,1150,0,0,1979-05-14T00:00:00,14,5,1979,2444358,2444358,PRESERVED_SPECIMEN,ENCB-IPN,ENCB,10727,,T. Alvarez; J. C. López V.,,CC_BY_4_0,Comisión Nacional para el Conocimiento y Uso de la Biodiversidad (CONABIO),J. Barragán S.,,,2020-12-15T17:14:10.542Z,,COORDINATE_ROUNDED;ELEVATION_MIN_MAX_SWAPPED;TYPE_STATUS_INVALID;OCCURRENCE_STATUS_INFERRED_FROM_INDIVIDUAL_COUNT;INSTITUTION_COLLECTION_MISMATCH;DIFFERENT_OWNER_INSTITUTION
2237479212,50c9509d-22c7-4a22-a47d-8c48425ef4a7,https://www.inaturalist.org/observations/22865309,Animalia,Chordata,Reptilia,Squamata,Viperidae,Crotalus,Crotalus triseriatus,,SPECIES,"Crotalus triseriatus Wagler, 1830",Crotalus triseriatus,,MX,,México,PRESENT,,28eb1a3f-1c15-4a95-931a-4af90ecb574d,19.691132,-99.542431,154,,,,,,2011-05-06T00:00:00,6,5,2011,2444358,2444358,HUMAN_OBSERVATION,iNaturalist,Observations,22865309,,Iván Trinidad Ahumada Carrillo,2019-04-22T04:12:22,CC_BY_4_0,Luis Correa,Luis Correa,,,2021-01-30T23:51:46.241Z,StillImage,COORDINATE_ROUNDED;GEODETIC_DATUM_ASSUMED_WGS84;INSTITUTION_MATCH_NONE;COLLECTION_MATCH_NONE
2237481129,50c9509d-22c7-4a22-a47d-8c48425ef4a7,https://www.inaturalist.org/observations/22865307,Animalia,Chordata,Reptilia,Squamata,Viperidae,Crotalus,Crotalus triseriatus,,SPECIES,"Crotalus triseriatus Wagler, 1830",Crotalus triseriatus,,MX,,México,PRESENT,,28eb1a3f-1c15-4a95-931a-4af90ecb574d,19.686606,-99.54123,172,,,,,,2011-05-06T00:00:00,6,5,2011,2444358,2444358,HUMAN_OBSERVATION,iNaturalist,Observations,22865307,,Rafael Paredes Montesinos,2019-04-22T04:12:21,CC_BY_4_0,Luis Correa,Luis Correa,,,2021-01-30T23:51:40.597Z,StillImage,COORDINATE_ROUNDED;GEODETIC_DATUM_ASSUMED_WGS84;INSTITUTION_MATCH_NONE;COLLECTION_MATCH_NONE
2620179926,50c9509d-22c7-4a22-a47d-8c48425ef4a7,https://www.inaturalist.org/observations/45108660,Animalia,Chordata,Reptilia,Squamata,Viperidae,Crotalus,Crotalus triseriatus,,SPECIES,"Crotalus triseriatus Wagler, 1830",Crotalus triseriatus,,MX,,México,PRESENT,,28eb1a3f-1c15-4a95-931a-4af90ecb574d,19.423701,-99.539985,7675,,,,,,2020-05-03T11:09:00,3,5,2020,2444358,2444358,HUMAN_OBSERVATION,iNaturalist,Observations,45108660,,David Epardo,2020-05-06T21:14:26,CC_BY_NC_4_0,David Epardo,David Epardo,,,2021-01-30T23:50:25.685Z,StillImage,COORDINATE_ROUNDED;GEODETIC_DATUM_ASSUMED_WGS84;INSTITUTION_MATCH_NONE;COLLECTION_MATCH_NONE
2981007721,50c9509d-22c7-4a22-a47d-8c48425ef4a7,https://www.inaturalist.org/observations/63863794,Animalia,Chordata,Reptilia,Squamata,Viperidae,Crotalus,Crotalus triseriatus,,SPECIES,"Crotalus triseriatus Wagler, 1830",Crotalus triseriatus,,MX,,México,PRESENT,,28eb1a3f-1c15-4a95-931a-4af90ecb574d,19.392281,-99.511927,2,,,,,,2018-07-02T17:13:00,2,7,2018,2444358,2444358,HUMAN_OBSERVATION,iNaturalist,Observations,63863794,,Mauricio Moreno,2020-10-31T04:21:51,CC_BY_NC_4_0,Mauricio Moreno,Mauricio Moreno,,,2021-01-30T23:52:21.734Z,StillImage,COORDINATE_ROUNDED;GEODETIC_DATUM_ASSUMED_WGS84;INSTITUTION_MATCH_NONE;COLLECTION_MATCH_NONE
2980844709,50c9509d-22c7-4a22-a47d-8c48425ef4a7,https://www.inaturalist.org/observations/63859423,Animalia,Chordata,Reptilia,Squamata,Viperidae,Crotalus,Crotalus triseriatus,,SPECIES,"Crotalus triseriatus Wagler, 1830",Crotalus triseriatus,,MX,,México,PRESENT,,28eb1a3f-1c15-4a95-931a-4af90ecb574d,19.393052,-99.511839,4,,,,,,2018-07-04T18:56:00,4,7,2018,2444358,2444358,HUMAN_OBSERVATION,iNaturalist,Observations,63859423,,Mauricio Moreno,2020-10-31T02:24:55,CC_BY_NC_4_0,Mauricio Moreno,Mauricio Moreno,,,2021-01-30T23:50:55.076Z,StillImage,COORDINATE_ROUNDED;GEODETIC_DATUM_ASSUMED_WGS84;INSTITUTION_MATCH_NONE;COLLECTION_MATCH_NONE
2981002698,50c9509d-22c7-4a22-a47d-8c48425ef4a7,https://www.inaturalist.org/observations/63859309,Animalia,Chordata,Reptilia,Squamata,Viperidae,Crotalus,Crotalus triseriatus,,SPECIES,"Crotalus triseriatus Wagler, 1830",Crotalus triseriatus,,MX,,México,PRESENT,,28eb1a3f-1c15-4a95-931a-4af90ecb574d,19.39388,-99.511315,15,,,,,,2018-06-10T18:14:00,10,6,2018,2444358,2444358,HUMAN_OBSERVATION,iNaturalist,Observations,63859309,,Mauricio Moreno,2020-10-31T02:22:29,CC_BY_NC_4_0,Mauricio Moreno,Mauricio Moreno,,,2021-01-30T23:52:40.170Z,StillImage,COORDINATE_ROUNDED;GEODETIC_DATUM_ASSUMED_WGS84;INSTITUTION_MATCH_NONE;COLLECTION_MATCH_NONE
2283112186,50c9509d-22c7-4a22-a47d-8c48425ef4a7,https://www.inaturalist.org/observations/28027477,Animalia,Chordata,Reptilia,Squamata,Viperidae,Crotalus,Crotalus triseriatus,,SPECIES,"Crotalus triseriatus Wagler, 1830",Crotalus triseriatus,,MX,,México,PRESENT,,28eb1a3f-1c15-4a95-931a-4af90ecb574d,19.336869,-99.508694,6,,,,,,2019-06-26T13:16:50,26,6,2019,2444358,2444358,HUMAN_OBSERVATION,iNaturalist,Observations,28027477,,Elí García-Padilla,2019-07-01T23:51:26,CC_BY_NC_4_0,León Felipe González Coronado,León Felipe González Coronado,,,2021-01-30T23:50:07.431Z,StillImage,COORDINATE_ROUNDED;GEODETIC_DATUM_ASSUMED_WGS84;INSTITUTION_MATCH_NONE;COLLECTION_MATCH_NONE
1894950093,7feba584-f762-11e1-a439-00145eb45e9a,urn:catalog:UIUC:UIMNH:35016:ed95df0a3672cad6d189c192d9a35252,Animalia,Chordata,Reptilia,Squamata,Viperidae,Crotalus,Crotalus triseriatus,,SPECIES,"Crotalus triseriatus Wagler, 1830",Crotalus triseriatus,"(Wagler, 1830)",MX,Chilpancingo,Guerrero,PRESENT,1,ff90b050-c256-11db-b71b-b8a03c50a862,17.558333,-99.508333,,,0,0,0,0,,,,,2444358,2444358,PRESERVED_SPECIMEN,UIUC,UIMNH,35016,,NO DISPONIBLE,,CC_BY_4_0,Comisión Nacional para el Conocimiento y Uso de la Biodiversidad (CONABIO),NO DISPONIBLE,,,2021-01-22T17:17:38.576Z,,COORDINATE_ROUNDED;GEODETIC_DATUM_ASSUMED_WGS84;RECORDED_DATE_INVALID;TYPE_STATUS_INVALID;OCCURRENCE_STATUS_INFERRED_FROM_INDIVIDUAL_COUNT;INSTITUTION_MATCH_NONE;COLLECTION_MATCH_FUZZY
1894950084,7feba584-f762-11e1-a439-00145eb45e9a,urn:catalog:UMMZ:UMMZ:85715-716:54c61df79518a4abf711ffaa027d9908,Animalia,Chordata,Reptilia,Squamata,Viperidae,Crotalus,Crotalus triseriatus,,SPECIES,"Crotalus triseriatus Wagler, 1830",Crotalus triseriatus,"(Wagler, 1830)",MX,"CHILPANCINGO, SIERRA MADRE DEL SUR",Guerrero,PRESENT,2,ff90b050-c256-11db-b71b-b8a03c50a862,17.558333,-99.508333,,,0,0,0,0,,,,,2444358,2444358,PRESERVED_SPECIMEN,UMMZ,UMMZ,85715-716,,NO DISPONIBLE,,CC_BY_4_0,Comisión Nacional para el Conocimiento y Uso de la Biodiversidad (CONABIO),NO DISPONIBLE,,,2021-01-22T17:17:41.397Z,,COORDINATE_ROUNDED;GEODETIC_DATUM_ASSUMED_WGS84;RECORDED_DATE_INVALID;TYPE_STATUS_INVALID;OCCURRENCE_STATUS_INFERRED_FROM_INDIVIDUAL_COUNT;INSTITUTION_MATCH_FUZZY;COLLECTION_MATCH_FUZZY
1145604515,09c4287e-e6d5-4552-a07f-bff8a00833d8,http://arctos.database.museum/guid/MVZ:Herp:45254?seid=1021832,Animalia,Chordata,Reptilia,Squamata,Viperidae,Crotalus,Crotalus triseriatus,,SPECIES,"Crotalus triseriatus Wagler, 1830",Crotalus triseriatus,,MX,near Chilpancingo de los Bravos,Guerrero,PRESENT,1,8edbbde0-055e-11d8-b850-b8a03c50a862,17.55209526,-99.50093892,2293,,,,,,1942-08-01T00:00:00,1,8,1942,2444358,2444358,PRESERVED_SPECIMEN,MVZ,Amphibian and reptile specimens,MVZ:Herp:45254,,Matthew L. Holding,2018-11-19T00:00:00,CC0_1_0,,Collector(s): W. W. Brown,,,2021-01-29T01:10:21.185Z,,COORDINATE_ROUNDED;COORDINATE_REPROJECTED;OCCURRENCE_STATUS_INFERRED_FROM_INDIVIDUAL_COUNT;COLLECTION_MATCH_NONE;INSTITUTION_MATCH_FUZZY
1895028919,0159cf6b-6a46-4365-96f1-d7ca2511f082,urn:catalog:IBUNAM:CNAR:3114:57d9965c83e44d96e0f471c0987ee28a,Animalia,Chordata,Reptilia,Squamata,Viperidae,Crotalus,Crotalus triseriatus,,SPECIES,"Crotalus triseriatus Wagler, 1830",Crotalus triseriatus subsp. triseriatus,"(Wagler, 1830)",MX,"Amomolulco, criadero la Piramide",Mexico,PRESENT,1,ff90b050-c256-11db-b71b-b8a03c50a862,19.284444,-99.494722,,,2585,15,0,0,1981-06-18T00:00:00,18,6,1981,2444358,2444358,PRESERVED_SPECIMEN,IBUNAM,CNAR,3114,,NO DISPONIBLE,,CC_BY_4_0,Comisión Nacional para el Conocimiento y Uso de la Biodiversidad (CONABIO),"Aguilar, V. M.",,,2021-01-22T17:02:31.228Z,,COORDINATE_ROUNDED;GEODETIC_DATUM_ASSUMED_WGS84;TAXON_MATCH_HIGHERRANK;TYPE_STATUS_INVALID;OCCURRENCE_STATUS_INFERRED_FROM_INDIVIDUAL_COUNT;COLLECTION_MATCH_NONE;DIFFERENT_OWNER_INSTITUTION
1986524811,50c9509d-22c7-4a22-a47d-8c48425ef4a7,https://www.inaturalist.org/observations/19272053,Animalia,Chordata,Reptilia,Squamata,Viperidae,Crotalus,Crotalus triseriatus,,SPECIES,"Crotalus triseriatus Wagler, 1830",Crotalus triseriatus,,MX,,México,PRESENT,,28eb1a3f-1c15-4a95-931a-4af90ecb574d,19.542817,-99.486515,1000,,,,,,2004-06-20T00:00:00,20,6,2004,2444358,2444358,HUMAN_OBSERVATION,iNaturalist,Observations,19272053,,Michael Price,2018-12-28T18:07:15,CC_BY_NC_4_0,Michael Price,Michael Price,,,2021-01-30T23:49:55.649Z,,COORDINATE_ROUNDED;GEODETIC_DATUM_ASSUMED_WGS84;INSTITUTION_MATCH_NONE;COLLECTION_MATCH_NONE
1986525017,50c9509d-22c7-4a22-a47d-8c48425ef4a7,https://www.inaturalist.org/observations/19272054,Animalia,Chordata,Reptilia,Squamata,Viperidae,Crotalus,Crotalus triseriatus,,SPECIES,"Crotalus triseriatus Wagler, 1830",Crotalus triseriatus,,MX,,México,PRESENT,,28eb1a3f-1c15-4a95-931a-4af90ecb574d,19.542386,-99.485228,1000,,,,,,2004-06-20T00:00:00,20,6,2004,2444358,2444358,HUMAN_OBSERVATION,iNaturalist,Observations,19272054,,Michael Price,2018-12-28T18:07:15,CC_BY_NC_4_0,Michael Price,Michael Price,,,2021-01-30T23:49:56.050Z,,COORDINATE_ROUNDED;GEODETIC_DATUM_ASSUMED_WGS84;INSTITUTION_MATCH_NONE;COLLECTION_MATCH_NONE
1249278143,50c9509d-22c7-4a22-a47d-8c48425ef4a7,http://www.inaturalist.org/observations/2622610,Animalia,Chordata,Reptilia,Squamata,Viperidae,Crotalus,Crotalus triseriatus,,SPECIES,"Crotalus triseriatus Wagler, 1830",Crotalus triseriatus,,MX,,México,PRESENT,,28eb1a3f-1c15-4a95-931a-4af90ecb574d,19.585992,-99.475536,500,,,,,,2015-10-04T00:00:00,4,10,2015,2444358,2444358,HUMAN_OBSERVATION,iNaturalist,Observations,2622610,,crotalusx,2016-01-27T19:32:36,CC_BY_NC_4_0,Daniel Hidalgo,Daniel Hidalgo,,,2021-01-30T23:51:10.687Z,StillImage,GEODETIC_DATUM_ASSUMED_WGS84;INSTITUTION_MATCH_NONE;COLLECTION_MATCH_NONE
2283208352,50c9509d-22c7-4a22-a47d-8c48425ef4a7,https://www.inaturalist.org/observations/28378686,Animalia,Chordata,Reptilia,Squamata,Viperidae,Crotalus,Crotalus triseriatus,,SPECIES,"Crotalus triseriatus Wagler, 1830",Crotalus triseriatus,,MX,,México,PRESENT,,28eb1a3f-1c15-4a95-931a-4af90ecb574d,19.62137,-99.472644,6643,,,,,,2016-03-12T17:57:00,12,3,2016,2444358,2444358,HUMAN_OBSERVATION,iNaturalist,Observations,28378686,,Alejandro Calzada,2019-07-07T18:09:10,CC_BY_NC_4_0,Alejandro Calzada,Alejandro Calzada,,,2021-01-30T23:51:41.639Z,StillImage,COORDINATE_ROUNDED;GEODETIC_DATUM_ASSUMED_WGS84;INSTITUTION_MATCH_NONE;COLLECTION_MATCH_NONE
1895027134,0159cf6b-6a46-4365-96f1-d7ca2511f082,urn:catalog:ENCB-IPN:ENCB:8138:4c4539e6a3bfca46af0eb83de943354b,Animalia,Chordata,Reptilia,Squamata,Viperidae,Crotalus,Crotalus triseriatus,,SPECIES,"Crotalus triseriatus Wagler, 1830",Crotalus triseriatus,"(Wagler, 1830)",MX,Villa del Carbón,Mexico,PRESENT,1,ff90b050-c256-11db-b71b-b8a03c50a862,19.723611,-99.469722,,,1300,1300,0,0,1974-04-11T00:00:00,11,4,1974,2444358,2444358,PRESERVED_SPECIMEN,ENCB-IPN,ENCB,8138,,"Alvarez, T.; Matias, F. N.",,CC_BY_4_0,Comisión Nacional para el Conocimiento y Uso de la Biodiversidad (CONABIO),"Cruz, M.C.",,,2021-01-22T17:02:31.632Z,,COORDINATE_ROUNDED;GEODETIC_DATUM_ASSUMED_WGS84;ELEVATION_MIN_MAX_SWAPPED;TYPE_STATUS_INVALID;OCCURRENCE_STATUS_INFERRED_FROM_INDIVIDUAL_COUNT;INSTITUTION_COLLECTION_MISMATCH;DIFFERENT_OWNER_INSTITUTION
2629136059,63ed64cb-90b7-4ecc-b94c-3a0317742379,urn:catalog:ENCB-IPN:ENCB:8138:65aba7fd04ac39875bfb5c4c1463ceea,Animalia,Chordata,Reptilia,Squamata,Viperidae,Crotalus,Crotalus triseriatus,,SPECIES,"Crotalus triseriatus Wagler, 1830",Crotalus triseriatus subsp. triseriatus,"(Wagler, 1830)",MX,Villa del Carbón,Mexico,PRESENT,1,ff90b050-c256-11db-b71b-b8a03c50a862,19.7278,-99.463302,,,0,0,0,0,1974-04-11T00:00:00,11,4,1974,2444358,2444358,PRESERVED_SPECIMEN,ENCB-IPN,ENCB,8138,,T. ALVAREZ,,CC_BY_4_0,Comisión Nacional para el Conocimiento y Uso de la Biodiversidad (CONABIO),C. CRUZ M.,,,2020-12-15T17:31:31.815Z,,COORDINATE_ROUNDED;TAXON_MATCH_HIGHERRANK;TYPE_STATUS_INVALID;OCCURRENCE_STATUS_INFERRED_FROM_INDIVIDUAL_COUNT;INSTITUTION_COLLECTION_MISMATCH;DIFFERENT_OWNER_INSTITUTION
2629122136,63ed64cb-90b7-4ecc-b94c-3a0317742379,urn:catalog:ENCB-IPN:ENCB:10840:fc9c5346cf225381868d09fda0684a68,Animalia,Chordata,Reptilia,Squamata,Viperidae,Crotalus,Crotalus triseriatus,,SPECIES,"Crotalus triseriatus Wagler, 1830",Crotalus triseriatus,"(Wagler, 1830)",MX,Villa del Carbón,Mexico,PRESENT,1,ff90b050-c256-11db-b71b-b8a03c50a862,19.7278,-99.463302,,,0,0,0,0,1979-10-19T00:00:00,19,10,1979,2444358,2444358,PRESERVED_SPECIMEN,ENCB-IPN,ENCB,10840,,T. Alvarez; J. C. López V.,,CC_BY_4_0,Comisión Nacional para el Conocimiento y Uso de la Biodiversidad (CONABIO),N. Valentín M.,,,2020-12-15T17:15:26.531Z,,COORDINATE_ROUNDED;TYPE_STATUS_INVALID;OCCURRENCE_STATUS_INFERRED_FROM_INDIVIDUAL_COUNT;INSTITUTION_COLLECTION_MISMATCH;DIFFERENT_OWNER_INSTITUTION
2366044756,50c9509d-22c7-4a22-a47d-8c48425ef4a7,https://www.inaturalist.org/observations/30910194,Animalia,Chordata,Reptilia,Squamata,Viperidae,Crotalus,Crotalus triseriatus,,SPECIES,"Crotalus triseriatus Wagler, 1830",Crotalus triseriatus,,MX,,México,PRESENT,,28eb1a3f-1c15-4a95-931a-4af90ecb574d,19.362241,-99.461316,9,,,,,,2019-08-15T09:29:07,15,8,2019,2444358,2444358,HUMAN_OBSERVATION,iNaturalist,Observations,30910194,,Elí García-Padilla,2020-09-02T19:03:23,CC_BY_NC_4_0,León Felipe González Coronado,León Felipe González Coronado,,,2021-01-30T23:51:47.087Z,StillImage,COORDINATE_ROUNDED;GEODETIC_DATUM_ASSUMED_WGS84;INSTITUTION_MATCH_NONE;COLLECTION_MATCH_NONE
2826513740,50c9509d-22c7-4a22-a47d-8c48425ef4a7,https://www.inaturalist.org/observations/54751834,Animalia,Chordata,Reptilia,Squamata,Viperidae,Crotalus,Crotalus triseriatus,,SPECIES,"Crotalus triseriatus Wagler, 1830",Crotalus triseriatus,,MX,,México,PRESENT,,28eb1a3f-1c15-4a95-931a-4af90ecb574d,19.247467,-99.454677,,,,,,,2020-03-08T00:00:00,8,3,2020,2444358,2444358,HUMAN_OBSERVATION,iNaturalist,Observations,54751834,,pablomulticinctus,,CC_BY_NC_4_0,salvadoracostaacevedo,salvadoracostaacevedo,,,2021-01-30T23:52:30.072Z,StillImage,COORDINATE_ROUNDED;GEODETIC_DATUM_ASSUMED_WGS84;INSTITUTION_MATCH_NONE;COLLECTION_MATCH_NONE
2826473643,50c9509d-22c7-4a22-a47d-8c48425ef4a7,https://www.inaturalist.org/observations/54751825,Animalia,Chordata,Reptilia,Squamata,Viperidae,Crotalus,Crotalus triseriatus,,SPECIES,"Crotalus triseriatus Wagler, 1830",Crotalus triseriatus,,MX,,México,PRESENT,,28eb1a3f-1c15-4a95-931a-4af90ecb574d,19.24671,-99.454587,,,,,,,2019-12-01T00:00:00,1,12,2019,2444358,2444358,HUMAN_OBSERVATION,iNaturalist,Observations,54751825,,pablomulticinctus,,CC_BY_NC_4_0,salvadoracostaacevedo,salvadoracostaacevedo,,,2021-01-30T23:52:27.298Z,StillImage,COORDINATE_ROUNDED;GEODETIC_DATUM_ASSUMED_WGS84;INSTITUTION_MATCH_NONE;COLLECTION_MATCH_NONE
2826450658,50c9509d-22c7-4a22-a47d-8c48425ef4a7,https://www.inaturalist.org/observations/54751819,Animalia,Chordata,Reptilia,Squamata,Viperidae,Crotalus,Crotalus triseriatus,,SPECIES,"Crotalus triseriatus Wagler, 1830",Crotalus triseriatus,,MX,,México,PRESENT,,28eb1a3f-1c15-4a95-931a-4af90ecb574d,19.246396,-99.454263,,,,,,,2019-07-21T00:00:00,21,7,2019,2444358,2444358,HUMAN_OBSERVATION,iNaturalist,Observations,54751819,,pablomulticinctus,,CC_BY_NC_4_0,salvadoracostaacevedo,salvadoracostaacevedo,,,2021-01-30T23:52:26.865Z,StillImage,COORDINATE_ROUNDED;GEODETIC_DATUM_ASSUMED_WGS84;INSTITUTION_MATCH_NONE;COLLECTION_MATCH_NONE
2826227641,50c9509d-22c7-4a22-a47d-8c48425ef4a7,https://www.inaturalist.org/observations/54751851,Animalia,Chordata,Reptilia,Squamata,Viperidae,Crotalus,Crotalus triseriatus,,SPECIES,"Crotalus triseriatus Wagler, 1830",Crotalus triseriatus,,MX,,México,PRESENT,,28eb1a3f-1c15-4a95-931a-4af90ecb574d,19.246312,-99.454058,,,,,,,2020-07-26T00:00:00,26,7,2020,2444358,2444358,HUMAN_OBSERVATION,iNaturalist,Observations,54751851,,pablomulticinctus,,CC_BY_NC_4_0,salvadoracostaacevedo,salvadoracostaacevedo,,,2021-01-30T23:50:37.046Z,StillImage,COORDINATE_ROUNDED;GEODETIC_DATUM_ASSUMED_WGS84;INSTITUTION_MATCH_NONE;COLLECTION_MATCH_NONE
2826337636,50c9509d-22c7-4a22-a47d-8c48425ef4a7,https://www.inaturalist.org/observations/54751850,Animalia,Chordata,Reptilia,Squamata,Viperidae,Crotalus,Crotalus triseriatus,,SPECIES,"Crotalus triseriatus Wagler, 1830",Crotalus triseriatus,,MX,,México,PRESENT,,28eb1a3f-1c15-4a95-931a-4af90ecb574d,19.246519,-99.453788,,,,,,,2020-07-11T00:00:00,11,7,2020,2444358,2444358,HUMAN_OBSERVATION,iNaturalist,Observations,54751850,,Iván Zurita,,CC_BY_NC_4_0,salvadoracostaacevedo,salvadoracostaacevedo,,,2021-01-30T23:50:37.546Z,StillImage,COORDINATE_ROUNDED;GEODETIC_DATUM_ASSUMED_WGS84;INSTITUTION_MATCH_NONE;COLLECTION_MATCH_NONE
2823213475,50c9509d-22c7-4a22-a47d-8c48425ef4a7,https://www.inaturalist.org/observations/53964893,Animalia,Chordata,Reptilia,Squamata,Viperidae,Crotalus,Crotalus triseriatus,,SPECIES,"Crotalus triseriatus Wagler, 1830",Crotalus triseriatus,,MX,,México,PRESENT,,28eb1a3f-1c15-4a95-931a-4af90ecb574d,19.247819,-99.452331,62,,,,,,2020-07-04T00:00:00,4,7,2020,2444358,2444358,HUMAN_OBSERVATION,iNaturalist,Observations,53964893,,Pedro E. Nahuat-Cervera,2020-07-24T15:20:52,CC_BY_NC_4_0,oscar_perezc,oscar_perezc,,,2021-01-30T23:52:27.199Z,StillImage,GEODETIC_DATUM_ASSUMED_WGS84;INSTITUTION_MATCH_NONE;COLLECTION_MATCH_NONE
2823162489,50c9509d-22c7-4a22-a47d-8c48425ef4a7,https://www.inaturalist.org/observations/53964894,Animalia,Chordata,Reptilia,Squamata,Viperidae,Crotalus,Crotalus triseriatus,,SPECIES,"Crotalus triseriatus Wagler, 1830",Crotalus triseriatus,,MX,,México,PRESENT,,28eb1a3f-1c15-4a95-931a-4af90ecb574d,19.247581,-99.451452,62,,,,,,2020-07-04T00:00:00,4,7,2020,2444358,2444358,HUMAN_OBSERVATION,iNaturalist,Observations,53964894,,Pedro E. Nahuat-Cervera,2020-07-24T15:17:55,CC_BY_NC_4_0,oscar_perezc,oscar_perezc,,,2021-01-30T23:50:42.274Z,StillImage,GEODETIC_DATUM_ASSUMED_WGS84;INSTITUTION_MATCH_NONE;COLLECTION_MATCH_NONE
1894112392,80d6e8c8-f762-11e1-a439-00145eb45e9a,urn:catalog:TCWC-TAMU:TCWC:29484-29485:7da8599d4502cde477576bba2c1abf09,Animalia,Chordata,Reptilia,Squamata,Viperidae,Crotalus,Crotalus triseriatus,,SPECIES,"Crotalus triseriatus Wagler, 1830",Crotalus triseriatus,"(Wagler, 1830)",MX,2.4 MI W EL MADROÑO,Queretaro,PRESENT,2,ff90b050-c256-11db-b71b-b8a03c50a862,21.285833,-99.444444,,,792.5,792.5,0,0,,,,,2444358,2444358,PRESERVED_SPECIMEN,TCWC-TAMU,TCWC,29484-29485,,NO DISPONIBLE,,CC_BY_4_0,Comisión Nacional para el Conocimiento y Uso de la Biodiversidad (CONABIO),NO DISPONIBLE,,,2021-01-22T17:15:51.648Z,,COORDINATE_ROUNDED;GEODETIC_DATUM_ASSUMED_WGS84;RECORDED_DATE_INVALID;ELEVATION_MIN_MAX_SWAPPED;TYPE_STATUS_INVALID;OCCURRENCE_STATUS_INFERRED_FROM_INDIVIDUAL_COUNT;INSTITUTION_MATCH_NONE;COLLECTION_MATCH_FUZZY
2283250810,50c9509d-22c7-4a22-a47d-8c48425ef4a7,https://www.inaturalist.org/observations/28534685,Animalia,Chordata,Reptilia,Squamata,Viperidae,Crotalus,Crotalus triseriatus,,SPECIES,"Crotalus triseriatus Wagler, 1830",Crotalus triseriatus,,MX,,México,PRESENT,,28eb1a3f-1c15-4a95-931a-4af90ecb574d,19.363435,-99.431711,,,,,,,2019-07-09T16:21:26,9,7,2019,2444358,2444358,HUMAN_OBSERVATION,iNaturalist,Observations,28534685,,,,CC_BY_NC_4_0,León Felipe González Coronado,León Felipe González Coronado,,,2021-01-30T23:51:49.362Z,StillImage,COORDINATE_ROUNDED;GEODETIC_DATUM_ASSUMED_WGS84;INSTITUTION_MATCH_NONE;COLLECTION_MATCH_NONE
1453458966,50c9509d-22c7-4a22-a47d-8c48425ef4a7,http://conabio.inaturalist.org/observations/5180855,Animalia,Chordata,Reptilia,Squamata,Viperidae,Crotalus,Crotalus triseriatus,,SPECIES,"Crotalus triseriatus Wagler, 1830",Crotalus triseriatus,,MX,,México,PRESENT,,28eb1a3f-1c15-4a95-931a-4af90ecb574d,19.632331,-99.425215,4,,,,,,2013-05-20T01:14:00,20,5,2013,2444358,2444358,HUMAN_OBSERVATION,iNaturalist,Observations,5180855,,Gerry Salmon,2017-03-02T05:39:24,CC_BY_NC_4_0,Ricardo González,Ricardo González,,,2021-01-30T23:49:33.160Z,StillImage,COORDINATE_ROUNDED;GEODETIC_DATUM_ASSUMED_WGS84;INSTITUTION_MATCH_NONE;COLLECTION_MATCH_NONE
1895028936,0159cf6b-6a46-4365-96f1-d7ca2511f082,urn:catalog:IBUNAM:CNAR:NO DISPONIBLE:7d0a89808bd301d6abef1f4f5a0223d3,Animalia,Chordata,Reptilia,Squamata,Viperidae,Crotalus,Crotalus triseriatus,,SPECIES,"Crotalus triseriatus Wagler, 1830",Crotalus triseriatus subsp. triseriatus,"(Wagler, 1830)",MX,"Pueblo Miranda,3 km al SW de Cahuacán",Mexico,PRESENT,1,ff90b050-c256-11db-b71b-b8a03c50a862,19.602778,-99.425,,,2900,100,0,0,1982-05-13T00:00:00,13,5,1982,2444358,2444358,PRESERVED_SPECIMEN,IBUNAM,CNAR,NO DISPONIBLE,,NO DISPONIBLE,,CC_BY_4_0,Comisión Nacional para el Conocimiento y Uso de la Biodiversidad (CONABIO),"Ramirez, B.  A",,,2021-01-22T17:02:30.785Z,,COORDINATE_ROUNDED;GEODETIC_DATUM_ASSUMED_WGS84;TAXON_MATCH_HIGHERRANK;TYPE_STATUS_INVALID;OCCURRENCE_STATUS_INFERRED_FROM_INDIVIDUAL_COUNT;COLLECTION_MATCH_NONE;DIFFERENT_OWNER_INSTITUTION
2826475960,50c9509d-22c7-4a22-a47d-8c48425ef4a7,https://www.inaturalist.org/observations/54947654,Animalia,Chordata,Reptilia,Squamata,Viperidae,Crotalus,Crotalus triseriatus,,SPECIES,"Crotalus triseriatus Wagler, 1830",Crotalus triseriatus,,MX,,México,PRESENT,,28eb1a3f-1c15-4a95-931a-4af90ecb574d,19.310629,-99.423132,31,,,,,,2016-10-17T14:11:00,17,10,2016,2444358,2444358,HUMAN_OBSERVATION,iNaturalist,Observations,54947654,,Alejandra Galindo,2020-07-31T17:22:48,CC_BY_NC_4_0,Alejandra Galindo,Alejandra Galindo,,,2021-01-30T23:52:31.386Z,StillImage,COORDINATE_ROUNDED;GEODETIC_DATUM_ASSUMED_WGS84;INSTITUTION_MATCH_NONE;COLLECTION_MATCH_NONE
1895028905,0159cf6b-6a46-4365-96f1-d7ca2511f082,urn:catalog:FC-UNAM:MZFC:55:5dff01c4ef83a9f7cc91174d13caff9c,Animalia,Chordata,Reptilia,Squamata,Viperidae,Crotalus,Crotalus triseriatus,,SPECIES,"Crotalus triseriatus Wagler, 1830",Crotalus triseriatus subsp. triseriatus,"(Wagler, 1830)",MX,"El Mirasol, Santiago Tianguistenco",Mexico,PRESENT,1,ff90b050-c256-11db-b71b-b8a03c50a862,19.205,-99.421667,,,3000,300,0,0,1978-05-21T00:00:00,21,5,1978,2444358,2444358,PRESERVED_SPECIMEN,FC-UNAM,MZFC,55,,NO DISPONIBLE,,CC_BY_4_0,Comisión Nacional para el Conocimiento y Uso de la Biodiversidad (CONABIO),"Lara-Gongora, G.",,,2021-01-22T17:02:30.918Z,,COORDINATE_ROUNDED;GEODETIC_DATUM_ASSUMED_WGS84;TAXON_MATCH_HIGHERRANK;TYPE_STATUS_INVALID;OCCURRENCE_STATUS_INFERRED_FROM_INDIVIDUAL_COUNT;INSTITUTION_MATCH_NONE;COLLECTION_MATCH_NONE
2901829307,50c9509d-22c7-4a22-a47d-8c48425ef4a7,https://www.inaturalist.org/observations/63264615,Animalia,Chordata,Reptilia,Squamata,Viperidae,Crotalus,Crotalus triseriatus,,SPECIES,"Crotalus triseriatus Wagler, 1830",Crotalus triseriatus,,MX,,México,PRESENT,,28eb1a3f-1c15-4a95-931a-4af90ecb574d,19.622222,-99.418056,2043,,,,,,2013-05-20T01:14:00,20,5,2013,2444358,2444358,HUMAN_OBSERVATION,iNaturalist,Observations,63264615,,pablomulticinctus,2020-10-25T05:00:10,CC_BY_NC_4_0,Ricardo González,Ricardo González,,,2021-01-30T23:52:39.912Z,StillImage,GEODETIC_DATUM_ASSUMED_WGS84;INSTITUTION_MATCH_NONE;COLLECTION_MATCH_NONE
2429265462,50c9509d-22c7-4a22-a47d-8c48425ef4a7,https://www.inaturalist.org/observations/33466413,Animalia,Chordata,Reptilia,Squamata,Viperidae,Crotalus,Crotalus triseriatus,,SPECIES,"Crotalus triseriatus Wagler, 1830",Crotalus triseriatus,,MX,,México,PRESENT,,28eb1a3f-1c15-4a95-931a-4af90ecb574d,19.385234,-99.415461,9,,,,,,2019-09-26T16:11:57,26,9,2019,2444358,2444358,HUMAN_OBSERVATION,iNaturalist,Observations,33466413,,León Felipe González Coronado,2019-09-27T04:03:34,CC_BY_NC_4_0,León Felipe González Coronado,León Felipe González Coronado,,,2021-01-30T23:52:01.777Z,StillImage,COORDINATE_ROUNDED;GEODETIC_DATUM_ASSUMED_WGS84;INSTITUTION_MATCH_NONE;COLLECTION_MATCH_NONE
1895028953,0159cf6b-6a46-4365-96f1-d7ca2511f082,urn:catalog:NO DISPONIBLE:NO APLICA:NO DISPONIBLE:28b9dbfa64be25519b0c1775ac651dbe,Animalia,Chordata,Reptilia,Squamata,Viperidae,Crotalus,Crotalus triseriatus,,SPECIES,"Crotalus triseriatus Wagler, 1830",Crotalus triseriatus subsp. triseriatus,"(Wagler, 1830)",MX,CAHUACAN,Mexico,PRESENT,1,ff90b050-c256-11db-b71b-b8a03c50a862,19.628333,-99.41,,,2775,25,0,0,,,,,2444358,2444358,UNKNOWN,NO DISPONIBLE,NO APLICA,NO DISPONIBLE,,NO DISPONIBLE,,CC_BY_4_0,Comisión Nacional para el Conocimiento y Uso de la Biodiversidad (CONABIO),NO DISPONIBLE,,,2021-01-22T17:02:30.665Z,,COORDINATE_ROUNDED;GEODETIC_DATUM_ASSUMED_WGS84;RECORDED_DATE_INVALID;TAXON_MATCH_HIGHERRANK;TYPE_STATUS_INVALID;OCCURRENCE_STATUS_INFERRED_FROM_INDIVIDUAL_COUNT;INSTITUTION_MATCH_NONE;COLLECTION_MATCH_NONE
1895027148,0159cf6b-6a46-4365-96f1-d7ca2511f082,urn:catalog:FC-UNAM:MZFC:7594:57b3c19d97298f6f0d250bca3e29ddcc,Animalia,Chordata,Reptilia,Squamata,Viperidae,Crotalus,Crotalus triseriatus,,SPECIES,"Crotalus triseriatus Wagler, 1830",Crotalus triseriatus,"(Wagler, 1830)",MX,CAHUACAN,Mexico,PRESENT,1,ff90b050-c256-11db-b71b-b8a03c50a862,19.628333,-99.41,,,2525,225,0,0,1992-06-01T00:00:00,1,6,1992,2444358,2444358,PRESERVED_SPECIMEN,FC-UNAM,MZFC,7594,,NO DISPONIBLE,,CC_BY_4_0,Comisión Nacional para el Conocimiento y Uso de la Biodiversidad (CONABIO),DGM; MMM; FMQ,,,2021-01-22T17:02:30.799Z,,COORDINATE_ROUNDED;GEODETIC_DATUM_ASSUMED_WGS84;ELEVATION_MIN_MAX_SWAPPED;TYPE_STATUS_INVALID;OCCURRENCE_STATUS_INFERRED_FROM_INDIVIDUAL_COUNT;INSTITUTION_MATCH_NONE;COLLECTION_MATCH_NONE
1883915829,50c9509d-22c7-4a22-a47d-8c48425ef4a7,https://www.inaturalist.org/observations/14386991,Animalia,Chordata,Reptilia,Squamata,Viperidae,Crotalus,Crotalus triseriatus,,SPECIES,"Crotalus triseriatus Wagler, 1830",Crotalus triseriatus,,MX,,México,PRESENT,,28eb1a3f-1c15-4a95-931a-4af90ecb574d,19.306387,-99.408305,9,,,,,,2018-07-10T12:18:06,10,7,2018,2444358,2444358,HUMAN_OBSERVATION,iNaturalist,Observations,14386991,,Iván Zurita,2018-07-15T17:48:05,CC_BY_NC_4_0,Iván Zurita,Iván Zurita,,,2021-01-30T23:49:49.279Z,StillImage,COORDINATE_ROUNDED;GEODETIC_DATUM_ASSUMED_WGS84;INSTITUTION_MATCH_NONE;COLLECTION_MATCH_NONE
1883519214,50c9509d-22c7-4a22-a47d-8c48425ef4a7,https://www.inaturalist.org/observations/14333545,Animalia,Chordata,Reptilia,Squamata,Viperidae,Crotalus,Crotalus triseriatus,,SPECIES,"Crotalus triseriatus Wagler, 1830",Crotalus triseriatus,,MX,,México,PRESENT,,28eb1a3f-1c15-4a95-931a-4af90ecb574d,19.317202,-99.407121,526,,,,,,2018-07-11T16:35:26,11,7,2018,2444358,2444358,HUMAN_OBSERVATION,iNaturalist,Observations,14333545,,Cesar A. Arcadia-Hernández,2018-07-14T01:11:20,CC_BY_NC_4_0,Cesar A. Arcadia-Hernández,Cesar A. Arcadia-Hernández,,,2021-01-30T23:49:48.990Z,StillImage,COORDINATE_ROUNDED;GEODETIC_DATUM_ASSUMED_WGS84;INSTITUTION_MATCH_NONE;COLLECTION_MATCH_NONE
1914239300,50c9509d-22c7-4a22-a47d-8c48425ef4a7,https://www.inaturalist.org/observations/16938462,Animalia,Chordata,Reptilia,Squamata,Viperidae,Crotalus,Crotalus triseriatus,,SPECIES,"Crotalus triseriatus Wagler, 1830",Crotalus triseriatus,,MX,,México,PRESENT,,28eb1a3f-1c15-4a95-931a-4af90ecb574d,19.310856,-99.402263,153,,,,,,2018-09-26T10:35:00,26,9,2018,2444358,2444358,HUMAN_OBSERVATION,iNaturalist,Observations,16938462,,Cesar A. Arcadia-Hernández,2018-09-26T18:04:41,CC_BY_NC_4_0,Cesar A. Arcadia-Hernández,Cesar A. Arcadia-Hernández,,,2021-01-30T23:51:33.698Z,StillImage,COORDINATE_ROUNDED;GEODETIC_DATUM_ASSUMED_WGS84;INSTITUTION_MATCH_NONE;COLLECTION_MATCH_NONE
1890071446,50c9509d-22c7-4a22-a47d-8c48425ef4a7,https://www.inaturalist.org/observations/14973062,Animalia,Chordata,Reptilia,Squamata,Viperidae,Crotalus,Crotalus triseriatus,,SPECIES,"Crotalus triseriatus Wagler, 1830",Crotalus triseriatus,,MX,,México,PRESENT,,28eb1a3f-1c15-4a95-931a-4af90ecb574d,19.310532,-99.396598,332,,,,,,2018-07-28T11:51:00,28,7,2018,2444358,2444358,HUMAN_OBSERVATION,iNaturalist,Observations,14973062,,Cesar A. Arcadia-Hernández,2018-07-31T01:09:32,CC_BY_NC_4_0,Cesar A. Arcadia-Hernández,Cesar A. Arcadia-Hernández,,,2021-01-30T23:51:28.346Z,StillImage,COORDINATE_ROUNDED;GEODETIC_DATUM_ASSUMED_WGS84;INSTITUTION_MATCH_NONE;COLLECTION_MATCH_NONE
1895027217,0159cf6b-6a46-4365-96f1-d7ca2511f082,urn:catalog:ENCB-IPN:ENCB:220:ba3c24bbf92387e1f267cb68deb57780,Animalia,Chordata,Reptilia,Squamata,Viperidae,Crotalus,Crotalus triseriatus,,SPECIES,"Crotalus triseriatus Wagler, 1830",Crotalus triseriatus,"(Wagler, 1830)",MX,"Salazar, Mpio de Lerma",Mexico,PRESENT,1,ff90b050-c256-11db-b71b-b8a03c50a862,19.303889,-99.390278,,,1450,1450,0,0,1962-08-05T00:00:00,5,8,1962,2444358,2444358,PRESERVED_SPECIMEN,ENCB-IPN,ENCB,220,,"Alvarez, T.; Matias, F. N.",,CC_BY_4_0,Comisión Nacional para el Conocimiento y Uso de la Biodiversidad (CONABIO),"Barrera, A.; Halftter, G.",,,2021-01-22T17:02:30.185Z,,COORDINATE_ROUNDED;GEODETIC_DATUM_ASSUMED_WGS84;ELEVATION_MIN_MAX_SWAPPED;TYPE_STATUS_INVALID;OCCURRENCE_STATUS_INFERRED_FROM_INDIVIDUAL_COUNT;INSTITUTION_COLLECTION_MISMATCH;DIFFERENT_OWNER_INSTITUTION
1895027129,0159cf6b-6a46-4365-96f1-d7ca2511f082,urn:catalog:ENCB-IPN:ENCB:2188:4197830b73745ae272c8ed3beb60a45b,Animalia,Chordata,Reptilia,Squamata,Viperidae,Crotalus,Crotalus triseriatus,,SPECIES,"Crotalus triseriatus Wagler, 1830",Crotalus triseriatus,"(Wagler, 1830)",MX,"Salazar, Mpio de Lerma",Mexico,PRESENT,1,ff90b050-c256-11db-b71b-b8a03c50a862,19.303889,-99.390278,,,1450,1450,0,0,1946-05-25T00:00:00,25,5,1946,2444358,2444358,PRESERVED_SPECIMEN,ENCB-IPN,ENCB,2188,,"Alvarez, T.; Matias, F. N.",,CC_BY_4_0,Comisión Nacional para el Conocimiento y Uso de la Biodiversidad (CONABIO),"Peláez, D.",,,2021-01-22T17:02:29.792Z,,COORDINATE_ROUNDED;GEODETIC_DATUM_ASSUMED_WGS84;ELEVATION_MIN_MAX_SWAPPED;TYPE_STATUS_INVALID;OCCURRENCE_STATUS_INFERRED_FROM_INDIVIDUAL_COUNT;INSTITUTION_COLLECTION_MISMATCH;DIFFERENT_OWNER_INSTITUTION
2629137586,63ed64cb-90b7-4ecc-b94c-3a0317742379,urn:catalog:ENCB-IPN:ENCB:2188:486d452ef9a09e6599a227bcbf4c4f61,Animalia,Chordata,Reptilia,Squamata,Viperidae,Crotalus,Crotalus triseriatus,,SPECIES,"Crotalus triseriatus Wagler, 1830",Crotalus triseriatus subsp. triseriatus,"(Wagler, 1830)",MX,Laguna Salazar,Mexico,PRESENT,1,ff90b050-c256-11db-b71b-b8a03c50a862,19.302,-99.386398,,,0,0,0,0,1946-05-25T00:00:00,25,5,1946,2444358,2444358,PRESERVED_SPECIMEN,ENCB-IPN,ENCB,2188,,T. ALVAREZ,,CC_BY_4_0,Comisión Nacional para el Conocimiento y Uso de la Biodiversidad (CONABIO),D. Peláez,,,2020-12-15T17:33:19.941Z,,COORDINATE_ROUNDED;TAXON_MATCH_HIGHERRANK;TYPE_STATUS_INVALID;OCCURRENCE_STATUS_INFERRED_FROM_INDIVIDUAL_COUNT;INSTITUTION_COLLECTION_MISMATCH;DIFFERENT_OWNER_INSTITUTION
2629118640,63ed64cb-90b7-4ecc-b94c-3a0317742379,urn:catalog:ENCB-IPN:ENCB:220:6feb88aeab74127814c59f2fd90ba45d,Animalia,Chordata,Reptilia,Squamata,Viperidae,Crotalus,Crotalus triseriatus,,SPECIES,"Crotalus triseriatus Wagler, 1830",Crotalus triseriatus,"(Wagler, 1830)",MX,Laguna Salazar,Mexico,PRESENT,1,ff90b050-c256-11db-b71b-b8a03c50a862,19.302,-99.386398,,,0,0,0,0,1962-08-05T00:00:00,5,8,1962,2444358,2444358,PRESERVED_SPECIMEN,ENCB-IPN,ENCB,220,,T. ALVAREZ,,CC_BY_4_0,Comisión Nacional para el Conocimiento y Uso de la Biodiversidad (CONABIO),G. Halffter S.; A. Barrera M.,,,2020-12-15T17:11:22.535Z,,COORDINATE_ROUNDED;TYPE_STATUS_INVALID;OCCURRENCE_STATUS_INFERRED_FROM_INDIVIDUAL_COUNT;INSTITUTION_COLLECTION_MISMATCH;DIFFERENT_OWNER_INSTITUTION
1895027210,0159cf6b-6a46-4365-96f1-d7ca2511f082,urn:catalog:ENCB-IPN:ENCB:13630:876f09d8e6e6a9df2c84393b0cdd8406,Animalia,Chordata,Reptilia,Squamata,Viperidae,Crotalus,Crotalus triseriatus,,SPECIES,"Crotalus triseriatus Wagler, 1830",Crotalus triseriatus,"(Wagler, 1830)",MX,La Marquesa,Mexico,PRESENT,1,ff90b050-c256-11db-b71b-b8a03c50a862,19.290278,-99.368611,,,1525,1525,0,0,1987-10-25T00:00:00,25,10,1987,2444358,2444358,PRESERVED_SPECIMEN,ENCB-IPN,ENCB,13630,,"Alvarez, T.; Matias, F. N.",,CC_BY_4_0,Comisión Nacional para el Conocimiento y Uso de la Biodiversidad (CONABIO),"Vega-Lopez,  A.",,,2021-01-22T17:02:30.017Z,,COORDINATE_ROUNDED;GEODETIC_DATUM_ASSUMED_WGS84;ELEVATION_MIN_MAX_SWAPPED;TYPE_STATUS_INVALID;OCCURRENCE_STATUS_INFERRED_FROM_INDIVIDUAL_COUNT;INSTITUTION_COLLECTION_MISMATCH;DIFFERENT_OWNER_INSTITUTION
1895028897,0159cf6b-6a46-4365-96f1-d7ca2511f082,urn:catalog:AMNH:AMNH:R-98847:6447649c9c93bdb1e917a728f1b95942,Animalia,Chordata,Reptilia,Squamata,Viperidae,Crotalus,Crotalus triseriatus,,SPECIES,"Crotalus triseriatus Wagler, 1830",Crotalus triseriatus subsp. triseriatus,"(Wagler, 1830)",MX,2 mi al E de Santa Martha,Mexico,PRESENT,1,ff90b050-c256-11db-b71b-b8a03c50a862,19.056944,-99.363333,,,1500,1500,0,0,1966-08-02T00:00:00,2,8,1966,2444358,2444358,PRESERVED_SPECIMEN,AMNH,AMNH,R-98847,,NO DISPONIBLE,,CC_BY_4_0,Comisión Nacional para el Conocimiento y Uso de la Biodiversidad (CONABIO),"Anderson, J. D.",,,2021-01-22T17:02:30.390Z,,COORDINATE_ROUNDED;GEODETIC_DATUM_ASSUMED_WGS84;TAXON_MATCH_HIGHERRANK;ELEVATION_MIN_MAX_SWAPPED;TYPE_STATUS_INVALID;OCCURRENCE_STATUS_INFERRED_FROM_INDIVIDUAL_COUNT;AMBIGUOUS_COLLECTION;INSTITUTION_MATCH_FUZZY
2236865315,50c9509d-22c7-4a22-a47d-8c48425ef4a7,https://www.inaturalist.org/observations/22449923,Animalia,Chordata,Reptilia,Squamata,Viperidae,Crotalus,Crotalus triseriatus,,SPECIES,"Crotalus triseriatus Wagler, 1830",Crotalus triseriatus,,MX,,México,PRESENT,,28eb1a3f-1c15-4a95-931a-4af90ecb574d,19.299754,-99.35877,132,,,,,,2019-04-13T11:10:11,13,4,2019,2444358,2444358,HUMAN_OBSERVATION,iNaturalist,Observations,22449923,,Osmar Mayoral,2019-04-14T04:18:22,CC_BY_NC_4_0,Osmar Mayoral,Osmar Mayoral,,,2021-01-30T23:49:58.261Z,StillImage,COORDINATE_ROUNDED;GEODETIC_DATUM_ASSUMED_WGS84;INSTITUTION_MATCH_NONE;COLLECTION_MATCH_NONE
2460113131,50c9509d-22c7-4a22-a47d-8c48425ef4a7,https://www.inaturalist.org/observations/35810645,Animalia,Chordata,Reptilia,Squamata,Viperidae,Crotalus,Crotalus triseriatus,,SPECIES,"Crotalus triseriatus Wagler, 1830",Crotalus triseriatus,,MX,,México,PRESENT,,28eb1a3f-1c15-4a95-931a-4af90ecb574d,19.343839,-99.348654,413,,,,,,2019-07-21T11:30:00,21,7,2019,2444358,2444358,HUMAN_OBSERVATION,iNaturalist,Observations,35810645,,Juan Carlos Rosales,2019-11-18T07:30:48,CC_BY_NC_4_0,Juan Carlos Rosales,Juan Carlos Rosales,,,2021-01-30T23:50:16.314Z,StillImage,COORDINATE_ROUNDED;GEODETIC_DATUM_ASSUMED_WGS84;INSTITUTION_MATCH_NONE;COLLECTION_MATCH_NONE
1894917973,7feba584-f762-11e1-a439-00145eb45e9a,urn:catalog:FC-UNAM:MZFC:4657:cd49ae792820d0ff98c951b35f33416d,Animalia,Chordata,Reptilia,Squamata,Viperidae,Crotalus,Crotalus triseriatus,,SPECIES,"Crotalus triseriatus Wagler, 1830",Crotalus triseriatus subsp. triseriatus,"(Wagler, 1830)",MX,"CARRETERA OCUILAN-CUERNAVACA, KM 12",Morelos,PRESENT,1,ff90b050-c256-11db-b71b-b8a03c50a862,18.991667,-99.341667,,,0,0,0,0,1990-03-17T00:00:00,17,3,1990,2444358,2444358,PRESERVED_SPECIMEN,FC-UNAM,MZFC,4657,,NO DISPONIBLE,,CC_BY_4_0,Comisión Nacional para el Conocimiento y Uso de la Biodiversidad (CONABIO),MIRIAM TORRES CHAVEZ,,,2021-01-22T17:17:42.356Z,,COORDINATE_ROUNDED;GEODETIC_DATUM_ASSUMED_WGS84;TAXON_MATCH_HIGHERRANK;TYPE_STATUS_INVALID;OCCURRENCE_STATUS_INFERRED_FROM_INDIVIDUAL_COUNT;INSTITUTION_MATCH_NONE;COLLECTION_MATCH_NONE
2609303199,50c9509d-22c7-4a22-a47d-8c48425ef4a7,https://www.inaturalist.org/observations/42777125,Animalia,Chordata,Reptilia,Squamata,Viperidae,Crotalus,Crotalus triseriatus,,SPECIES,"Crotalus triseriatus Wagler, 1830",Crotalus triseriatus,,MX,,México,PRESENT,,28eb1a3f-1c15-4a95-931a-4af90ecb574d,19.332858,-99.340588,698,,,,,,2020-04-20T14:26:09,20,4,2020,2444358,2444358,HUMAN_OBSERVATION,iNaturalist,Observations,42777125,,Juan Carlos Rosales,2020-04-21T18:51:45,CC_BY_NC_4_0,Juan Carlos Rosales,Juan Carlos Rosales,,,2021-01-30T23:50:28.205Z,StillImage,COORDINATE_ROUNDED;GEODETIC_DATUM_ASSUMED_WGS84;INSTITUTION_MATCH_NONE;COLLECTION_MATCH_NONE
2803019985,50c9509d-22c7-4a22-a47d-8c48425ef4a7,https://www.inaturalist.org/observations/50741270,Animalia,Chordata,Reptilia,Squamata,Viperidae,Crotalus,Crotalus triseriatus,,SPECIES,"Crotalus triseriatus Wagler, 1830",Crotalus triseriatus,,MX,,México,PRESENT,,28eb1a3f-1c15-4a95-931a-4af90ecb574d,19.168513,-99.339547,10,,,,,,2020-06-23T12:41:24,23,6,2020,2444358,2444358,HUMAN_OBSERVATION,iNaturalist,Observations,50741270,,Boletus Reticulatus Amanitacae,2020-06-24T03:55:01,CC_BY_NC_4_0,Boletus Reticulatus Amanitacae,Boletus Reticulatus Amanitacae,,,2021-01-30T23:50:40.089Z,StillImage,COORDINATE_ROUNDED;GEODETIC_DATUM_ASSUMED_WGS84;INSTITUTION_MATCH_NONE;COLLECTION_MATCH_NONE
1807300183,50c9509d-22c7-4a22-a47d-8c48425ef4a7,https://www.inaturalist.org/observations/9709391,Animalia,Chordata,Reptilia,Squamata,Viperidae,Crotalus,Crotalus triseriatus,,SPECIES,"Crotalus triseriatus Wagler, 1830",Crotalus triseriatus,,MX,,México,PRESENT,,28eb1a3f-1c15-4a95-931a-4af90ecb574d,19.073057,-99.338218,62,,,,,,2015-06-16T00:00:00,16,6,2015,2444358,2444358,HUMAN_OBSERVATION,iNaturalist,Observations,9709391,,Jaime Marcelo Aranda Sánchez,2018-02-02T22:11:25,CC_BY_NC_4_0,Jaime Marcelo Aranda Sánchez,Jaime Marcelo Aranda Sánchez,,,2021-01-30T23:49:42.183Z,StillImage,GEODETIC_DATUM_ASSUMED_WGS84;INSTITUTION_MATCH_NONE;COLLECTION_MATCH_NONE
1894918184,7feba584-f762-11e1-a439-00145eb45e9a,urn:catalog:AMNH:AMNH:58216:2630925f174a3ef194444f651ea821eb,Animalia,Chordata,Reptilia,Squamata,Viperidae,Crotalus,Crotalus triseriatus,,SPECIES,"Crotalus triseriatus Wagler, 1830",Crotalus triseriatus subsp. triseriatus,"(Wagler, 1830)",MX,Lagunas de Zempoala,Morelos,PRESENT,1,ff90b050-c256-11db-b71b-b8a03c50a862,19.058333,-99.325,,,0,0,0,0,,,,,2444358,2444358,PRESERVED_SPECIMEN,AMNH,AMNH,58216,,NO DISPONIBLE,,CC_BY_4_0,Comisión Nacional para el Conocimiento y Uso de la Biodiversidad (CONABIO),NO DISPONIBLE,,,2021-01-22T17:17:29.692Z,,COORDINATE_ROUNDED;GEODETIC_DATUM_ASSUMED_WGS84;RECORDED_DATE_INVALID;TAXON_MATCH_HIGHERRANK;TYPE_STATUS_INVALID;OCCURRENCE_STATUS_INFERRED_FROM_INDIVIDUAL_COUNT;AMBIGUOUS_COLLECTION;INSTITUTION_MATCH_FUZZY
1894918080,7feba584-f762-11e1-a439-00145eb45e9a,urn:catalog:UIUC:UIMNH:16852:e2fb583885741f400b65b82d357da02a,Animalia,Chordata,Reptilia,Squamata,Viperidae,Crotalus,Crotalus triseriatus,,SPECIES,"Crotalus triseriatus Wagler, 1830",Crotalus triseriatus subsp. triseriatus,"(Wagler, 1830)",MX,Lagunas de Zempoala,Morelos,PRESENT,1,ff90b050-c256-11db-b71b-b8a03c50a862,19.058333,-99.325,,,0,0,0,0,,,,,2444358,2444358,PRESERVED_SPECIMEN,UIUC,UIMNH,16852,,NO DISPONIBLE,,CC_BY_4_0,Comisión Nacional para el Conocimiento y Uso de la Biodiversidad (CONABIO),NO DISPONIBLE,,,2021-01-22T17:17:41.152Z,,COORDINATE_ROUNDED;GEODETIC_DATUM_ASSUMED_WGS84;RECORDED_DATE_INVALID;TAXON_MATCH_HIGHERRANK;TYPE_STATUS_INVALID;OCCURRENCE_STATUS_INFERRED_FROM_INDIVIDUAL_COUNT;INSTITUTION_MATCH_NONE;COLLECTION_MATCH_FUZZY
1894917661,7feba584-f762-11e1-a439-00145eb45e9a,urn:catalog:UIUC:UIMNH:22811:942869463767da0a5434457065720470,Animalia,Chordata,Reptilia,Squamata,Viperidae,Crotalus,Crotalus triseriatus,,SPECIES,"Crotalus triseriatus Wagler, 1830",Crotalus triseriatus subsp. triseriatus,"(Wagler, 1830)",MX,Lagunas de Zempoala,Morelos,PRESENT,1,ff90b050-c256-11db-b71b-b8a03c50a862,19.058333,-99.325,,,0,0,0,0,,,,,2444358,2444358,PRESERVED_SPECIMEN,UIUC,UIMNH,22811,,NO DISPONIBLE,,CC_BY_4_0,Comisión Nacional para el Conocimiento y Uso de la Biodiversidad (CONABIO),NO DISPONIBLE,,,2021-01-22T17:17:30.468Z,,COORDINATE_ROUNDED;GEODETIC_DATUM_ASSUMED_WGS84;RECORDED_DATE_INVALID;TAXON_MATCH_HIGHERRANK;TYPE_STATUS_INVALID;OCCURRENCE_STATUS_INFERRED_FROM_INDIVIDUAL_COUNT;INSTITUTION_MATCH_NONE;COLLECTION_MATCH_FUZZY
2629188102,5719db5a-b15f-4dad-9a11-6cde70b5ed0e,urn:catalog:FC-UNAM:MZFC:24061:e68421f8dd3261d6297a2267e8f2c441,Animalia,Chordata,Reptilia,Squamata,Viperidae,Crotalus,Crotalus triseriatus,,SPECIES,"Crotalus triseriatus Wagler, 1830",Crotalus triseriatus,"(Wagler, 1830)",MX,Paraje Cruz Blanca,Distrito federal,PRESENT,1,ff90b050-c256-11db-b71b-b8a03c50a862,19.302778,-99.324139,,,1609,1609,0,0,2004-05-23T00:00:00,23,5,2004,2444358,2444358,PRESERVED_SPECIMEN,FC-UNAM,MZFC,24061,,Andrés Alberto Mendoza Hernández,,CC_BY_4_0,Comisión Nacional para el Conocimiento y Uso de la Biodiversidad (CONABIO),Andrés Alberto Mendoza Hernández,,,2020-12-15T17:10:04.284Z,,COORDINATE_ROUNDED;ELEVATION_MIN_MAX_SWAPPED;TYPE_STATUS_INVALID;OCCURRENCE_STATUS_INFERRED_FROM_INDIVIDUAL_COUNT;INSTITUTION_MATCH_NONE;COLLECTION_MATCH_NONE
2629191282,5719db5a-b15f-4dad-9a11-6cde70b5ed0e,urn:catalog:FC-UNAM:MZFC:24017:357374598f2dfe3a8e6df7f3fe3cda0d,Animalia,Chordata,Reptilia,Squamata,Viperidae,Crotalus,Crotalus triseriatus,,SPECIES,"Crotalus triseriatus Wagler, 1830",Crotalus triseriatus,"(Wagler, 1830)",MX,Cerro San Miguel,Distrito federal,PRESENT,1,ff90b050-c256-11db-b71b-b8a03c50a862,19.27025,-99.323611,,,1831,1831,0,0,2004-04-04T00:00:00,4,4,2004,2444358,2444358,PRESERVED_SPECIMEN,FC-UNAM,MZFC,24017,,Andrés Alberto Mendoza Hernández,,CC_BY_4_0,Comisión Nacional para el Conocimiento y Uso de la Biodiversidad (CONABIO),Andrés Alberto Mendoza Hernández,,,2020-12-15T17:10:04.780Z,,COORDINATE_ROUNDED;ELEVATION_MIN_MAX_SWAPPED;TYPE_STATUS_INVALID;OCCURRENCE_STATUS_INFERRED_FROM_INDIVIDUAL_COUNT;INSTITUTION_MATCH_NONE;COLLECTION_MATCH_NONE
2629191246,5719db5a-b15f-4dad-9a11-6cde70b5ed0e,urn:catalog:FC-UNAM:MZFC:24069:448f8c4a8aa50efd5bda0e12d6b6cbea,Animalia,Chordata,Reptilia,Squamata,Viperidae,Crotalus,Crotalus triseriatus,,SPECIES,"Crotalus triseriatus Wagler, 1830",Crotalus triseriatus,"(Wagler, 1830)",MX,Paraje El Pantano,Distrito federal,PRESENT,1,ff90b050-c256-11db-b71b-b8a03c50a862,19.295417,-99.322667,,,1588.5,1588.5,0,0,2004-07-21T00:00:00,21,7,2004,2444358,2444358,PRESERVED_SPECIMEN,FC-UNAM,MZFC,24069,,Andrés Alberto Mendoza Hernández,,CC_BY_4_0,Comisión Nacional para el Conocimiento y Uso de la Biodiversidad (CONABIO),Andrés Alberto Mendoza Hernández,,,2020-12-15T17:10:04.739Z,,COORDINATE_ROUNDED;ELEVATION_MIN_MAX_SWAPPED;TYPE_STATUS_INVALID;OCCURRENCE_STATUS_INFERRED_FROM_INDIVIDUAL_COUNT;INSTITUTION_MATCH_NONE;COLLECTION_MATCH_NONE
2237505732,50c9509d-22c7-4a22-a47d-8c48425ef4a7,https://www.inaturalist.org/observations/22965472,Animalia,Chordata,Reptilia,Squamata,Viperidae,Crotalus,Crotalus triseriatus,,SPECIES,"Crotalus triseriatus Wagler, 1830",Crotalus triseriatus,,MX,,Distrito Federal,PRESENT,,28eb1a3f-1c15-4a95-931a-4af90ecb574d,19.232744,-99.322647,4,,,,,,2019-03-10T14:55:00,10,3,2019,2444358,2444358,HUMAN_OBSERVATION,iNaturalist,Observations,22965472,,Michael Jacobi,2019-04-23T22:00:41,CC_BY_NC_4_0,Idlegrraphics,Idlegrraphics,,,2021-01-30T23:50:04.940Z,StillImage,COORDINATE_ROUNDED;GEODETIC_DATUM_ASSUMED_WGS84;INSTITUTION_MATCH_NONE;COLLECTION_MATCH_NONE
2629189780,5719db5a-b15f-4dad-9a11-6cde70b5ed0e,urn:catalog:FC-UNAM:MZFC:22147:efecc3e4875520ceb0a99767d4148165,Animalia,Chordata,Reptilia,Squamata,Viperidae,Crotalus,Crotalus triseriatus,,SPECIES,"Crotalus triseriatus Wagler, 1830",Crotalus triseriatus,"(Wagler, 1830)",MX,Ejido San Nicolás Totolapan,Distrito federal,PRESENT,1,ff90b050-c256-11db-b71b-b8a03c50a862,19.252611,-99.322472,,,1899.5,1899.5,0,0,2006-02-03T00:00:00,3,2,2006,2444358,2444358,PRESERVED_SPECIMEN,FC-UNAM,MZFC,22147,,Uri Omar García Vázquez,,CC_BY_4_0,Comisión Nacional para el Conocimiento y Uso de la Biodiversidad (CONABIO),Jacobo Reyes Velasco,,,2020-12-15T17:10:04.499Z,,COORDINATE_ROUNDED;ELEVATION_MIN_MAX_SWAPPED;TYPE_STATUS_INVALID;OCCURRENCE_STATUS_INFERRED_FROM_INDIVIDUAL_COUNT;INSTITUTION_MATCH_NONE;COLLECTION_MATCH_NONE
1807300076,50c9509d-22c7-4a22-a47d-8c48425ef4a7,https://www.inaturalist.org/observations/9709368,Animalia,Chordata,Reptilia,Squamata,Viperidae,Crotalus,Crotalus triseriatus,,SPECIES,"Crotalus triseriatus Wagler, 1830",Crotalus triseriatus,,MX,,México,PRESENT,,28eb1a3f-1c15-4a95-931a-4af90ecb574d,19.040024,-99.321519,31,,,,,,2015-05-30T00:00:00,30,5,2015,2444358,2444358,HUMAN_OBSERVATION,iNaturalist,Observations,9709368,,Jaime Marcelo Aranda Sánchez,2018-02-02T22:08:19,CC_BY_NC_4_0,Jaime Marcelo Aranda Sánchez,Jaime Marcelo Aranda Sánchez,,,2021-01-30T23:49:44.671Z,StillImage,GEODETIC_DATUM_ASSUMED_WGS84;INSTITUTION_MATCH_NONE;COLLECTION_MATCH_NONE
1891336367,50c9509d-22c7-4a22-a47d-8c48425ef4a7,https://www.inaturalist.org/observations/15435930,Animalia,Chordata,Reptilia,Squamata,Viperidae,Crotalus,Crotalus triseriatus,,SPECIES,"Crotalus triseriatus Wagler, 1830",Crotalus triseriatus,,MX,,México,PRESENT,,28eb1a3f-1c15-4a95-931a-4af90ecb574d,19.05012,-99.320166,107,,,,,,2017-11-10T19:31:00,10,11,2017,2444358,2444358,HUMAN_OBSERVATION,iNaturalist,Observations,15435930,,Luis M,2018-08-15T00:52:12,CC_BY_NC_4_0,Luis M,Luis M,,,2021-01-30T23:51:22.063Z,StillImage,COORDINATE_ROUNDED;GEODETIC_DATUM_ASSUMED_WGS84;INSTITUTION_MATCH_NONE;COLLECTION_MATCH_NONE
1024195184,50c9509d-22c7-4a22-a47d-8c48425ef4a7,http://conabio.inaturalist.org/observations/796669,Animalia,Chordata,Reptilia,Squamata,Viperidae,Crotalus,Crotalus triseriatus,,SPECIES,"Crotalus triseriatus Wagler, 1830",Crotalus triseriatus,,MX,,México,PRESENT,,28eb1a3f-1c15-4a95-931a-4af90ecb574d,19.055875,-99.320148,2120,,,,,,2013-05-30T00:00:00,30,5,2013,2444358,2444358,HUMAN_OBSERVATION,iNaturalist,Observations,796669,,Jaime Marcelo Aranda Sánchez,2014-07-22T15:33:55,CC_BY_NC_4_0,Jaime Marcelo Aranda Sánchez,Jaime Marcelo Aranda Sánchez,,,2021-01-30T23:51:05.830Z,StillImage,GEODETIC_DATUM_ASSUMED_WGS84;INSTITUTION_MATCH_NONE;COLLECTION_MATCH_NONE
2580261028,50c9509d-22c7-4a22-a47d-8c48425ef4a7,https://www.inaturalist.org/observations/40199774,Animalia,Chordata,Reptilia,Squamata,Viperidae,Crotalus,Crotalus triseriatus,,SPECIES,"Crotalus triseriatus Wagler, 1830",Crotalus triseriatus,,MX,,Distrito Federal,PRESENT,,28eb1a3f-1c15-4a95-931a-4af90ecb574d,19.2958,-99.320144,15,,,,,,2018-05-07T10:41:00,7,5,2018,2444358,2444358,HUMAN_OBSERVATION,iNaturalist,Observations,40199774,,harpia,2020-03-18T20:56:36,CC_BY_NC_4_0,harpia,harpia,,,2021-01-30T23:50:27.063Z,StillImage,COORDINATE_ROUNDED;GEODETIC_DATUM_ASSUMED_WGS84;INSTITUTION_MATCH_NONE;COLLECTION_MATCH_NONE
2580263011,50c9509d-22c7-4a22-a47d-8c48425ef4a7,https://www.inaturalist.org/observations/40199773,Animalia,Chordata,Reptilia,Squamata,Viperidae,Crotalus,Crotalus triseriatus,,SPECIES,"Crotalus triseriatus Wagler, 1830",Crotalus triseriatus,,MX,,Distrito Federal,PRESENT,,28eb1a3f-1c15-4a95-931a-4af90ecb574d,19.295779,-99.320129,2,,,,,,2018-05-07T10:40:00,7,5,2018,2444358,2444358,HUMAN_OBSERVATION,iNaturalist,Observations,40199773,,harpia,2020-03-18T20:56:35,CC_BY_NC_4_0,harpia,harpia,,,2021-01-30T23:52:12.562Z,StillImage,COORDINATE_ROUNDED;GEODETIC_DATUM_ASSUMED_WGS84;INSTITUTION_MATCH_NONE;COLLECTION_MATCH_NONE
2580255015,50c9509d-22c7-4a22-a47d-8c48425ef4a7,https://www.inaturalist.org/observations/40199770,Animalia,Chordata,Reptilia,Squamata,Viperidae,Crotalus,Crotalus triseriatus,,SPECIES,"Crotalus triseriatus Wagler, 1830",Crotalus triseriatus,,MX,,Distrito Federal,PRESENT,,28eb1a3f-1c15-4a95-931a-4af90ecb574d,19.295788,-99.320119,2,,,,,,2018-05-07T10:40:00,7,5,2018,2444358,2444358,HUMAN_OBSERVATION,iNaturalist,Observations,40199770,,harpia,2020-03-18T20:56:35,CC_BY_NC_4_0,harpia,harpia,,,2021-01-30T23:50:27.450Z,StillImage,COORDINATE_ROUNDED;GEODETIC_DATUM_ASSUMED_WGS84;INSTITUTION_MATCH_NONE;COLLECTION_MATCH_NONE
891758644,50c9509d-22c7-4a22-a47d-8c48425ef4a7,http://www.inaturalist.org/observations/447311,Animalia,Chordata,Reptilia,Squamata,Viperidae,Crotalus,Crotalus triseriatus,,SPECIES,"Crotalus triseriatus Wagler, 1830",Crotalus triseriatus,,MX,,México,PRESENT,,28eb1a3f-1c15-4a95-931a-4af90ecb574d,19.050273,-99.320097,5121,,,,,,2013-04-18T00:00:00,18,4,2013,2444358,2444358,HUMAN_OBSERVATION,iNaturalist,Observations,447311,,,2019-05-07T08:07:26,CC_BY_NC_4_0,Z. Arery G. Muñoz González.,Z. Arery G. Muñoz González.,,,2021-01-30T23:49:16.439Z,StillImage,GEODETIC_DATUM_ASSUMED_WGS84;INSTITUTION_MATCH_NONE;COLLECTION_MATCH_NONE
1572371181,50c9509d-22c7-4a22-a47d-8c48425ef4a7,http://conabio.inaturalist.org/observations/6944438,Animalia,Chordata,Reptilia,Squamata,Viperidae,Crotalus,Crotalus triseriatus,,SPECIES,"Crotalus triseriatus Wagler, 1830",Crotalus triseriatus,,MX,,Distrito Federal,PRESENT,,28eb1a3f-1c15-4a95-931a-4af90ecb574d,19.272854,-99.31793,61,,,,,,2016-11-13T11:27:00,13,11,2016,2444358,2444358,HUMAN_OBSERVATION,iNaturalist,Observations,6944438,,César Rodríguez Islas,2017-07-06T20:02:44,CC_BY_NC_4_0,Alfonsina Hernández Cardona,Alfonsina Hernández Cardona,,,2021-01-30T23:51:22.758Z,StillImage,COORDINATE_ROUNDED;GEODETIC_DATUM_ASSUMED_WGS84;INSTITUTION_MATCH_NONE;COLLECTION_MATCH_NONE
1291092001,50c9509d-22c7-4a22-a47d-8c48425ef4a7,http://conabio.inaturalist.org/observations/3534830,Animalia,Chordata,Reptilia,Squamata,Viperidae,Crotalus,Crotalus triseriatus,,SPECIES,"Crotalus triseriatus Wagler, 1830",Crotalus triseriatus,,MX,,Morelos,PRESENT,,28eb1a3f-1c15-4a95-931a-4af90ecb574d,19.055036,-99.317647,,,,,,,2016-06-24T00:00:00,24,6,2016,2444358,2444358,HUMAN_OBSERVATION,iNaturalist,Observations,3534830,,coesbio-mor,2016-06-27T21:02:36,CC_BY_NC_4_0,coesbio-mor,coesbio-mor,,,2021-01-30T23:49:28.435Z,StillImage,GEODETIC_DATUM_ASSUMED_WGS84;INSTITUTION_MATCH_NONE;COLLECTION_MATCH_NONE
2629131197,63ed64cb-90b7-4ecc-b94c-3a0317742379,urn:catalog:ENCB-IPN:ENCB:9811:4ac82049aea7404511f90a6f22fc9c16,Animalia,Chordata,Reptilia,Squamata,Viperidae,Crotalus,Crotalus triseriatus,,SPECIES,"Crotalus triseriatus Wagler, 1830",Crotalus triseriatus,"(Wagler, 1830)",MX,Presa Requena,Hidalgo,PRESENT,1,ff90b050-c256-11db-b71b-b8a03c50a862,19.9445,-99.3172,,,0,0,0,0,,,,,2444358,2444358,PRESERVED_SPECIMEN,ENCB-IPN,ENCB,9811,,T. Alvarez; J. C. López V.,,CC_BY_4_0,Comisión Nacional para el Conocimiento y Uso de la Biodiversidad (CONABIO),NO DISPONIBLE,,,2020-12-15T17:26:10.332Z,,COORDINATE_ROUNDED;RECORDED_DATE_INVALID;TYPE_STATUS_INVALID;OCCURRENCE_STATUS_INFERRED_FROM_INDIVIDUAL_COUNT;INSTITUTION_COLLECTION_MISMATCH;DIFFERENT_OWNER_INSTITUTION
1895027225,0159cf6b-6a46-4365-96f1-d7ca2511f082,urn:catalog:ENCB-IPN:ENCB:363:9139e3059d489782af7e3e6ab33c8c7d,Animalia,Chordata,Reptilia,Squamata,Viperidae,Crotalus,Crotalus triseriatus,,SPECIES,"Crotalus triseriatus Wagler, 1830",Crotalus triseriatus,"(Wagler, 1830)",MX,Laguna Zempoala,Mexico,PRESENT,1,ff90b050-c256-11db-b71b-b8a03c50a862,19.040278,-99.316667,,,1500,1500,0,0,1963-07-15T00:00:00,15,7,1963,2444358,2444358,PRESERVED_SPECIMEN,ENCB-IPN,ENCB,363,,"Alvarez, T.; Matias, F. N.",,CC_BY_4_0,Comisión Nacional para el Conocimiento y Uso de la Biodiversidad (CONABIO),Haro; Paredes,,,2021-01-22T17:02:30.786Z,,COORDINATE_ROUNDED;GEODETIC_DATUM_ASSUMED_WGS84;ELEVATION_MIN_MAX_SWAPPED;TYPE_STATUS_INVALID;OCCURRENCE_STATUS_INFERRED_FROM_INDIVIDUAL_COUNT;INSTITUTION_COLLECTION_MISMATCH;DIFFERENT_OWNER_INSTITUTION
1894889091,7fdb69da-f762-11e1-a439-00145eb45e9a,urn:catalog:NO APLICA:NO APLICA:9999:dda349a08cb4f8685433da8f5b0321a4,Animalia,Chordata,Reptilia,Squamata,Viperidae,Crotalus,Crotalus triseriatus,,SPECIES,"Crotalus triseriatus Wagler, 1830",Crotalus triseriatus subsp. triseriatus,"(Wagler, 1830)",MX,Lagunas de Zempoala,Morelos,PRESENT,,ff90b050-c256-11db-b71b-b8a03c50a862,19.05,-99.316667,,,0,0,0,0,,,,,2444358,2444358,UNKNOWN,NO APLICA,NO APLICA,9999,,NO DISPONIBLE,,CC_BY_4_0,Comisión Nacional para el Conocimiento y Uso de la Biodiversidad (CONABIO),NO DISPONIBLE,,,2021-01-22T17:17:21.634Z,,COORDINATE_ROUNDED;GEODETIC_DATUM_ASSUMED_WGS84;RECORDED_DATE_INVALID;TAXON_MATCH_HIGHERRANK;TYPE_STATUS_INVALID;INSTITUTION_MATCH_NONE;COLLECTION_MATCH_NONE
1894889072,7fdb69da-f762-11e1-a439-00145eb45e9a,urn:catalog:IBUNAM:CNAR:9999:caed5339fd4d816f0ff5e7a7a36def13,Animalia,Chordata,Reptilia,Squamata,Viperidae,Crotalus,Crotalus triseriatus,,SPECIES,"Crotalus triseriatus Wagler, 1830",Crotalus triseriatus subsp. triseriatus,"(Wagler, 1830)",MX,Lagunas de Zempoala,Morelos,PRESENT,,ff90b050-c256-11db-b71b-b8a03c50a862,19.05,-99.316667,,,0,0,0,0,1940-01-01T00:00:00,,,1940,2444358,2444358,PRESERVED_SPECIMEN,IBUNAM,CNAR,9999,,NO DISPONIBLE,,CC_BY_4_0,Comisión Nacional para el Conocimiento y Uso de la Biodiversidad (CONABIO),NO DISPONIBLE,,,2021-01-22T17:17:22.290Z,,COORDINATE_ROUNDED;GEODETIC_DATUM_ASSUMED_WGS84;RECORDED_DATE_INVALID;TAXON_MATCH_HIGHERRANK;TYPE_STATUS_INVALID;COLLECTION_MATCH_NONE;DIFFERENT_OWNER_INSTITUTION
1894889056,7fdb69da-f762-11e1-a439-00145eb45e9a,urn:catalog:IBUNAM:CNAR:9999:b3d3f0a3a5826ba75aea3a1a1ba3b070,Animalia,Chordata,Reptilia,Squamata,Viperidae,Crotalus,Crotalus triseriatus,,SPECIES,"Crotalus triseriatus Wagler, 1830",Crotalus triseriatus subsp. triseriatus,"(Wagler, 1830)",MX,Lagunas de Zempoala,Morelos,PRESENT,,ff90b050-c256-11db-b71b-b8a03c50a862,19.05,-99.316667,,,0,0,0,0,1977-01-01T00:00:00,,,1977,2444358,2444358,PRESERVED_SPECIMEN,IBUNAM,CNAR,9999,,NO DISPONIBLE,,CC_BY_4_0,Comisión Nacional para el Conocimiento y Uso de la Biodiversidad (CONABIO),NO DISPONIBLE,,,2021-01-22T17:17:21.556Z,,COORDINATE_ROUNDED;GEODETIC_DATUM_ASSUMED_WGS84;RECORDED_DATE_INVALID;TAXON_MATCH_HIGHERRANK;TYPE_STATUS_INVALID;COLLECTION_MATCH_NONE;DIFFERENT_OWNER_INSTITUTION
1894889024,7fdb69da-f762-11e1-a439-00145eb45e9a,urn:catalog:IBUNAM:CNAR:9999:7812a8e9f8bbb7120bafde12e43ca8db,Animalia,Chordata,Reptilia,Squamata,Viperidae,Crotalus,Crotalus triseriatus,,SPECIES,"Crotalus triseriatus Wagler, 1830",Crotalus triseriatus subsp. triseriatus,"(Wagler, 1830)",MX,Lagunas de Zempoala,Morelos,PRESENT,,ff90b050-c256-11db-b71b-b8a03c50a862,19.05,-99.316667,,,0,0,0,0,1968-01-01T00:00:00,,,1968,2444358,2444358,PRESERVED_SPECIMEN,IBUNAM,CNAR,9999,,NO DISPONIBLE,,CC_BY_4_0,Comisión Nacional para el Conocimiento y Uso de la Biodiversidad (CONABIO),NO DISPONIBLE,,,2021-01-22T17:17:22.043Z,,COORDINATE_ROUNDED;GEODETIC_DATUM_ASSUMED_WGS84;RECORDED_DATE_INVALID;TAXON_MATCH_HIGHERRANK;TYPE_STATUS_INVALID;COLLECTION_MATCH_NONE;DIFFERENT_OWNER_INSTITUTION
1894888958,7fdb69da-f762-11e1-a439-00145eb45e9a,urn:catalog:FC-UNAM:MZFC:807:21cf0a4244261a94d0862ecae1d9bd7a,Animalia,Chordata,Reptilia,Squamata,Viperidae,Crotalus,Crotalus triseriatus,,SPECIES,"Crotalus triseriatus Wagler, 1830",Crotalus triseriatus subsp. triseriatus,"(Wagler, 1830)",MX,Parque Nacional Lagunas de Zempoala,Morelos,PRESENT,,ff90b050-c256-11db-b71b-b8a03c50a862,19.05,-99.316667,,,0,0,0,0,1981-07-11T00:00:00,11,7,1981,2444358,2444358,PRESERVED_SPECIMEN,FC-UNAM,MZFC,807,,NO DISPONIBLE,,CC_BY_4_0,Comisión Nacional para el Conocimiento y Uso de la Biodiversidad (CONABIO),O. Flores Villela,,,2021-01-22T17:17:21.814Z,,COORDINATE_ROUNDED;GEODETIC_DATUM_ASSUMED_WGS84;TAXON_MATCH_HIGHERRANK;TYPE_STATUS_INVALID;INSTITUTION_MATCH_NONE;COLLECTION_MATCH_NONE
1291131735,50c9509d-22c7-4a22-a47d-8c48425ef4a7,http://conabio.inaturalist.org/observations/3695970,Animalia,Chordata,Reptilia,Squamata,Viperidae,Crotalus,Crotalus triseriatus,,SPECIES,"Crotalus triseriatus Wagler, 1830",Crotalus triseriatus,,MX,,México,PRESENT,,28eb1a3f-1c15-4a95-931a-4af90ecb574d,19.047469,-99.316578,244,,,,,,2016-07-02T11:12:00,2,7,2016,2444358,2444358,HUMAN_OBSERVATION,iNaturalist,Observations,3695970,,Gerardo Aguilar Anzures,2016-07-18T01:57:54,CC_BY_NC_4_0,Gerardo Aguilar Anzures,Gerardo Aguilar Anzures,,,2021-01-30T23:51:11.873Z,StillImage,COORDINATE_ROUNDED;GEODETIC_DATUM_ASSUMED_WGS84;INSTITUTION_MATCH_NONE;COLLECTION_MATCH_NONE
1291136802,50c9509d-22c7-4a22-a47d-8c48425ef4a7,http://conabio.inaturalist.org/observations/3711952,Animalia,Chordata,Reptilia,Squamata,Viperidae,Crotalus,Crotalus triseriatus,,SPECIES,"Crotalus triseriatus Wagler, 1830",Crotalus triseriatus,,MX,,Morelos,PRESENT,,28eb1a3f-1c15-4a95-931a-4af90ecb574d,19.056089,-99.314343,896,,,,,,2016-06-24T12:04:00,24,6,2016,2444358,2444358,HUMAN_OBSERVATION,iNaturalist,Observations,3711952,,Ernesto,2016-07-21T00:34:55,CC_BY_NC_4_0,Eros Vladimir Rosete Sanchez,Eros Vladimir Rosete Sanchez,,,2021-01-30T23:51:15.899Z,StillImage,COORDINATE_ROUNDED;GEODETIC_DATUM_ASSUMED_WGS84;INSTITUTION_MATCH_NONE;COLLECTION_MATCH_NONE
1895027205,0159cf6b-6a46-4365-96f1-d7ca2511f082,urn:catalog:LSU:LSU:28557:efba9213fea4336b8700b007cfcb100f,Animalia,Chordata,Reptilia,Squamata,Viperidae,Crotalus,Crotalus triseriatus,,SPECIES,"Crotalus triseriatus Wagler, 1830",Crotalus triseriatus,"(Wagler, 1830)",MX,Parque Nacional Lagunas de Zempoala,Mexico,PRESENT,1,ff90b050-c256-11db-b71b-b8a03c50a862,19.036111,-99.313889,,,3075,125,0,0,1972-08-19T00:00:00,19,8,1972,2444358,2444358,PRESERVED_SPECIMEN,LSU,LSU,28557,,NO DISPONIBLE,,CC_BY_4_0,Comisión Nacional para el Conocimiento y Uso de la Biodiversidad (CONABIO),"Rossman, D. A.; Eberle, W. G.; Morizot, D. C.; Varkey, A.",,,2021-01-22T17:02:31.339Z,,COORDINATE_ROUNDED;GEODETIC_DATUM_ASSUMED_WGS84;TYPE_STATUS_INVALID;OCCURRENCE_STATUS_INFERRED_FROM_INDIVIDUAL_COUNT;AMBIGUOUS_COLLECTION;DIFFERENT_OWNER_INSTITUTION
1895027220,0159cf6b-6a46-4365-96f1-d7ca2511f082,urn:catalog:TCWC-TAMU:TCWC:819:7381ec631520413ff4c25d3857dc8194,Animalia,Chordata,Reptilia,Squamata,Viperidae,Crotalus,Crotalus triseriatus,,SPECIES,"Crotalus triseriatus Wagler, 1830",Crotalus triseriatus,"(Wagler, 1830)",MX,"45 km al SW de la Cd. de México, Lagunas de Zempoala",Mexico,PRESENT,1,ff90b050-c256-11db-b71b-b8a03c50a862,19.052222,-99.313333,,,3000,200,0,0,1942-08-13T00:00:00,13,8,1942,2444358,2444358,PRESERVED_SPECIMEN,TCWC-TAMU,TCWC,819,,NO DISPONIBLE,,CC_BY_4_0,Comisión Nacional para el Conocimiento y Uso de la Biodiversidad (CONABIO),"Powell, E.",,,2021-01-22T17:02:30.134Z,,COORDINATE_ROUNDED;GEODETIC_DATUM_ASSUMED_WGS84;TYPE_STATUS_INVALID;OCCURRENCE_STATUS_INFERRED_FROM_INDIVIDUAL_COUNT;INSTITUTION_MATCH_NONE;COLLECTION_MATCH_FUZZY
2814428923,50c9509d-22c7-4a22-a47d-8c48425ef4a7,https://www.inaturalist.org/observations/51412716,Animalia,Chordata,Reptilia,Squamata,Viperidae,Crotalus,Crotalus triseriatus,,SPECIES,"Crotalus triseriatus Wagler, 1830",Crotalus triseriatus,,MX,,Morelos,PRESENT,,28eb1a3f-1c15-4a95-931a-4af90ecb574d,19.055278,-99.313055,2050,,,,,,2019-11-15T12:34:00,15,11,2019,2444358,2444358,HUMAN_OBSERVATION,iNaturalist,Observations,51412716,,David Valenzuela,2020-06-29T22:56:09,CC_BY_NC_4_0,David Valenzuela,David Valenzuela,,,2021-01-30T23:52:19.783Z,StillImage,COORDINATE_ROUNDED;GEODETIC_DATUM_ASSUMED_WGS84;INSTITUTION_MATCH_NONE;COLLECTION_MATCH_NONE
1894889063,7fdb69da-f762-11e1-a439-00145eb45e9a,urn:catalog:IBUNAM:CNAR:9999:b9b8389f1ae1a9dad7498104dbc5b200,Animalia,Chordata,Reptilia,Squamata,Viperidae,Crotalus,Crotalus triseriatus,,SPECIES,"Crotalus triseriatus Wagler, 1830",Crotalus triseriatus subsp. triseriatus,"(Wagler, 1830)",MX,DESIERTO DE LOS LEONES,Distrito federal,PRESENT,,ff90b050-c256-11db-b71b-b8a03c50a862,19.3125,-99.3125,,,0,0,0,0,1935-01-01T00:00:00,,,1935,2444358,2444358,PRESERVED_SPECIMEN,IBUNAM,CNAR,9999,,NO DISPONIBLE,,CC_BY_4_0,Comisión Nacional para el Conocimiento y Uso de la Biodiversidad (CONABIO),NO DISPONIBLE,,,2021-01-22T17:17:21.860Z,,GEODETIC_DATUM_ASSUMED_WGS84;RECORDED_DATE_INVALID;TAXON_MATCH_HIGHERRANK;TYPE_STATUS_INVALID;COLLECTION_MATCH_NONE;DIFFERENT_OWNER_INSTITUTION
1895028946,0159cf6b-6a46-4365-96f1-d7ca2511f082,urn:catalog:IBUNAM:CNAR:2927:166c82a4a3569acee2432542136b77ff,Animalia,Chordata,Reptilia,Squamata,Viperidae,Crotalus,Crotalus triseriatus,,SPECIES,"Crotalus triseriatus Wagler, 1830",Crotalus triseriatus subsp. triseriatus,"(Wagler, 1830)",MX,Parque Nacional Lagunas de Zempoala,Mexico,PRESENT,1,ff90b050-c256-11db-b71b-b8a03c50a862,19.051667,-99.312222,,,3000,200,0,0,1977-04-24T00:00:00,24,4,1977,2444358,2444358,PRESERVED_SPECIMEN,IBUNAM,CNAR,2927,,NO DISPONIBLE,,CC_BY_4_0,Comisión Nacional para el Conocimiento y Uso de la Biodiversidad (CONABIO),"Zeferino, G. F.",,,2021-01-22T17:02:30.369Z,,COORDINATE_ROUNDED;GEODETIC_DATUM_ASSUMED_WGS84;TAXON_MATCH_HIGHERRANK;TYPE_STATUS_INVALID;OCCURRENCE_STATUS_INFERRED_FROM_INDIVIDUAL_COUNT;COLLECTION_MATCH_NONE;DIFFERENT_OWNER_INSTITUTION
1895028888,0159cf6b-6a46-4365-96f1-d7ca2511f082,urn:catalog:IBUNAM:CNAR:2966:58f39cb62fb07e6f2d9059629579fb97,Animalia,Chordata,Reptilia,Squamata,Viperidae,Crotalus,Crotalus triseriatus,,SPECIES,"Crotalus triseriatus Wagler, 1830",Crotalus triseriatus subsp. triseriatus,"(Wagler, 1830)",MX,Parque Nacional Lagunas de Zempoala,Mexico,PRESENT,1,ff90b050-c256-11db-b71b-b8a03c50a862,19.051667,-99.312222,,,3000,200,0,0,1977-06-11T00:00:00,11,6,1977,2444358,2444358,PRESERVED_SPECIMEN,IBUNAM,CNAR,2966,,NO DISPONIBLE,,CC_BY_4_0,Comisión Nacional para el Conocimiento y Uso de la Biodiversidad (CONABIO),"Sánchez, O.",,,2021-01-22T17:02:31.642Z,,COORDINATE_ROUNDED;GEODETIC_DATUM_ASSUMED_WGS84;TAXON_MATCH_HIGHERRANK;TYPE_STATUS_INVALID;OCCURRENCE_STATUS_INFERRED_FROM_INDIVIDUAL_COUNT;COLLECTION_MATCH_NONE;DIFFERENT_OWNER_INSTITUTION
1895028877,0159cf6b-6a46-4365-96f1-d7ca2511f082,urn:catalog:IBUNAM:CNAR:8236:5fabdcec658cf87e57bc79eac7d7e8f7,Animalia,Chordata,Reptilia,Squamata,Viperidae,Crotalus,Crotalus triseriatus,,SPECIES,"Crotalus triseriatus Wagler, 1830",Crotalus triseriatus subsp. triseriatus,"(Wagler, 1830)",MX,Parque Nacional Lagunas de Zempoala,Mexico,PRESENT,1,ff90b050-c256-11db-b71b-b8a03c50a862,19.051667,-99.312222,,,3200,400,0,0,1988-04-28T00:00:00,28,4,1988,2444358,2444358,PRESERVED_SPECIMEN,IBUNAM,CNAR,8236,,NO DISPONIBLE,,CC_BY_4_0,Comisión Nacional para el Conocimiento y Uso de la Biodiversidad (CONABIO),"Bonilla, J. R.",,,2021-01-22T17:02:31.273Z,,COORDINATE_ROUNDED;GEODETIC_DATUM_ASSUMED_WGS84;TAXON_MATCH_HIGHERRANK;TYPE_STATUS_INVALID;OCCURRENCE_STATUS_INFERRED_FROM_INDIVIDUAL_COUNT;COLLECTION_MATCH_NONE;DIFFERENT_OWNER_INSTITUTION
1895027247,0159cf6b-6a46-4365-96f1-d7ca2511f082,urn:catalog:UTA:UTA:7286:f70e05f29882882fc71640b79e1b38e2,Animalia,Chordata,Reptilia,Squamata,Viperidae,Crotalus,Crotalus triseriatus,,SPECIES,"Crotalus triseriatus Wagler, 1830",Crotalus triseriatus,"(Wagler, 1830)",MX,Parque Nacional Lagunas de Zempoala,Mexico,PRESENT,1,ff90b050-c256-11db-b71b-b8a03c50a862,19.051667,-99.312222,,,3000,200,0,0,1973-10-29T00:00:00,29,10,1973,2444358,2444358,PRESERVED_SPECIMEN,UTA,UTA,7286,,NO DISPONIBLE,,CC_BY_4_0,Comisión Nacional para el Conocimiento y Uso de la Biodiversidad (CONABIO),"Logan, T.",,,2021-01-22T17:02:30.898Z,,COORDINATE_ROUNDED;GEODETIC_DATUM_ASSUMED_WGS84;TYPE_STATUS_INVALID;OCCURRENCE_STATUS_INFERRED_FROM_INDIVIDUAL_COUNT;COLLECTION_MATCH_FUZZY;DIFFERENT_OWNER_INSTITUTION
1895027168,0159cf6b-6a46-4365-96f1-d7ca2511f082,urn:catalog:UTA:UTA:8142:689c87c3a2388d44a31169b540a782b5,Animalia,Chordata,Reptilia,Squamata,Viperidae,Crotalus,Crotalus triseriatus,,SPECIES,"Crotalus triseriatus Wagler, 1830",Crotalus triseriatus,"(Wagler, 1830)",MX,Parque Nacional Lagunas de Zempoala,Mexico,PRESENT,1,ff90b050-c256-11db-b71b-b8a03c50a862,19.051667,-99.312222,,,3000,200,0,0,,,,,2444358,2444358,PRESERVED_SPECIMEN,UTA,UTA,8142,,NO DISPONIBLE,,CC_BY_4_0,Comisión Nacional para el Conocimiento y Uso de la Biodiversidad (CONABIO),"Mitche, L. A.",,,2021-01-22T17:02:31.441Z,,COORDINATE_ROUNDED;GEODETIC_DATUM_ASSUMED_WGS84;RECORDED_DATE_INVALID;TYPE_STATUS_INVALID;OCCURRENCE_STATUS_INFERRED_FROM_INDIVIDUAL_COUNT;COLLECTION_MATCH_FUZZY;DIFFERENT_OWNER_INSTITUTION
1895028863,0159cf6b-6a46-4365-96f1-d7ca2511f082,urn:catalog:IBUNAM:CNAR:3106:a3fd9d0fa2a59c5efdf6ebb0710032f3,Animalia,Chordata,Reptilia,Squamata,Viperidae,Crotalus,Crotalus triseriatus,,SPECIES,"Crotalus triseriatus Wagler, 1830",Crotalus triseriatus subsp. triseriatus,"(Wagler, 1830)",MX,"Parque Nacional Lagunas de Zempoala, 2ª Laguna",Mexico,PRESENT,1,ff90b050-c256-11db-b71b-b8a03c50a862,19.052222,-99.312222,,,3025,75,0,0,1976-10-29T00:00:00,29,10,1976,2444358,2444358,PRESERVED_SPECIMEN,IBUNAM,CNAR,3106,,NO DISPONIBLE,,CC_BY_4_0,Comisión Nacional para el Conocimiento y Uso de la Biodiversidad (CONABIO),"Perez, N.; B.B.",,,2021-01-22T17:02:30.046Z,,COORDINATE_ROUNDED;GEODETIC_DATUM_ASSUMED_WGS84;TAXON_MATCH_HIGHERRANK;TYPE_STATUS_INVALID;OCCURRENCE_STATUS_INFERRED_FROM_INDIVIDUAL_COUNT;COLLECTION_MATCH_NONE;DIFFERENT_OWNER_INSTITUTION
686899861,dce00a1f-f6b4-4e11-9771-92c62c40ad80,bdec7a36-b069-11e3-8cfe-90b11c41863e,Animalia,Chordata,Reptilia,Squamata,Viperidae,Crotalus,Crotalus triseriatus,,SPECIES,"Crotalus triseriatus Wagler, 1830",Crotalus triseriatus,,MX,Laguna Zempoala,Mexico,PRESENT,,b554c320-0560-11d8-b851-b8a03c50a862,19.05063516,-99.31010647,,,,,,,1975-05-01T00:00:00,,5,1975,2444358,2444358,PRESERVED_SPECIMEN,KU,KUH,193275,,,,CC_BY_4_0,,,,,2021-02-02T22:18:43.731Z,,COORDINATE_REPROJECTED;COLLECTION_MATCH_FUZZY
45057250,84b4d6e4-f762-11e1-a439-00145eb45e9a,urn:catalog:SDNHM:Herps:45149,Animalia,Chordata,Reptilia,Squamata,Viperidae,Crotalus,Crotalus triseriatus,,SPECIES,"Crotalus triseriatus Wagler, 1830",Crotalus triseriatus triseriatus,,MX,Zempoala Peak,Morelos,PRESENT,,8a471700-4ce8-11db-b80e-b8a03c50a862,19.05167,-99.30333,,,,,,,1965-05-09T00:00:00,9,5,1965,2444358,2444358,PRESERVED_SPECIMEN,SDNHM,Herps,45149,,,,CC0_1_0,,"Ruthling, Paul",,NATIVE,2021-01-22T17:22:44.995Z,,COORDINATE_REPROJECTED;TAXON_MATCH_HIGHERRANK;INSTITUTION_COLLECTION_MISMATCH
2629188893,5719db5a-b15f-4dad-9a11-6cde70b5ed0e,urn:catalog:FC-UNAM:MZFC:23291:abbcc5e968f090af8faeb20362eb1c3d,Animalia,Chordata,Reptilia,Squamata,Viperidae,Crotalus,Crotalus triseriatus,,SPECIES,"Crotalus triseriatus Wagler, 1830",Crotalus triseriatus,"(Wagler, 1830)",MX,Cerro Panza,Distrito federal,PRESENT,1,ff90b050-c256-11db-b71b-b8a03c50a862,19.221972,-99.30325,,,1807,1807,0,0,2007-03-25T00:00:00,25,3,2007,2444358,2444358,PRESERVED_SPECIMEN,FC-UNAM,MZFC,23291,,Uri Omar García Vázquez,,CC_BY_4_0,Comisión Nacional para el Conocimiento y Uso de la Biodiversidad (CONABIO),Israel Solano Zavaleta,,,2020-12-15T17:10:04.392Z,,COORDINATE_ROUNDED;ELEVATION_MIN_MAX_SWAPPED;TYPE_STATUS_INVALID;OCCURRENCE_STATUS_INFERRED_FROM_INDIVIDUAL_COUNT;INSTITUTION_MATCH_NONE;COLLECTION_MATCH_NONE
2630053759,0159cf6b-6a46-4365-96f1-d7ca2511f082,urn:catalog:KU:KUH:193275:dad77910d5ae7de655d1bfd7170dad9b,Animalia,Chordata,Reptilia,Squamata,Viperidae,Crotalus,Crotalus triseriatus,,SPECIES,"Crotalus triseriatus Wagler, 1830",Crotalus triseriatus,"(Wagler, 1830)",MX,Parque Nacional Lagunas de Zempoala,Mexico,PRESENT,1,ff90b050-c256-11db-b71b-b8a03c50a862,19.051389,-99.302778,,,3200,0,0,0,1975-05-01T00:00:00,1,5,1975,2444358,2444358,PRESERVED_SPECIMEN,KU,KUH,193275,,NO DISPONIBLE,,CC_BY_4_0,Comisión Nacional para el Conocimiento y Uso de la Biodiversidad (CONABIO),NO DISPONIBLE,,,2021-01-22T17:02:30.731Z,,COORDINATE_ROUNDED;GEODETIC_DATUM_ASSUMED_WGS84;TYPE_STATUS_INVALID;OCCURRENCE_STATUS_INFERRED_FROM_INDIVIDUAL_COUNT;COLLECTION_MATCH_FUZZY;DIFFERENT_OWNER_INSTITUTION
1895027223,0159cf6b-6a46-4365-96f1-d7ca2511f082,urn:catalog:UTA:UTA:7398:1414bcfe5d89e971ac1dcd5f5812b37e,Animalia,Chordata,Reptilia,Squamata,Viperidae,Crotalus,Crotalus triseriatus,,SPECIES,"Crotalus triseriatus Wagler, 1830",Crotalus triseriatus,"(Wagler, 1830)",MX,Parque Nacional Lagunas de Zempoala,Mexico,PRESENT,1,ff90b050-c256-11db-b71b-b8a03c50a862,19.051389,-99.302778,,,3200,0,0,0,1978-04-05T00:00:00,5,4,1978,2444358,2444358,PRESERVED_SPECIMEN,UTA,UTA,7398,,NO DISPONIBLE,,CC_BY_4_0,Comisión Nacional para el Conocimiento y Uso de la Biodiversidad (CONABIO),"Campbell, J. A.",,,2021-01-22T17:02:31.553Z,,COORDINATE_ROUNDED;GEODETIC_DATUM_ASSUMED_WGS84;TYPE_STATUS_INVALID;OCCURRENCE_STATUS_INFERRED_FROM_INDIVIDUAL_COUNT;COLLECTION_MATCH_FUZZY;DIFFERENT_OWNER_INSTITUTION
1895027158,0159cf6b-6a46-4365-96f1-d7ca2511f082,urn:catalog:UTA:UTA:9095:d490325e17a27421f2df61971f3a6bd4,Animalia,Chordata,Reptilia,Squamata,Viperidae,Crotalus,Crotalus triseriatus,,SPECIES,"Crotalus triseriatus Wagler, 1830",Crotalus triseriatus,"(Wagler, 1830)",MX,Parque Nacional Lagunas de Zempoala,Mexico,PRESENT,1,ff90b050-c256-11db-b71b-b8a03c50a862,19.051389,-99.302778,,,3200,0,0,0,1979-08-09T00:00:00,9,8,1979,2444358,2444358,PRESERVED_SPECIMEN,UTA,UTA,9095,,NO DISPONIBLE,,CC_BY_4_0,Comisión Nacional para el Conocimiento y Uso de la Biodiversidad (CONABIO),"Campbell, J. A.",,,2021-01-22T17:02:29.794Z,,COORDINATE_ROUNDED;GEODETIC_DATUM_ASSUMED_WGS84;TYPE_STATUS_INVALID;OCCURRENCE_STATUS_INFERRED_FROM_INDIVIDUAL_COUNT;COLLECTION_MATCH_FUZZY;DIFFERENT_OWNER_INSTITUTION
1895325052,805548f4-f762-11e1-a439-00145eb45e9a,urn:catalog:CIB-UAEM:CARUM:2471:bbbffd73f029bf7e6582207c66037497,Animalia,Chordata,Reptilia,Squamata,Viperidae,Crotalus,Crotalus triseriatus,,SPECIES,"Crotalus triseriatus Wagler, 1830",Crotalus triseriatus,"(Wagler, 1830)",MX,"Huitzilac, Parque Nacional Lagunas de Zempoala",Morelos,PRESENT,1,ff90b050-c256-11db-b71b-b8a03c50a862,19.05313506,-99.30232829,,,1400,1400,0,0,1998-03-22T00:00:00,22,3,1998,2444358,2444358,PRESERVED_SPECIMEN,CIB-UAEM,CARUM,2471,,CFR,,CC_BY_4_0,Comisión Nacional para el Conocimiento y Uso de la Biodiversidad (CONABIO),RPMR,SYNTYPE,,2021-01-22T17:16:13.374Z,,COORDINATE_ROUNDED;COORDINATE_REPROJECTED;ELEVATION_MIN_MAX_SWAPPED;OCCURRENCE_STATUS_INFERRED_FROM_INDIVIDUAL_COUNT;INSTITUTION_MATCH_NONE;COLLECTION_MATCH_NONE
1895324930,805548f4-f762-11e1-a439-00145eb45e9a,urn:catalog:IBUNAM:CNAR:541:48c8d32753e9a139536e262b93513eed,Animalia,Chordata,Reptilia,Squamata,Viperidae,Crotalus,Crotalus triseriatus,,SPECIES,"Crotalus triseriatus Wagler, 1830",Crotalus triseriatus,"(Wagler, 1830)",MX,"Huitzilac, Parque Nacional Lagunas de Zempoala",Morelos,PRESENT,1,ff90b050-c256-11db-b71b-b8a03c50a862,19.05313506,-99.30232829,,,1400,1400,0,0,1940-04-14T00:00:00,14,4,1940,2444358,2444358,PRESERVED_SPECIMEN,IBUNAM,CNAR,541,,RMCS,,CC_BY_4_0,Comisión Nacional para el Conocimiento y Uso de la Biodiversidad (CONABIO),RMC,SYNTYPE,,2021-01-22T17:16:13.922Z,,COORDINATE_ROUNDED;COORDINATE_REPROJECTED;ELEVATION_MIN_MAX_SWAPPED;OCCURRENCE_STATUS_INFERRED_FROM_INDIVIDUAL_COUNT;COLLECTION_MATCH_NONE;DIFFERENT_OWNER_INSTITUTION
1895324969,805548f4-f762-11e1-a439-00145eb45e9a,urn:catalog:CIB-UAEM:CARUM:2523:651caea71d77a87a16aca825ee6cf86e,Animalia,Chordata,Reptilia,Squamata,Viperidae,Crotalus,Crotalus triseriatus,,SPECIES,"Crotalus triseriatus Wagler, 1830",Crotalus triseriatus,"(Wagler, 1830)",MX,"Huitzilac, Parque Nacional Lagunas de Zempoala",Morelos,PRESENT,1,ff90b050-c256-11db-b71b-b8a03c50a862,19.03674684,-99.30205023,,,1306,1306,0,0,1998-05-15T00:00:00,15,5,1998,2444358,2444358,PRESERVED_SPECIMEN,CIB-UAEM,CARUM,2523,,CFR,,CC_BY_4_0,Comisión Nacional para el Conocimiento y Uso de la Biodiversidad (CONABIO),JMF,SYNTYPE,,2021-01-22T17:16:14.033Z,,COORDINATE_ROUNDED;COORDINATE_REPROJECTED;ELEVATION_MIN_MAX_SWAPPED;OCCURRENCE_STATUS_INFERRED_FROM_INDIVIDUAL_COUNT;INSTITUTION_MATCH_NONE;COLLECTION_MATCH_NONE
2629189582,5719db5a-b15f-4dad-9a11-6cde70b5ed0e,urn:catalog:FC-UNAM:MZFC:24024:2e5d82238729b5a3a61faac967df86ed,Animalia,Chordata,Reptilia,Squamata,Viperidae,Crotalus,Crotalus triseriatus,,SPECIES,"Crotalus triseriatus Wagler, 1830",Crotalus triseriatus,"(Wagler, 1830)",MX,Cerro Cabeza de Toro,Distrito federal,PRESENT,1,ff90b050-c256-11db-b71b-b8a03c50a862,19.290778,-99.300917,,,1759,1759,0,0,2004-04-09T00:00:00,9,4,2004,2444358,2444358,PRESERVED_SPECIMEN,FC-UNAM,MZFC,24024,,Andrés Alberto Mendoza Hernández,,CC_BY_4_0,Comisión Nacional para el Conocimiento y Uso de la Biodiversidad (CONABIO),Andrés Alberto Mendoza Hernández,,,2020-12-15T17:10:04.466Z,,COORDINATE_ROUNDED;ELEVATION_MIN_MAX_SWAPPED;TYPE_STATUS_INVALID;OCCURRENCE_STATUS_INFERRED_FROM_INDIVIDUAL_COUNT;INSTITUTION_MATCH_NONE;COLLECTION_MATCH_NONE
2238918759,50c9509d-22c7-4a22-a47d-8c48425ef4a7,https://www.inaturalist.org/observations/23755679,Animalia,Chordata,Reptilia,Squamata,Viperidae,Crotalus,Crotalus triseriatus,,SPECIES,"Crotalus triseriatus Wagler, 1830",Crotalus triseriatus,,MX,,Distrito Federal,PRESENT,,28eb1a3f-1c15-4a95-931a-4af90ecb574d,19.189366,-99.300307,4,,,,,,2019-04-28T00:36:00,28,4,2019,2444358,2444358,HUMAN_OBSERVATION,iNaturalist,Observations,23755679,,Mario Castañeda Sánchez,2019-04-28T22:25:44,CC_BY_NC_4_0,Mario Castañeda Sánchez,Mario Castañeda Sánchez,,,2021-01-30T23:51:45.136Z,StillImage,COORDINATE_ROUNDED;GEODETIC_DATUM_ASSUMED_WGS84;INSTITUTION_MATCH_NONE;COLLECTION_MATCH_NONE
2234849241,395dfaad-8b0d-47e2-a2ea-bf8a3fd5c10c,http://arctos.database.museum/guid/UTEP:Herp:3981?seid=3956693,Animalia,Chordata,Reptilia,Squamata,Viperidae,Crotalus,Crotalus triseriatus,,SPECIES,"Crotalus triseriatus Wagler, 1830",Crotalus triseriatus,,MX,3.5 miles NW of Huitzilac,Morelos,PRESENT,1,52c8f620-1816-11da-9544-b8a03c50a862,19.03396897,-99.30010618,,,,,,,1967-08-03T00:00:00,3,8,1967,2444358,2444358,PRESERVED_SPECIMEN,UTEP,Amphibian and reptile specimens,UTEP:Herp:3981,4471,Robert G. Webb,,CC0_1_0,,Collector(s): Robert G. Webb,,,2021-01-29T01:00:59.880Z,,COORDINATE_REPROJECTED;OCCURRENCE_STATUS_INFERRED_FROM_INDIVIDUAL_COUNT;AMBIGUOUS_INSTITUTION;COLLECTION_MATCH_NONE
1894888975,7fdb69da-f762-11e1-a439-00145eb45e9a,urn:catalog:FC-UNAM:MZFC:3239:56ff958ab77ec959017059a074b075e6,Animalia,Chordata,Reptilia,Squamata,Viperidae,Crotalus,Crotalus triseriatus,,SPECIES,"Crotalus triseriatus Wagler, 1830",Crotalus triseriatus subsp. triseriatus,"(Wagler, 1830)",MX,El Capulin,Mexico,PRESENT,,ff90b050-c256-11db-b71b-b8a03c50a862,19.136389,-99.3,,,0,0,0,0,1980-05-16T00:00:00,16,5,1980,2444358,2444358,PRESERVED_SPECIMEN,FC-UNAM,MZFC,3239,,NO DISPONIBLE,,CC_BY_4_0,Comisión Nacional para el Conocimiento y Uso de la Biodiversidad (CONABIO),G. Lara Góngora,,,2021-01-22T17:17:21.813Z,,COORDINATE_ROUNDED;GEODETIC_DATUM_ASSUMED_WGS84;TAXON_MATCH_HIGHERRANK;TYPE_STATUS_INVALID;INSTITUTION_MATCH_NONE;COLLECTION_MATCH_NONE
1895028885,0159cf6b-6a46-4365-96f1-d7ca2511f082,urn:catalog:IBUNAM:CNAR:3191:cc6bea11c418d3b3ffea113d33ab98cd,Animalia,Chordata,Reptilia,Squamata,Viperidae,Crotalus,Crotalus triseriatus,,SPECIES,"Crotalus triseriatus Wagler, 1830",Crotalus triseriatus subsp. triseriatus,"(Wagler, 1830)",MX,"Parque Nacional Lagunas de Zempoala, Laguna Prieta",Mexico,PRESENT,1,ff90b050-c256-11db-b71b-b8a03c50a862,19.061111,-99.299444,,,3010,190,0,0,1978-03-26T00:00:00,26,3,1978,2444358,2444358,PRESERVED_SPECIMEN,IBUNAM,CNAR,3191,,NO DISPONIBLE,,CC_BY_4_0,Comisión Nacional para el Conocimiento y Uso de la Biodiversidad (CONABIO),"Cariño, L.",,,2021-01-22T17:02:30.731Z,,COORDINATE_ROUNDED;GEODETIC_DATUM_ASSUMED_WGS84;TAXON_MATCH_HIGHERRANK;TYPE_STATUS_INVALID;OCCURRENCE_STATUS_INFERRED_FROM_INDIVIDUAL_COUNT;COLLECTION_MATCH_NONE;DIFFERENT_OWNER_INSTITUTION
2629188077,5719db5a-b15f-4dad-9a11-6cde70b5ed0e,urn:catalog:FC-UNAM:MZFC:24021:4ca34d67fcdca2938d337f15ce7bc2bb,Animalia,Chordata,Reptilia,Squamata,Viperidae,Crotalus,Crotalus triseriatus,,SPECIES,"Crotalus triseriatus Wagler, 1830",Crotalus triseriatus,"(Wagler, 1830)",MX,Cerro Cabeza de Toro,Distrito federal,PRESENT,1,ff90b050-c256-11db-b71b-b8a03c50a862,19.290917,-99.299361,,,1751.5,1751.5,0,0,2004-04-09T00:00:00,9,4,2004,2444358,2444358,PRESERVED_SPECIMEN,FC-UNAM,MZFC,24021,,Andrés Alberto Mendoza Hernández,,CC_BY_4_0,Comisión Nacional para el Conocimiento y Uso de la Biodiversidad (CONABIO),Andrés Alberto Mendoza Hernández,,,2020-12-15T17:10:04.283Z,,COORDINATE_ROUNDED;ELEVATION_MIN_MAX_SWAPPED;TYPE_STATUS_INVALID;OCCURRENCE_STATUS_INFERRED_FROM_INDIVIDUAL_COUNT;INSTITUTION_MATCH_NONE;COLLECTION_MATCH_NONE
2629187629,5719db5a-b15f-4dad-9a11-6cde70b5ed0e,urn:catalog:FC-UNAM:MZFC:24019:35290d0271f6561bd099fb8d11d931e8,Animalia,Chordata,Reptilia,Squamata,Viperidae,Crotalus,Crotalus triseriatus,,SPECIES,"Crotalus triseriatus Wagler, 1830",Crotalus triseriatus,"(Wagler, 1830)",MX,Cerro Cabeza de Toro,Distrito federal,PRESENT,1,ff90b050-c256-11db-b71b-b8a03c50a862,19.290917,-99.299361,,,1751.5,1751.5,0,0,2004-04-09T00:00:00,9,4,2004,2444358,2444358,PRESERVED_SPECIMEN,FC-UNAM,MZFC,24019,,Andrés Alberto Mendoza Hernández,,CC_BY_4_0,Comisión Nacional para el Conocimiento y Uso de la Biodiversidad (CONABIO),Andrés Alberto Mendoza Hernández,,,2020-12-15T17:10:04.214Z,,COORDINATE_ROUNDED;ELEVATION_MIN_MAX_SWAPPED;TYPE_STATUS_INVALID;OCCURRENCE_STATUS_INFERRED_FROM_INDIVIDUAL_COUNT;INSTITUTION_MATCH_NONE;COLLECTION_MATCH_NONE
2620151392,50c9509d-22c7-4a22-a47d-8c48425ef4a7,https://www.inaturalist.org/observations/44602204,Animalia,Chordata,Reptilia,Squamata,Viperidae,Crotalus,Crotalus triseriatus,,SPECIES,"Crotalus triseriatus Wagler, 1830",Crotalus triseriatus,,MX,,Morelos,PRESENT,,28eb1a3f-1c15-4a95-931a-4af90ecb574d,19.037798,-99.293689,125,,,,,,2012-05-28T00:00:00,28,5,2012,2444358,2444358,HUMAN_OBSERVATION,iNaturalist,Observations,44602204,,Jaime Marcelo Aranda Sánchez,2020-05-02T16:14:20,CC_BY_NC_4_0,Jaime Marcelo Aranda Sánchez,Jaime Marcelo Aranda Sánchez,,,2021-01-30T23:52:17.579Z,StillImage,GEODETIC_DATUM_ASSUMED_WGS84;INSTITUTION_MATCH_NONE;COLLECTION_MATCH_NONE
2873807747,50c9509d-22c7-4a22-a47d-8c48425ef4a7,https://www.inaturalist.org/observations/60772926,Animalia,Chordata,Reptilia,Squamata,Viperidae,Crotalus,Crotalus triseriatus,,SPECIES,"Crotalus triseriatus Wagler, 1830",Crotalus triseriatus,,MX,,Distrito Federal,PRESENT,,28eb1a3f-1c15-4a95-931a-4af90ecb574d,19.227575,-99.292408,1333,,,,,,2020-02-19T00:12:00,19,2,2020,2444358,2444358,HUMAN_OBSERVATION,iNaturalist,Observations,60772926,,angelt11896,2020-09-26T00:25:55,CC_BY_NC_4_0,angelt11896,angelt11896,,,2021-01-30T23:52:42.686Z,StillImage,COORDINATE_ROUNDED;GEODETIC_DATUM_ASSUMED_WGS84;INSTITUTION_MATCH_NONE;COLLECTION_MATCH_NONE
1453516482,50c9509d-22c7-4a22-a47d-8c48425ef4a7,http://conabio.inaturalist.org/observations/5375458,Animalia,Chordata,Reptilia,Squamata,Viperidae,Crotalus,Crotalus triseriatus,,SPECIES,"Crotalus triseriatus Wagler, 1830",Crotalus triseriatus,,MX,,Distrito Federal,PRESENT,,28eb1a3f-1c15-4a95-931a-4af90ecb574d,19.262563,-99.291912,15,,,,,,2016-05-18T15:20:00,18,5,2016,2444358,2444358,HUMAN_OBSERVATION,iNaturalist,Observations,5375458,,Manlio Martínez Barona,2017-03-16T21:16:26,CC_BY_NC_4_0,Manlio Martínez Barona,Manlio Martínez Barona,,,2021-01-30T23:49:33.433Z,StillImage,COORDINATE_ROUNDED;GEODETIC_DATUM_ASSUMED_WGS84;INSTITUTION_MATCH_NONE;COLLECTION_MATCH_NONE
2850904047,50c9509d-22c7-4a22-a47d-8c48425ef4a7,https://www.inaturalist.org/observations/56664161,Animalia,Chordata,Reptilia,Squamata,Viperidae,Crotalus,Crotalus triseriatus,,SPECIES,"Crotalus triseriatus Wagler, 1830",Crotalus triseriatus,,MX,,Distrito Federal,PRESENT,,28eb1a3f-1c15-4a95-931a-4af90ecb574d,19.258548,-99.28998,263,,,,,,2020-08-16T11:04:17,16,8,2020,2444358,2444358,HUMAN_OBSERVATION,iNaturalist,Observations,56664161,,rastaman13,2020-08-16T19:27:44,CC_BY_NC_4_0,rastaman13,rastaman13,,,2021-01-30T23:50:51.538Z,StillImage,COORDINATE_ROUNDED;GEODETIC_DATUM_ASSUMED_WGS84;INSTITUTION_MATCH_NONE;COLLECTION_MATCH_NONE
1291127692,50c9509d-22c7-4a22-a47d-8c48425ef4a7,http://conabio.inaturalist.org/observations/3684408,Animalia,Chordata,Reptilia,Squamata,Viperidae,Crotalus,Crotalus triseriatus,,SPECIES,"Crotalus triseriatus Wagler, 1830",Crotalus triseriatus,,MX,,Distrito Federal,PRESENT,,28eb1a3f-1c15-4a95-931a-4af90ecb574d,19.233435,-99.286895,4097,,,,,,2012-10-03T15:31:00,3,10,2012,2444358,2444358,HUMAN_OBSERVATION,iNaturalist,Observations,3684408,,Iván Montes de Oca Cacheux,2016-07-16T00:16:29,CC_BY_NC_4_0,Iván Montes de Oca Cacheux,Iván Montes de Oca Cacheux,,,2021-01-30T23:51:17.476Z,StillImage,COORDINATE_ROUNDED;GEODETIC_DATUM_ASSUMED_WGS84;INSTITUTION_MATCH_NONE;COLLECTION_MATCH_NONE
2641411275,50c9509d-22c7-4a22-a47d-8c48425ef4a7,https://www.inaturalist.org/observations/48945391,Animalia,Chordata,Reptilia,Squamata,Viperidae,Crotalus,Crotalus triseriatus,,SPECIES,"Crotalus triseriatus Wagler, 1830",Crotalus triseriatus,,MX,,Distrito Federal,PRESENT,,28eb1a3f-1c15-4a95-931a-4af90ecb574d,19.313593,-99.286196,22,,,,,,2020-06-02T10:01:00,2,6,2020,2444358,2444358,HUMAN_OBSERVATION,iNaturalist,Observations,48945391,,Nathan Zárate,2020-06-08T19:48:55,CC_BY_NC_4_0,Nathan Zárate,Nathan Zárate,,,2021-01-30T23:50:30.783Z,StillImage,COORDINATE_ROUNDED;GEODETIC_DATUM_ASSUMED_WGS84;INSTITUTION_MATCH_NONE;COLLECTION_MATCH_NONE
1895324966,805548f4-f762-11e1-a439-00145eb45e9a,urn:catalog:CIB-UAEM:CARUM:471:388a99f0dee97ebb0ec9404ecdd2d41f,Animalia,Chordata,Reptilia,Squamata,Viperidae,Crotalus,Crotalus triseriatus,,SPECIES,"Crotalus triseriatus Wagler, 1830",Crotalus triseriatus,"(Wagler, 1830)",MX,"Huitzilac, al este del límite del Distrito Federal",Morelos,PRESENT,1,ff90b050-c256-11db-b71b-b8a03c50a862,19.05063524,-99.28343884,,,1400,1400,0,0,1985-10-09T00:00:00,9,10,1985,2444358,2444358,PRESERVED_SPECIMEN,CIB-UAEM,CARUM,471,,CFR,,CC_BY_4_0,Comisión Nacional para el Conocimiento y Uso de la Biodiversidad (CONABIO),RMT,SYNTYPE,,2021-01-22T17:16:14.279Z,,COORDINATE_ROUNDED;COORDINATE_REPROJECTED;ELEVATION_MIN_MAX_SWAPPED;OCCURRENCE_STATUS_INFERRED_FROM_INDIVIDUAL_COUNT;INSTITUTION_MATCH_NONE;COLLECTION_MATCH_NONE
1895324902,805548f4-f762-11e1-a439-00145eb45e9a,urn:catalog:IBUNAM:CNAR:316:4bed8f089191054c552040c9fb99cbf8,Animalia,Chordata,Reptilia,Squamata,Viperidae,Crotalus,Crotalus triseriatus,,SPECIES,"Crotalus triseriatus Wagler, 1830",Crotalus triseriatus,"(Wagler, 1830)",MX,Al oriente del centro del pueblo de Tres Marías,Morelos,PRESENT,1,ff90b050-c256-11db-b71b-b8a03c50a862,19.05063524,-99.28343884,,,1400,1400,0,0,1936-11-15T00:00:00,15,11,1936,2444358,2444358,PRESERVED_SPECIMEN,IBUNAM,CNAR,316,,MTA,,CC_BY_4_0,Comisión Nacional para el Conocimiento y Uso de la Biodiversidad (CONABIO),MDT,SYNTYPE,,2021-01-22T17:16:13.279Z,,COORDINATE_ROUNDED;COORDINATE_REPROJECTED;ELEVATION_MIN_MAX_SWAPPED;OCCURRENCE_STATUS_INFERRED_FROM_INDIVIDUAL_COUNT;COLLECTION_MATCH_NONE;DIFFERENT_OWNER_INSTITUTION
1895324889,805548f4-f762-11e1-a439-00145eb45e9a,urn:catalog:CIB-UAEM:CARUM:470:317d3616a7619ffd47175cb4bf023b07,Animalia,Chordata,Reptilia,Squamata,Viperidae,Crotalus,Crotalus triseriatus,,SPECIES,"Crotalus triseriatus Wagler, 1830",Crotalus triseriatus,"(Wagler, 1830)",MX,"Huitzilac, al este del límite del Distrito Federal",Morelos,PRESENT,1,ff90b050-c256-11db-b71b-b8a03c50a862,19.05063524,-99.28343884,,,1400,1400,0,0,1985-02-28T00:00:00,28,2,1985,2444358,2444358,PRESERVED_SPECIMEN,CIB-UAEM,CARUM,470,,CFR,,CC_BY_4_0,Comisión Nacional para el Conocimiento y Uso de la Biodiversidad (CONABIO),CHC,SYNTYPE,,2021-01-22T17:16:13.937Z,,COORDINATE_ROUNDED;COORDINATE_REPROJECTED;ELEVATION_MIN_MAX_SWAPPED;OCCURRENCE_STATUS_INFERRED_FROM_INDIVIDUAL_COUNT;INSTITUTION_MATCH_NONE;COLLECTION_MATCH_NONE
1677306397,50c9509d-22c7-4a22-a47d-8c48425ef4a7,https://www.inaturalist.org/observations/8422346,Animalia,Chordata,Reptilia,Squamata,Viperidae,Crotalus,Crotalus triseriatus,,SPECIES,"Crotalus triseriatus Wagler, 1830",Crotalus triseriatus,,MX,,Distrito Federal,PRESENT,,28eb1a3f-1c15-4a95-931a-4af90ecb574d,19.217762,-99.283319,61,,,,,,2017-10-15T10:35:00,15,10,2017,2444358,2444358,HUMAN_OBSERVATION,iNaturalist,Observations,8422346,,Mario Castañeda Sánchez,2017-10-17T04:46:51,CC_BY_NC_4_0,antoniolp,antoniolp,,,2021-01-30T23:49:43.282Z,StillImage,COORDINATE_ROUNDED;GEODETIC_DATUM_ASSUMED_WGS84;INSTITUTION_MATCH_NONE;COLLECTION_MATCH_NONE
2550057972,50c9509d-22c7-4a22-a47d-8c48425ef4a7,https://www.inaturalist.org/observations/36984914,Animalia,Chordata,Reptilia,Squamata,Viperidae,Crotalus,Crotalus triseriatus,,SPECIES,"Crotalus triseriatus Wagler, 1830",Crotalus triseriatus,,MX,,Distrito Federal,PRESENT,,28eb1a3f-1c15-4a95-931a-4af90ecb574d,19.314661,-99.28182,50,,,,,,2019-12-26T15:20:00,26,12,2019,2444358,2444358,HUMAN_OBSERVATION,iNaturalist,Observations,36984914,,Nathan Zárate,2019-12-27T01:22:52,CC_BY_NC_4_0,Nathan Zárate,Nathan Zárate,,,2021-01-30T23:52:00.981Z,StillImage,COORDINATE_ROUNDED;GEODETIC_DATUM_ASSUMED_WGS84;INSTITUTION_MATCH_NONE;COLLECTION_MATCH_NONE
1895324911,805548f4-f762-11e1-a439-00145eb45e9a,urn:catalog:CIB-UAEM:CARUM:2511:894beac36d0af2a52a04c3acf2a14d3b,Animalia,Chordata,Reptilia,Squamata,Viperidae,Crotalus,Crotalus triseriatus,,SPECIES,"Crotalus triseriatus Wagler, 1830",Crotalus triseriatus,"(Wagler, 1830)",MX,"Huitzilac, Parque Nacional Lagunas de Zempoala",Morelos,PRESENT,1,ff90b050-c256-11db-b71b-b8a03c50a862,19.0389688,-99.27954971,,,1306,1306,0,0,1998-05-15T00:00:00,15,5,1998,2444358,2444358,PRESERVED_SPECIMEN,CIB-UAEM,CARUM,2511,,CFR,,CC_BY_4_0,Comisión Nacional para el Conocimiento y Uso de la Biodiversidad (CONABIO),BZMG,SYNTYPE,,2021-01-22T17:16:14.138Z,,COORDINATE_ROUNDED;COORDINATE_REPROJECTED;ELEVATION_MIN_MAX_SWAPPED;OCCURRENCE_STATUS_INFERRED_FROM_INDIVIDUAL_COUNT;INSTITUTION_MATCH_NONE;COLLECTION_MATCH_NONE
1038289582,50c9509d-22c7-4a22-a47d-8c48425ef4a7,http://www.inaturalist.org/observations/856770,Animalia,Chordata,Reptilia,Squamata,Viperidae,Crotalus,Crotalus triseriatus,,SPECIES,"Crotalus triseriatus Wagler, 1830",Crotalus triseriatus,,MX,,Morelos,PRESENT,,28eb1a3f-1c15-4a95-931a-4af90ecb574d,19.083476,-99.278039,100,,,,,,2014-04-24T00:00:00,24,4,2014,2444358,2444358,HUMAN_OBSERVATION,iNaturalist,Observations,856770,,Janitzio Pech Zúñiga,2014-09-03T18:26:08,CC_BY_NC_4_0,Janitzio Pech Zúñiga,Janitzio Pech Zúñiga,,,2021-01-30T23:51:11.727Z,StillImage,GEODETIC_DATUM_ASSUMED_WGS84;INSTITUTION_MATCH_NONE;COLLECTION_MATCH_NONE
1837072649,50c9509d-22c7-4a22-a47d-8c48425ef4a7,https://www.inaturalist.org/observations/10419814,Animalia,Chordata,Reptilia,Squamata,Viperidae,Crotalus,Crotalus triseriatus,,SPECIES,"Crotalus triseriatus Wagler, 1830",Crotalus triseriatus,,MX,,Distrito Federal,PRESENT,,28eb1a3f-1c15-4a95-931a-4af90ecb574d,19.180441,-99.276219,105,,,,,,2018-03-25T10:34:04,25,3,2018,2444358,2444358,HUMAN_OBSERVATION,iNaturalist,Observations,10419814,,Mario Castañeda Sánchez,2018-03-25T21:37:42,CC_BY_NC_4_0,Mario Castañeda Sánchez,Mario Castañeda Sánchez,,,2021-01-30T23:49:45.750Z,StillImage,COORDINATE_ROUNDED;GEODETIC_DATUM_ASSUMED_WGS84;INSTITUTION_MATCH_NONE;COLLECTION_MATCH_NONE
1253307404,50c9509d-22c7-4a22-a47d-8c48425ef4a7,http://conabio.inaturalist.org/observations/2710338,Animalia,Chordata,Reptilia,Squamata,Viperidae,Crotalus,Crotalus triseriatus,,SPECIES,"Crotalus triseriatus Wagler, 1830",Crotalus triseriatus,,MX,,Distrito Federal,PRESENT,,28eb1a3f-1c15-4a95-931a-4af90ecb574d,19.225741,-99.268062,99,,,,,,2009-10-24T04:04:11,24,10,2009,2444358,2444358,HUMAN_OBSERVATION,iNaturalist,Observations,2710338,,Noé Pacheco,2016-02-23T17:48:21,CC_BY_4_0,Noé Pacheco,Noé Pacheco,,,2021-01-30T23:49:26.257Z,,GEODETIC_DATUM_ASSUMED_WGS84;INSTITUTION_MATCH_NONE;COLLECTION_MATCH_NONE
2629131830,63ed64cb-90b7-4ecc-b94c-3a0317742379,urn:catalog:ENCB-IPN:ENCB:1001:82d129bb06f4063270480f3c27044631,Animalia,Chordata,Reptilia,Squamata,Viperidae,Crotalus,Crotalus triseriatus,,SPECIES,"Crotalus triseriatus Wagler, 1830",Crotalus triseriatus,"(Wagler, 1830)",MX,Huitzilac,Morelos,PRESENT,1,ff90b050-c256-11db-b71b-b8a03c50a862,19.0289,-99.267502,,,1300,1300,0,0,1964-04-05T00:00:00,5,4,1964,2444358,2444358,PRESERVED_SPECIMEN,ENCB-IPN,ENCB,1001,,T. Alvarez; J. C. López V.,,CC_BY_4_0,Comisión Nacional para el Conocimiento y Uso de la Biodiversidad (CONABIO),P. Reyes C.; H. Romero R.,,,2020-12-15T17:27:03.770Z,,COORDINATE_ROUNDED;ELEVATION_MIN_MAX_SWAPPED;TYPE_STATUS_INVALID;OCCURRENCE_STATUS_INFERRED_FROM_INDIVIDUAL_COUNT;INSTITUTION_COLLECTION_MISMATCH;DIFFERENT_OWNER_INSTITUTION
1883566663,50c9509d-22c7-4a22-a47d-8c48425ef4a7,http://www.inaturalist.org/observations/2899350,Animalia,Chordata,Reptilia,Squamata,Viperidae,Crotalus,Crotalus triseriatus,,SPECIES,"Crotalus triseriatus Wagler, 1830",Crotalus triseriatus,,MX,,Distrito Federal,PRESENT,,28eb1a3f-1c15-4a95-931a-4af90ecb574d,19.222527,-99.266749,50,,,,,,1986-06-09T14:00:00,9,6,1986,2444358,2444358,HUMAN_OBSERVATION,iNaturalist,Observations,2899350,,Chris Harrison,2019-05-07T08:07:57,CC_BY_4_0,Chris Harrison,Chris Harrison,,,2021-01-30T23:51:09.558Z,StillImage,GEODETIC_DATUM_ASSUMED_WGS84;INSTITUTION_MATCH_NONE;COLLECTION_MATCH_NONE
1894888943,7fdb69da-f762-11e1-a439-00145eb45e9a,urn:catalog:NO APLICA:NO APLICA:9999:1175ecc29ab7885f560ad0cf1805d9bb,Animalia,Chordata,Reptilia,Squamata,Viperidae,Crotalus,Crotalus triseriatus,,SPECIES,"Crotalus triseriatus Wagler, 1830",Crotalus triseriatus subsp. triseriatus,"(Wagler, 1830)",MX,4-5 Km. N Tres Cumbres,Morelos,PRESENT,,ff90b050-c256-11db-b71b-b8a03c50a862,19.067222,-99.266667,,,0,0,0,0,,,,,2444358,2444358,UNKNOWN,NO APLICA,NO APLICA,9999,,NO DISPONIBLE,,CC_BY_4_0,Comisión Nacional para el Conocimiento y Uso de la Biodiversidad (CONABIO),NO DISPONIBLE,,,2021-01-22T17:17:22.039Z,,COORDINATE_ROUNDED;GEODETIC_DATUM_ASSUMED_WGS84;RECORDED_DATE_INVALID;TAXON_MATCH_HIGHERRANK;TYPE_STATUS_INVALID;INSTITUTION_MATCH_NONE;COLLECTION_MATCH_NONE
1894112452,80d6e8c8-f762-11e1-a439-00145eb45e9a,urn:catalog:UTA:UTA:12598:4c59e80c190811271703fd6cf44be355,Animalia,Chordata,Reptilia,Squamata,Viperidae,Crotalus,Crotalus triseriatus,,SPECIES,"Crotalus triseriatus Wagler, 1830",Crotalus triseriatus,"(Wagler, 1830)",MX,"PARADA SANTA MARIA, 3.2 KM W EL MADROÑO",Queretaro,PRESENT,1,ff90b050-c256-11db-b71b-b8a03c50a862,21.284722,-99.265278,,,0,0,0,0,1983-07-15T00:00:00,15,7,1983,2444358,2444358,PRESERVED_SPECIMEN,UTA,UTA,12598,,NO DISPONIBLE,,CC_BY_4_0,Comisión Nacional para el Conocimiento y Uso de la Biodiversidad (CONABIO),J. A. CAMPBELL; W. W. LAMAR; ET. AL.,,,2021-01-22T17:15:51.657Z,,COORDINATE_ROUNDED;GEODETIC_DATUM_ASSUMED_WGS84;TYPE_STATUS_INVALID;OCCURRENCE_STATUS_INFERRED_FROM_INDIVIDUAL_COUNT;COLLECTION_MATCH_FUZZY;DIFFERENT_OWNER_INSTITUTION
2366101214,50c9509d-22c7-4a22-a47d-8c48425ef4a7,https://www.inaturalist.org/observations/31120873,Animalia,Chordata,Reptilia,Squamata,Viperidae,Crotalus,Crotalus triseriatus,,SPECIES,"Crotalus triseriatus Wagler, 1830",Crotalus triseriatus,,MX,,Distrito Federal,PRESENT,,28eb1a3f-1c15-4a95-931a-4af90ecb574d,19.209618,-99.261978,1096,,,,,,2019-08-18T01:43:00,18,8,2019,2444358,2444358,HUMAN_OBSERVATION,iNaturalist,Observations,31120873,,Mario Castañeda Sánchez,2019-08-19T15:04:06,CC_BY_NC_4_0,Mario Castañeda Sánchez,Mario Castañeda Sánchez,,,2021-01-30T23:51:49.093Z,StillImage,COORDINATE_ROUNDED;GEODETIC_DATUM_ASSUMED_WGS84;INSTITUTION_MATCH_NONE;COLLECTION_MATCH_NONE
2873938807,50c9509d-22c7-4a22-a47d-8c48425ef4a7,https://www.inaturalist.org/observations/60791737,Animalia,Chordata,Reptilia,Squamata,Viperidae,Crotalus,Crotalus triseriatus,,SPECIES,"Crotalus triseriatus Wagler, 1830",Crotalus triseriatus,,MX,,Distrito Federal,PRESENT,,28eb1a3f-1c15-4a95-931a-4af90ecb574d,19.216051,-99.260164,1281,,,,,,2020-02-19T00:12:00,19,2,2020,2444358,2444358,HUMAN_OBSERVATION,iNaturalist,Observations,60791737,,angelt11896,2020-09-26T04:38:29,CC_BY_NC_4_0,angelt11896,angelt11896,,,2021-01-30T23:52:32.151Z,StillImage,COORDINATE_ROUNDED;GEODETIC_DATUM_ASSUMED_WGS84;INSTITUTION_MATCH_NONE;COLLECTION_MATCH_NONE
2850908371,50c9509d-22c7-4a22-a47d-8c48425ef4a7,https://www.inaturalist.org/observations/56160118,Animalia,Chordata,Reptilia,Squamata,Viperidae,Crotalus,Crotalus triseriatus,,SPECIES,"Crotalus triseriatus Wagler, 1830",Crotalus triseriatus,,MX,,Distrito Federal,PRESENT,,28eb1a3f-1c15-4a95-931a-4af90ecb574d,19.207768,-99.258443,,,,,,,2018-05-12T12:55:15,12,5,2018,2444358,2444358,HUMAN_OBSERVATION,iNaturalist,Observations,56160118,,rastaman13,2020-08-11T20:25:16,CC_BY_NC_4_0,rastaman13,rastaman13,,,2021-01-30T23:50:47.834Z,StillImage,COORDINATE_ROUNDED;GEODETIC_DATUM_ASSUMED_WGS84;INSTITUTION_MATCH_NONE;COLLECTION_MATCH_NONE
1894889039,7fdb69da-f762-11e1-a439-00145eb45e9a,urn:catalog:FC-UNAM:MZFC:613:7ee0f4361a3a793cc59a1f74dc412727,Animalia,Chordata,Reptilia,Squamata,Viperidae,Crotalus,Crotalus triseriatus,,SPECIES,"Crotalus triseriatus Wagler, 1830",Crotalus triseriatus subsp. triseriatus,"(Wagler, 1830)",MX,Serranía del Ajusco,Distrito federal,PRESENT,,ff90b050-c256-11db-b71b-b8a03c50a862,19.208333,-99.258333,,,0,0,0,0,,,,,2444358,2444358,PRESERVED_SPECIMEN,FC-UNAM,MZFC,613,,NO DISPONIBLE,,CC_BY_4_0,Comisión Nacional para el Conocimiento y Uso de la Biodiversidad (CONABIO),L. I. H.,,,2021-01-22T17:17:21.704Z,,COORDINATE_ROUNDED;GEODETIC_DATUM_ASSUMED_WGS84;RECORDED_DATE_INVALID;TAXON_MATCH_HIGHERRANK;TYPE_STATUS_INVALID;INSTITUTION_MATCH_NONE;COLLECTION_MATCH_NONE
1038292968,50c9509d-22c7-4a22-a47d-8c48425ef4a7,http://conabio.inaturalist.org/observations/911622,Animalia,Chordata,Reptilia,Squamata,Viperidae,Crotalus,Crotalus triseriatus,,SPECIES,"Crotalus triseriatus Wagler, 1830",Crotalus triseriatus,,MX,,Distrito Federal,PRESENT,,28eb1a3f-1c15-4a95-931a-4af90ecb574d,19.2075,-99.258056,2329,,,,,,2014-09-10T00:00:00,10,9,2014,2444358,2444358,HUMAN_OBSERVATION,iNaturalist,Observations,911622,,Carlos Galindo-Leal,2014-10-06T20:19:19,CC_BY_NC_4_0,Alexis García,Alexis García,,,2021-01-30T23:51:20.551Z,StillImage,GEODETIC_DATUM_ASSUMED_WGS84;INSTITUTION_MATCH_NONE;COLLECTION_MATCH_NONE
2826171239,50c9509d-22c7-4a22-a47d-8c48425ef4a7,https://www.inaturalist.org/observations/54470217,Animalia,Chordata,Reptilia,Squamata,Viperidae,Crotalus,Crotalus triseriatus,,SPECIES,"Crotalus triseriatus Wagler, 1830",Crotalus triseriatus,,MX,,Distrito Federal,PRESENT,,28eb1a3f-1c15-4a95-931a-4af90ecb574d,19.209753,-99.257112,,,,,,,2020-04-26T10:15:44,26,4,2020,2444358,2444358,HUMAN_OBSERVATION,iNaturalist,Observations,54470217,,pablomulticinctus,2020-07-27T00:35:07,CC_BY_NC_4_0,gus-tavo,gus-tavo,,,2021-01-30T23:52:27.188Z,StillImage,COORDINATE_ROUNDED;GEODETIC_DATUM_ASSUMED_WGS84;INSTITUTION_MATCH_NONE;COLLECTION_MATCH_NONE
891118182,50c9509d-22c7-4a22-a47d-8c48425ef4a7,http://conabio.inaturalist.org/observations/180442,Animalia,Chordata,Reptilia,Squamata,Viperidae,Crotalus,Crotalus triseriatus,,SPECIES,"Crotalus triseriatus Wagler, 1830",Crotalus triseriatus,,MX,,Distrito Federal,PRESENT,,28eb1a3f-1c15-4a95-931a-4af90ecb574d,19.26294,-99.253449,,,,,,,2012-10-03T00:00:00,3,10,2012,2444358,2444358,HUMAN_OBSERVATION,iNaturalist,Observations,180442,,,2013-10-25T20:47:23,CC_BY_NC_4_0,Iván Montes de Oca Cacheux,Iván Montes de Oca Cacheux,,,2021-01-30T23:51:09.544Z,StillImage,COORDINATE_ROUNDED;GEODETIC_DATUM_ASSUMED_WGS84;INSTITUTION_MATCH_NONE;COLLECTION_MATCH_NONE
2851045177,50c9509d-22c7-4a22-a47d-8c48425ef4a7,https://www.inaturalist.org/observations/56092158,Animalia,Chordata,Reptilia,Squamata,Viperidae,Crotalus,Crotalus triseriatus,,SPECIES,"Crotalus triseriatus Wagler, 1830",Crotalus triseriatus,,MX,,Distrito Federal,PRESENT,,28eb1a3f-1c15-4a95-931a-4af90ecb574d,19.216706,-99.251726,276,,,,,,2020-06-06T13:56:00,6,6,2020,2444358,2444358,HUMAN_OBSERVATION,iNaturalist,Observations,56092158,,rastaman13,2020-08-11T02:34:53,CC_BY_NC_4_0,rastaman13,rastaman13,,,2021-01-30T23:52:42.886Z,StillImage,COORDINATE_ROUNDED;GEODETIC_DATUM_ASSUMED_WGS84;INSTITUTION_MATCH_NONE;COLLECTION_MATCH_NONE
2629117771,63ed64cb-90b7-4ecc-b94c-3a0317742379,urn:catalog:ENCB-IPN:ENCB:12281:ff0df369433006d6678f31ceaa7ca2c5,Animalia,Chordata,Reptilia,Squamata,Viperidae,Crotalus,Crotalus triseriatus,,SPECIES,"Crotalus triseriatus Wagler, 1830",Crotalus triseriatus,"(Wagler, 1830)",MX,Cerro Ajusco,Distrito federal,PRESENT,1,ff90b050-c256-11db-b71b-b8a03c50a862,19.181389,-99.24694,,,0,0,0,0,1984-07-01T00:00:00,,7,1984,2444358,2444358,PRESERVED_SPECIMEN,ENCB-IPN,ENCB,12281,,T. ALVAREZ,,CC_BY_4_0,Comisión Nacional para el Conocimiento y Uso de la Biodiversidad (CONABIO),A. Moreno,,,2020-12-15T17:10:28.750Z,,COORDINATE_ROUNDED;RECORDED_DATE_INVALID;TYPE_STATUS_INVALID;OCCURRENCE_STATUS_INFERRED_FROM_INDIVIDUAL_COUNT;INSTITUTION_COLLECTION_MISMATCH;DIFFERENT_OWNER_INSTITUTION
2236236035,50c9509d-22c7-4a22-a47d-8c48425ef4a7,https://www.inaturalist.org/observations/22127468,Animalia,Chordata,Reptilia,Squamata,Viperidae,Crotalus,Crotalus triseriatus,,SPECIES,"Crotalus triseriatus Wagler, 1830",Crotalus triseriatus,,MX,,Distrito Federal,PRESENT,,28eb1a3f-1c15-4a95-931a-4af90ecb574d,19.254134,-99.246468,8,,,,,,2019-03-23T10:15:00,23,3,2019,2444358,2444358,HUMAN_OBSERVATION,iNaturalist,Observations,22127468,,sahabiotec,2019-04-07T03:50:56,CC_BY_NC_4_0,sahabiotec,sahabiotec,,,2021-01-30T23:50:02.284Z,StillImage,COORDINATE_ROUNDED;GEODETIC_DATUM_ASSUMED_WGS84;INSTITUTION_MATCH_NONE;COLLECTION_MATCH_NONE
2236235771,50c9509d-22c7-4a22-a47d-8c48425ef4a7,https://www.inaturalist.org/observations/22127571,Animalia,Chordata,Reptilia,Squamata,Viperidae,Crotalus,Crotalus triseriatus,,SPECIES,"Crotalus triseriatus Wagler, 1830",Crotalus triseriatus,,MX,,Distrito Federal,PRESENT,,28eb1a3f-1c15-4a95-931a-4af90ecb574d,19.25405,-99.246379,4,,,,,,2019-03-23T10:15:00,23,3,2019,2444358,2444358,HUMAN_OBSERVATION,iNaturalist,Observations,22127571,,sahabiotec,2019-04-07T03:53:35,CC_BY_NC_4_0,sahabiotec,sahabiotec,,,2021-01-30T23:51:46.239Z,StillImage,COORDINATE_ROUNDED;GEODETIC_DATUM_ASSUMED_WGS84;INSTITUTION_MATCH_NONE;COLLECTION_MATCH_NONE
2269276964,50c9509d-22c7-4a22-a47d-8c48425ef4a7,https://www.inaturalist.org/observations/27133400,Animalia,Chordata,Reptilia,Squamata,Viperidae,Crotalus,Crotalus triseriatus,,SPECIES,"Crotalus triseriatus Wagler, 1830",Crotalus triseriatus,,MX,,Distrito Federal,PRESENT,,28eb1a3f-1c15-4a95-931a-4af90ecb574d,19.183487,-99.24199,31,,,,,,2019-06-15T22:55:00,15,6,2019,2444358,2444358,HUMAN_OBSERVATION,iNaturalist,Observations,27133400,,Mario Castañeda Sánchez,2019-06-17T02:59:13,CC_BY_NC_4_0,Mario Castañeda Sánchez,Mario Castañeda Sánchez,,,2021-01-30T23:50:07.146Z,StillImage,COORDINATE_ROUNDED;GEODETIC_DATUM_ASSUMED_WGS84;INSTITUTION_MATCH_NONE;COLLECTION_MATCH_NONE
2629126527,63ed64cb-90b7-4ecc-b94c-3a0317742379,urn:catalog:ENCB-IPN:ENCB:7367:80844ddc67ff6c53069b4f93c2ea44af,Animalia,Chordata,Reptilia,Squamata,Viperidae,Crotalus,Crotalus triseriatus,,SPECIES,"Crotalus triseriatus Wagler, 1830",Crotalus triseriatus,"(Wagler, 1830)",MX,7 km N Tres Marías,Distrito federal,PRESENT,1,ff90b050-c256-11db-b71b-b8a03c50a862,19.2418,-99.241798,,,1450,1450,0,0,1972-09-03T00:00:00,3,9,1972,2444358,2444358,PRESERVED_SPECIMEN,ENCB-IPN,ENCB,7367,,T. Alvarez; J. C. López V.,,CC_BY_4_0,Comisión Nacional para el Conocimiento y Uso de la Biodiversidad (CONABIO),G. Huerta,,,2020-12-15T17:20:56.343Z,,COORDINATE_ROUNDED;ELEVATION_MIN_MAX_SWAPPED;TYPE_STATUS_INVALID;OCCURRENCE_STATUS_INFERRED_FROM_INDIVIDUAL_COUNT;INSTITUTION_COLLECTION_MISMATCH;DIFFERENT_OWNER_INSTITUTION
1894950000,7feba584-f762-11e1-a439-00145eb45e9a,urn:catalog:NO DISPONIBLE:NO DISPONIBLE:75866:28cfe7760341dff1b9afe48776c46bf8,Animalia,Chordata,Reptilia,Squamata,Viperidae,Crotalus,Crotalus triseriatus,,SPECIES,"Crotalus triseriatus Wagler, 1830",Crotalus triseriatus,"(Wagler, 1830)",MX,"CUERNAVACA, NR. TRES MARIAS",Morelos,PRESENT,1,ff90b050-c256-11db-b71b-b8a03c50a862,19.058333,-99.241667,,,0,0,0,0,,,,,2444358,2444358,PRESERVED_SPECIMEN,NO DISPONIBLE,NO DISPONIBLE,75866,,NO DISPONIBLE,,CC_BY_4_0,Comisión Nacional para el Conocimiento y Uso de la Biodiversidad (CONABIO),NO DISPONIBLE,,,2021-01-22T17:17:33.379Z,,COORDINATE_ROUNDED;GEODETIC_DATUM_ASSUMED_WGS84;RECORDED_DATE_INVALID;TYPE_STATUS_INVALID;OCCURRENCE_STATUS_INFERRED_FROM_INDIVIDUAL_COUNT;INSTITUTION_MATCH_NONE;COLLECTION_MATCH_NONE
1894918120,7feba584-f762-11e1-a439-00145eb45e9a,urn:catalog:UMMZ:UMMZ:75866:19d2564c1ab75f257220fb8ee5f52eeb,Animalia,Chordata,Reptilia,Squamata,Viperidae,Crotalus,Crotalus triseriatus,,SPECIES,"Crotalus triseriatus Wagler, 1830",Crotalus triseriatus subsp. triseriatus,"(Wagler, 1830)",MX,Tres Marías,Morelos,PRESENT,1,ff90b050-c256-11db-b71b-b8a03c50a862,19.058333,-99.241667,,,0,0,0,0,,,,,2444358,2444358,PRESERVED_SPECIMEN,UMMZ,UMMZ,75866,,NO DISPONIBLE,,CC_BY_4_0,Comisión Nacional para el Conocimiento y Uso de la Biodiversidad (CONABIO),NO DISPONIBLE,,,2021-01-22T17:17:29.785Z,,COORDINATE_ROUNDED;GEODETIC_DATUM_ASSUMED_WGS84;RECORDED_DATE_INVALID;TAXON_MATCH_HIGHERRANK;TYPE_STATUS_INVALID;OCCURRENCE_STATUS_INFERRED_FROM_INDIVIDUAL_COUNT;INSTITUTION_MATCH_FUZZY;COLLECTION_MATCH_FUZZY
1894918003,7feba584-f762-11e1-a439-00145eb45e9a,urn:catalog:UIUC:UIMNH:25025:ce1a6aa0c98410c88334cc3933d49b35,Animalia,Chordata,Reptilia,Squamata,Viperidae,Crotalus,Crotalus triseriatus,,SPECIES,"Crotalus triseriatus Wagler, 1830",Crotalus triseriatus subsp. triseriatus,"(Wagler, 1830)",MX,"TRES MARIAS, 5 KM N",Morelos,PRESENT,1,ff90b050-c256-11db-b71b-b8a03c50a862,19.125,-99.241667,,,0,0,0,0,,,,,2444358,2444358,PRESERVED_SPECIMEN,UIUC,UIMNH,25025,,NO DISPONIBLE,,CC_BY_4_0,Comisión Nacional para el Conocimiento y Uso de la Biodiversidad (CONABIO),NO DISPONIBLE,,,2021-01-22T17:17:35.463Z,,COORDINATE_ROUNDED;GEODETIC_DATUM_ASSUMED_WGS84;RECORDED_DATE_INVALID;TAXON_MATCH_HIGHERRANK;TYPE_STATUS_INVALID;OCCURRENCE_STATUS_INFERRED_FROM_INDIVIDUAL_COUNT;INSTITUTION_MATCH_NONE;COLLECTION_MATCH_FUZZY
1894917886,7feba584-f762-11e1-a439-00145eb45e9a,urn:catalog:FC-UNAM:MZFC:2164:b9f197fc64f1a53b37a2de4eb1192ac8,Animalia,Chordata,Reptilia,Squamata,Viperidae,Crotalus,Crotalus triseriatus,,SPECIES,"Crotalus triseriatus Wagler, 1830",Crotalus triseriatus subsp. triseriatus,"(Wagler, 1830)",MX,"AJUSCO, CARRETERA PERIFERICO-AJUSCO",Distrito federal,PRESENT,1,ff90b050-c256-11db-b71b-b8a03c50a862,19.241667,-99.241667,,,0,0,0,0,1986-06-01T00:00:00,,6,1986,2444358,2444358,PRESERVED_SPECIMEN,FC-UNAM,MZFC,2164,,NO DISPONIBLE,,CC_BY_4_0,Comisión Nacional para el Conocimiento y Uso de la Biodiversidad (CONABIO),NO DISPONIBLE,,,2021-01-22T17:17:37.470Z,,COORDINATE_ROUNDED;GEODETIC_DATUM_ASSUMED_WGS84;RECORDED_DATE_INVALID;TAXON_MATCH_HIGHERRANK;TYPE_STATUS_INVALID;OCCURRENCE_STATUS_INFERRED_FROM_INDIVIDUAL_COUNT;INSTITUTION_MATCH_NONE;COLLECTION_MATCH_NONE
891165360,50c9509d-22c7-4a22-a47d-8c48425ef4a7,http://www.inaturalist.org/observations/300026,Animalia,Chordata,Reptilia,Squamata,Viperidae,Crotalus,Crotalus triseriatus,,SPECIES,"Crotalus triseriatus Wagler, 1830",Crotalus triseriatus,,MX,,Morelos,PRESENT,,28eb1a3f-1c15-4a95-931a-4af90ecb574d,19.054452,-99.241161,1956,,,,,,2007-02-17T00:00:00,17,2,2007,2444358,2444358,HUMAN_OBSERVATION,iNaturalist,Observations,300026,,Reconcilia Eco Social AC,2013-06-15T02:39:15,CC_BY_NC_4_0,Reconcilia Eco Social AC,Reconcilia Eco Social AC,,,2021-01-30T23:51:12.697Z,,GEODETIC_DATUM_ASSUMED_WGS84;INSTITUTION_MATCH_NONE;COLLECTION_MATCH_NONE
2851135078,50c9509d-22c7-4a22-a47d-8c48425ef4a7,https://www.inaturalist.org/observations/55979421,Animalia,Chordata,Reptilia,Squamata,Viperidae,Crotalus,Crotalus triseriatus,,SPECIES,"Crotalus triseriatus Wagler, 1830",Crotalus triseriatus,,MX,,Distrito Federal,PRESENT,,28eb1a3f-1c15-4a95-931a-4af90ecb574d,19.212142,-99.237,22,,,,,,2020-08-09T12:16:57,9,8,2020,2444358,2444358,HUMAN_OBSERVATION,iNaturalist,Observations,55979421,,bonitoperrito,2020-08-10T05:16:26,CC_BY_NC_4_0,bonitoperrito,bonitoperrito,,,2021-01-30T23:52:28.118Z,StillImage,COORDINATE_ROUNDED;GEODETIC_DATUM_ASSUMED_WGS84;INSTITUTION_MATCH_NONE;COLLECTION_MATCH_NONE
1894889030,7fdb69da-f762-11e1-a439-00145eb45e9a,urn:catalog:NO APLICA:NO APLICA:9999:7bfc429bf7f3aa9d56ff368d4a29a109,Animalia,Chordata,Reptilia,Squamata,Viperidae,Crotalus,Crotalus triseriatus,,SPECIES,"Crotalus triseriatus Wagler, 1830",Crotalus triseriatus subsp. triseriatus,"(Wagler, 1830)",MX,2 mi. W Huitzilac,Morelos,PRESENT,,ff90b050-c256-11db-b71b-b8a03c50a862,19.020556,-99.235833,,,0,0,0,0,,,,,2444358,2444358,UNKNOWN,NO APLICA,NO APLICA,9999,,NO DISPONIBLE,,CC_BY_4_0,Comisión Nacional para el Conocimiento y Uso de la Biodiversidad (CONABIO),NO DISPONIBLE,,,2021-01-22T17:17:21.547Z,,COORDINATE_ROUNDED;GEODETIC_DATUM_ASSUMED_WGS84;RECORDED_DATE_INVALID;TAXON_MATCH_HIGHERRANK;TYPE_STATUS_INVALID;INSTITUTION_MATCH_NONE;COLLECTION_MATCH_NONE
1291664387,50c9509d-22c7-4a22-a47d-8c48425ef4a7,http://conabio.inaturalist.org/observations/3613665,Animalia,Chordata,Reptilia,Squamata,Viperidae,Crotalus,Crotalus triseriatus,,SPECIES,"Crotalus triseriatus Wagler, 1830",Crotalus triseriatus,,MX,,Distrito Federal,PRESENT,,28eb1a3f-1c15-4a95-931a-4af90ecb574d,19.180748,-99.234841,,,,,,,2016-07-03T00:00:00,3,7,2016,2444358,2444358,HUMAN_OBSERVATION,iNaturalist,Observations,3613665,,Ernesto,,CC_BY_NC_4_0,Mario Castañeda Sánchez,Mario Castañeda Sánchez,,,2021-01-30T23:51:15.951Z,StillImage,GEODETIC_DATUM_ASSUMED_WGS84;INSTITUTION_MATCH_NONE;COLLECTION_MATCH_NONE
1895324910,805548f4-f762-11e1-a439-00145eb45e9a,urn:catalog:FC-UNAM:MZFC:4657:48611aa37182c69c60ecd4cbb5d0a9c1,Animalia,Chordata,Reptilia,Squamata,Viperidae,Crotalus,Crotalus triseriatus,,SPECIES,"Crotalus triseriatus Wagler, 1830",Crotalus triseriatus,"(Wagler, 1830)",MX,"Cuernavaca, 17 km. al este de Ocuilan - Por el camino de terracería.",Morelos,PRESENT,1,ff90b050-c256-11db-b71b-b8a03c50a862,18.9339739,-99.23343726,,,750,750,0,0,1990-03-17T00:00:00,17,3,1990,2444358,2444358,PRESERVED_SPECIMEN,FC-UNAM,MZFC,4657,,MTC,,CC_BY_4_0,Comisión Nacional para el Conocimiento y Uso de la Biodiversidad (CONABIO),TCM,SYNTYPE,,2021-01-22T17:16:14.295Z,,COORDINATE_ROUNDED;COORDINATE_REPROJECTED;ELEVATION_MIN_MAX_SWAPPED;OCCURRENCE_STATUS_INFERRED_FROM_INDIVIDUAL_COUNT;INSTITUTION_MATCH_NONE;COLLECTION_MATCH_NONE
2868117664,50c9509d-22c7-4a22-a47d-8c48425ef4a7,https://www.inaturalist.org/observations/59934516,Animalia,Chordata,Reptilia,Squamata,Viperidae,Crotalus,Crotalus triseriatus,,SPECIES,"Crotalus triseriatus Wagler, 1830",Crotalus triseriatus,,MX,,Distrito Federal,PRESENT,,28eb1a3f-1c15-4a95-931a-4af90ecb574d,19.208657,-99.23281,15,,,,,,2020-09-17T20:51:00,17,9,2020,2444358,2444358,HUMAN_OBSERVATION,iNaturalist,Observations,59934516,,pablomulticinctus,,CC_BY_NC_4_0,luisvictoria,luisvictoria,,,2021-01-30T23:50:44.750Z,StillImage,COORDINATE_ROUNDED;GEODETIC_DATUM_ASSUMED_WGS84;INSTITUTION_MATCH_NONE;COLLECTION_MATCH_NONE
2629135323,63ed64cb-90b7-4ecc-b94c-3a0317742379,urn:catalog:ENCB-IPN:ENCB:12103:1325b75d20f93e2d95a37dfa52d86e23,Animalia,Chordata,Reptilia,Squamata,Viperidae,Crotalus,Crotalus triseriatus,,SPECIES,"Crotalus triseriatus Wagler, 1830",Crotalus triseriatus,"(Wagler, 1830)",MX,"Cerro Xitle, Tlalpan",Distrito federal,PRESENT,1,ff90b050-c256-11db-b71b-b8a03c50a862,19.21361,-99.231941,,,0,0,0,0,1983-01-01T00:00:00,,,1983,2444358,2444358,PRESERVED_SPECIMEN,ENCB-IPN,ENCB,12103,,T. Alvarez; J. C. López V.,,CC_BY_4_0,Comisión Nacional para el Conocimiento y Uso de la Biodiversidad (CONABIO),S. T. Alvarez,,,2020-12-15T17:30:45.454Z,,COORDINATE_ROUNDED;RECORDED_DATE_INVALID;TYPE_STATUS_INVALID;OCCURRENCE_STATUS_INFERRED_FROM_INDIVIDUAL_COUNT;INSTITUTION_COLLECTION_MISMATCH;DIFFERENT_OWNER_INSTITUTION
2006056180,50c9509d-22c7-4a22-a47d-8c48425ef4a7,https://www.inaturalist.org/observations/20708970,Animalia,Chordata,Reptilia,Squamata,Viperidae,Crotalus,Crotalus triseriatus,,SPECIES,"Crotalus triseriatus Wagler, 1830",Crotalus triseriatus,,MX,,Distrito Federal,PRESENT,,28eb1a3f-1c15-4a95-931a-4af90ecb574d,19.207571,-99.231064,30580,,,,,,2019-02-23T12:43:00,23,2,2019,2444358,2444358,HUMAN_OBSERVATION,iNaturalist,Observations,20708970,,Miguel A. Chavez Caballero,,CC_BY_NC_4_0,jfpinonr,jfpinonr,,,2021-01-30T23:49:57.900Z,StillImage,COORDINATE_ROUNDED;GEODETIC_DATUM_ASSUMED_WGS84;INSTITUTION_MATCH_NONE;COLLECTION_MATCH_NONE
1894889080,7fdb69da-f762-11e1-a439-00145eb45e9a,urn:catalog:IBUNAM:CNAR:9999:d8bf154ead3bb7500227cdaa70b79e13,Animalia,Chordata,Reptilia,Squamata,Viperidae,Crotalus,Crotalus triseriatus,,SPECIES,"Crotalus triseriatus Wagler, 1830",Crotalus triseriatus subsp. triseriatus,"(Wagler, 1830)",MX,TRES CUMBRES,Morelos,PRESENT,,ff90b050-c256-11db-b71b-b8a03c50a862,19.054444,-99.230833,,,0,0,0,0,1936-01-01T00:00:00,,,1936,2444358,2444358,PRESERVED_SPECIMEN,IBUNAM,CNAR,9999,,NO DISPONIBLE,,CC_BY_4_0,Comisión Nacional para el Conocimiento y Uso de la Biodiversidad (CONABIO),NO DISPONIBLE,,,2021-01-22T17:17:21.547Z,,COORDINATE_ROUNDED;GEODETIC_DATUM_ASSUMED_WGS84;RECORDED_DATE_INVALID;TAXON_MATCH_HIGHERRANK;TYPE_STATUS_INVALID;COLLECTION_MATCH_NONE;DIFFERENT_OWNER_INSTITUTION
1145429425,09c4287e-e6d5-4552-a07f-bff8a00833d8,http://arctos.database.museum/guid/MVZ:Herp:129356?seid=42741,Animalia,Chordata,Reptilia,Squamata,Viperidae,Crotalus,Crotalus triseriatus,,SPECIES,"Crotalus triseriatus Wagler, 1830",Crotalus triseriatus,,MX,1.5-1.8 mi W of Tres Lagunas cutoff on Hwy. 120,Queretaro,PRESENT,1,8edbbde0-055e-11d8-b850-b8a03c50a862,21.3255308,-99.22900162,2816,,,,,,1975-05-04T00:00:00,4,5,1975,2444358,2444358,PRESERVED_SPECIMEN,MVZ,Amphibian and reptile specimens,MVZ:Herp:129356,37,"Museum of Vertebrate Zoology, University of California, Berkeley",1999-01-27T00:00:00,CC0_1_0,,Collector(s): Allen E. Greer,,,2021-01-29T01:10:12.084Z,,COORDINATE_ROUNDED;COORDINATE_REPROJECTED;OCCURRENCE_STATUS_INFERRED_FROM_INDIVIDUAL_COUNT;COLLECTION_MATCH_NONE;INSTITUTION_MATCH_FUZZY
2597822396,50c9509d-22c7-4a22-a47d-8c48425ef4a7,https://www.inaturalist.org/observations/41477427,Animalia,Chordata,Reptilia,Squamata,Viperidae,Crotalus,Crotalus triseriatus,,SPECIES,"Crotalus triseriatus Wagler, 1830",Crotalus triseriatus,,MX,,Distrito Federal,PRESENT,,28eb1a3f-1c15-4a95-931a-4af90ecb574d,19.239239,-99.227877,30580,,,,,,2019-03-17T13:20:00,17,3,2019,2444358,2444358,HUMAN_OBSERVATION,iNaturalist,Observations,41477427,,Mario Castañeda Sánchez,2020-04-07T01:17:26,CC_BY_NC_4_0,Terranauta,Terranauta,,,2021-01-30T23:50:26.011Z,StillImage,COORDINATE_ROUNDED;GEODETIC_DATUM_ASSUMED_WGS84;INSTITUTION_MATCH_NONE;COLLECTION_MATCH_NONE
1586107339,50c9509d-22c7-4a22-a47d-8c48425ef4a7,http://conabio.inaturalist.org/observations/7268808,Animalia,Chordata,Reptilia,Squamata,Viperidae,Crotalus,Crotalus triseriatus,,SPECIES,"Crotalus triseriatus Wagler, 1830",Crotalus triseriatus,,MX,,Distrito Federal,PRESENT,,28eb1a3f-1c15-4a95-931a-4af90ecb574d,19.129362,-99.225619,50,,,,,,2017-07-29T11:37:00,29,7,2017,2444358,2444358,HUMAN_OBSERVATION,iNaturalist,Observations,7268808,,M. Domínguez-Laso,2017-08-07T01:04:41,CC_BY_NC_4_0,jorge_lrc,jorge_lrc,,,2021-01-30T23:51:22.006Z,StillImage,COORDINATE_ROUNDED;GEODETIC_DATUM_ASSUMED_WGS84;INSTITUTION_MATCH_NONE;COLLECTION_MATCH_NONE
1894917845,7feba584-f762-11e1-a439-00145eb45e9a,urn:catalog:NO DISPONIBLE:NO DISPONIBLE:S/N:a72404707e2dd3631e8b49229f8444ef,Animalia,Chordata,Reptilia,Squamata,Viperidae,Crotalus,Crotalus triseriatus,,SPECIES,"Crotalus triseriatus Wagler, 1830",Crotalus triseriatus subsp. triseriatus,"(Wagler, 1830)",MX,"TRES CUMBRES, 3.7 MI N, HWY 95",Distrito federal,PRESENT,1,ff90b050-c256-11db-b71b-b8a03c50a862,19.108333,-99.225,,,0,0,0,0,,,,,2444358,2444358,PRESERVED_SPECIMEN,NO DISPONIBLE,NO DISPONIBLE,S/N,,NO DISPONIBLE,,CC_BY_4_0,Comisión Nacional para el Conocimiento y Uso de la Biodiversidad (CONABIO),NO DISPONIBLE,,,2021-01-22T17:17:30.966Z,,COORDINATE_ROUNDED;GEODETIC_DATUM_ASSUMED_WGS84;RECORDED_DATE_INVALID;TAXON_MATCH_HIGHERRANK;TYPE_STATUS_INVALID;OCCURRENCE_STATUS_INFERRED_FROM_INDIVIDUAL_COUNT;INSTITUTION_MATCH_NONE;COLLECTION_MATCH_NONE
1894917614,7feba584-f762-11e1-a439-00145eb45e9a,urn:catalog:NO DISPONIBLE:NO DISPONIBLE:S/N:7860378765b7e02f8af0de00fe9f958c,Animalia,Chordata,Reptilia,Squamata,Viperidae,Crotalus,Crotalus triseriatus,,SPECIES,"Crotalus triseriatus Wagler, 1830",Crotalus triseriatus subsp. triseriatus,"(Wagler, 1830)",MX,"TRES CUMBRES, 3.7 MI N, HWY 95",Distrito federal,PRESENT,1,ff90b050-c256-11db-b71b-b8a03c50a862,19.108333,-99.225,,,0,0,0,0,,,,,2444358,2444358,PRESERVED_SPECIMEN,NO DISPONIBLE,NO DISPONIBLE,S/N,,NO DISPONIBLE,,CC_BY_4_0,Comisión Nacional para el Conocimiento y Uso de la Biodiversidad (CONABIO),NO DISPONIBLE,,,2021-01-22T17:17:35.563Z,,COORDINATE_ROUNDED;GEODETIC_DATUM_ASSUMED_WGS84;RECORDED_DATE_INVALID;TAXON_MATCH_HIGHERRANK;TYPE_STATUS_INVALID;OCCURRENCE_STATUS_INFERRED_FROM_INDIVIDUAL_COUNT;INSTITUTION_MATCH_NONE;COLLECTION_MATCH_NONE
1894918107,7feba584-f762-11e1-a439-00145eb45e9a,urn:catalog:FC-UNAM:MZFC:52:19b1f8fa7f321d80544f958011ec3a65,Animalia,Chordata,Reptilia,Squamata,Viperidae,Crotalus,Crotalus triseriatus,,SPECIES,"Crotalus triseriatus Wagler, 1830",Crotalus triseriatus subsp. triseriatus,"(Wagler, 1830)",MX,Volcan xitle,Distrito federal,PRESENT,1,ff90b050-c256-11db-b71b-b8a03c50a862,19.225,-99.225,,,0,0,0,0,1975-03-01T00:00:00,1,3,1975,2444358,2444358,PRESERVED_SPECIMEN,FC-UNAM,MZFC,52,,NO DISPONIBLE,,CC_BY_4_0,Comisión Nacional para el Conocimiento y Uso de la Biodiversidad (CONABIO),Guadalupe Téllez Girón,,,2021-01-22T17:17:35.704Z,,GEODETIC_DATUM_ASSUMED_WGS84;TAXON_MATCH_HIGHERRANK;TYPE_STATUS_INVALID;OCCURRENCE_STATUS_INFERRED_FROM_INDIVIDUAL_COUNT;INSTITUTION_MATCH_NONE;COLLECTION_MATCH_NONE
2873892822,50c9509d-22c7-4a22-a47d-8c48425ef4a7,https://www.inaturalist.org/observations/60791150,Animalia,Chordata,Reptilia,Squamata,Viperidae,Crotalus,Crotalus triseriatus,,SPECIES,"Crotalus triseriatus Wagler, 1830",Crotalus triseriatus,,MX,,Distrito Federal,PRESENT,,28eb1a3f-1c15-4a95-931a-4af90ecb574d,19.247585,-99.224307,410,,,,,,2020-06-25T01:35:34,25,6,2020,2444358,2444358,HUMAN_OBSERVATION,iNaturalist,Observations,60791150,,angelt11896,2020-09-26T04:31:45,CC_BY_NC_4_0,angelt11896,angelt11896,,,2021-01-30T23:50:52.086Z,StillImage,COORDINATE_ROUNDED;GEODETIC_DATUM_ASSUMED_WGS84;INSTITUTION_MATCH_NONE;COLLECTION_MATCH_NONE
1895324898,805548f4-f762-11e1-a439-00145eb45e9a,urn:catalog:CIB-UAEM:CARUM:2607:59b1986fbac9e48007d24c483e0a8f24,Animalia,Chordata,Reptilia,Squamata,Viperidae,Crotalus,Crotalus triseriatus,,SPECIES,"Crotalus triseriatus Wagler, 1830",Crotalus triseriatus,"(Wagler, 1830)",MX,"Huitzilac, Fierro del Toro - En loa alrededores del  Volcán Raíces",Morelos,PRESENT,1,ff90b050-c256-11db-b71b-b8a03c50a862,19.02258075,-99.22427135,,,1426,1426,0,0,1998-08-29T00:00:00,29,8,1998,2444358,2444358,PRESERVED_SPECIMEN,CIB-UAEM,CARUM,2607,,CFR,,CC_BY_4_0,Comisión Nacional para el Conocimiento y Uso de la Biodiversidad (CONABIO),RPMR,SYNTYPE,,2021-01-22T17:16:14.273Z,,COORDINATE_ROUNDED;COORDINATE_REPROJECTED;ELEVATION_MIN_MAX_SWAPPED;OCCURRENCE_STATUS_INFERRED_FROM_INDIVIDUAL_COUNT;INSTITUTION_MATCH_NONE;COLLECTION_MATCH_NONE
2802791974,50c9509d-22c7-4a22-a47d-8c48425ef4a7,https://www.inaturalist.org/observations/50722305,Animalia,Chordata,Reptilia,Squamata,Viperidae,Crotalus,Crotalus triseriatus,,SPECIES,"Crotalus triseriatus Wagler, 1830",Crotalus triseriatus,,MX,,Distrito Federal,PRESENT,,28eb1a3f-1c15-4a95-931a-4af90ecb574d,19.246336,-99.223032,65,,,,,,2020-06-14T15:08:39,14,6,2020,2444358,2444358,HUMAN_OBSERVATION,iNaturalist,Observations,50722305,,Osmar Mayoral,2020-06-23T23:46:38,CC_BY_NC_4_0,Osmar Mayoral,Osmar Mayoral,,,2021-01-30T23:50:32.985Z,StillImage,COORDINATE_ROUNDED;GEODETIC_DATUM_ASSUMED_WGS84;INSTITUTION_MATCH_NONE;COLLECTION_MATCH_NONE
45050705,84b4d6e4-f762-11e1-a439-00145eb45e9a,urn:catalog:SDNHM:Herps:43404,Animalia,Chordata,Reptilia,Squamata,Viperidae,Crotalus,Crotalus triseriatus,,SPECIES,"Crotalus triseriatus Wagler, 1830",Crotalus triseriatus triseriatus,,MX,Tres Cumbres; near km 43,Morelos,PRESENT,,8a471700-4ce8-11db-b80e-b8a03c50a862,19.03,-99.22,,,,,,,1956-10-13T00:00:00,13,10,1956,2444358,2444358,PRESERVED_SPECIMEN,SDNHM,Herps,43404,,,,CC0_1_0,,"Taylor, E.",PARATYPE,NATIVE,2021-01-22T17:22:59.010Z,,COORDINATE_REPROJECTED;TAXON_MATCH_HIGHERRANK;INSTITUTION_COLLECTION_MISMATCH
1893326487,dcb23fa1-3f1a-4678-b11d-249787e79cae,urn:catalog:IBUNAM:CNAR:1722:8003dc5049c9717bfecee1c1901d34c3,Animalia,Chordata,Reptilia,Squamata,Viperidae,Crotalus,Crotalus triseriatus,anahuacus,SUBSPECIES,"Crotalus triseriatus anahuacus Harris & Simmons, 1978",Crotalus triseriatus subsp. anahuacus,"Harris & Simmons, 1978",MX,1 km. W. del Crater del Xitle,Distrito federal,PRESENT,1,ff90b050-c256-11db-b71b-b8a03c50a862,19.23,-99.22,,,1500,1500,0,0,1978-02-20T00:00:00,20,2,1978,9101187,2444358,PRESERVED_SPECIMEN,IBUNAM,CNAR,1722,,NO DISPONIBLE,,CC_BY_4_0,Comisión Nacional para el Conocimiento y Uso de la Biodiversidad (CONABIO),Alfredo Vázquez V.,,,2021-01-22T17:03:02.132Z,,GEODETIC_DATUM_ASSUMED_WGS84;ELEVATION_MIN_MAX_SWAPPED;TYPE_STATUS_INVALID;OCCURRENCE_STATUS_INFERRED_FROM_INDIVIDUAL_COUNT;COLLECTION_MATCH_NONE;DIFFERENT_OWNER_INSTITUTION
1453319136,50c9509d-22c7-4a22-a47d-8c48425ef4a7,http://conabio.inaturalist.org/observations/4869345,Animalia,Chordata,Reptilia,Squamata,Viperidae,Crotalus,Crotalus triseriatus,,SPECIES,"Crotalus triseriatus Wagler, 1830",Crotalus triseriatus,,MX,,Distrito Federal,PRESENT,,28eb1a3f-1c15-4a95-931a-4af90ecb574d,19.179109,-99.218324,,,,,,,2016-12-30T10:48:00,30,12,2016,2444358,2444358,HUMAN_OBSERVATION,iNaturalist,Observations,4869345,,Mario Castañeda Sánchez,2016-12-30T19:34:18,CC_BY_NC_4_0,Mario Castañeda Sánchez,Mario Castañeda Sánchez,,,2021-01-30T23:49:31.961Z,StillImage,GEODETIC_DATUM_ASSUMED_WGS84;INSTITUTION_MATCH_NONE;COLLECTION_MATCH_NONE
3008387657,50c9509d-22c7-4a22-a47d-8c48425ef4a7,https://www.inaturalist.org/observations/66764777,Animalia,Chordata,Reptilia,Squamata,Viperidae,Crotalus,Crotalus triseriatus,,SPECIES,"Crotalus triseriatus Wagler, 1830",Crotalus triseriatus,,MX,,Distrito Federal,PRESENT,,28eb1a3f-1c15-4a95-931a-4af90ecb574d,19.098916,-99.216513,122,,,,,,2020-10-20T17:03:00,20,10,2020,2444358,2444358,HUMAN_OBSERVATION,iNaturalist,Observations,66764777,,irvingrojas145,2020-12-19T05:07:33,CC_BY_NC_4_0,irvingrojas145,irvingrojas145,,,2021-01-30T23:52:41.796Z,StillImage,COORDINATE_ROUNDED;GEODETIC_DATUM_ASSUMED_WGS84;INSTITUTION_MATCH_NONE;COLLECTION_MATCH_NONE
2251934235,50c9509d-22c7-4a22-a47d-8c48425ef4a7,https://www.inaturalist.org/observations/25918887,Animalia,Chordata,Reptilia,Squamata,Viperidae,Crotalus,Crotalus triseriatus,,SPECIES,"Crotalus triseriatus Wagler, 1830",Crotalus triseriatus,,MX,,Morelos,PRESENT,,28eb1a3f-1c15-4a95-931a-4af90ecb574d,19.087478,-99.215921,8,,,,,,2019-05-26T17:22:00,26,5,2019,2444358,2444358,HUMAN_OBSERVATION,iNaturalist,Observations,25918887,,bobbyfingers,2019-05-28T01:47:13,CC_BY_NC_4_0,Alfonsina Hernández Cardona,Alfonsina Hernández Cardona,,,2021-01-30T23:50:05.057Z,StillImage,COORDINATE_ROUNDED;GEODETIC_DATUM_ASSUMED_WGS84;INSTITUTION_MATCH_NONE;COLLECTION_MATCH_NONE
2626515792,50c9509d-22c7-4a22-a47d-8c48425ef4a7,https://www.inaturalist.org/observations/46424446,Animalia,Chordata,Reptilia,Squamata,Viperidae,Crotalus,Crotalus triseriatus,,SPECIES,"Crotalus triseriatus Wagler, 1830",Crotalus triseriatus,,MX,,Distrito Federal,PRESENT,,28eb1a3f-1c15-4a95-931a-4af90ecb574d,19.193519,-99.213317,61,,,,,,2020-05-16T19:40:00,16,5,2020,2444358,2444358,HUMAN_OBSERVATION,iNaturalist,Observations,46424446,,Mario Castañeda Sánchez,2020-05-18T22:00:18,CC_BY_NC_4_0,Mario Castañeda Sánchez,Mario Castañeda Sánchez,,,2021-01-30T23:50:34.641Z,StillImage,COORDINATE_ROUNDED;GEODETIC_DATUM_ASSUMED_WGS84;INSTITUTION_MATCH_NONE;COLLECTION_MATCH_NONE
1894112304,80d6e8c8-f762-11e1-a439-00145eb45e9a,urn:catalog:NHM:LACM:106778-106779:e3e35a6f73b02caa92c4c542a57a9eb9,Animalia,Chordata,Reptilia,Squamata,Viperidae,Crotalus,Crotalus triseriatus,,SPECIES,"Crotalus triseriatus Wagler, 1830",Crotalus triseriatus,"(Wagler, 1830)",MX,10.8 MI (BY HWY 120) SW ANAHUACATLAN,Queretaro,PRESENT,2,ff90b050-c256-11db-b71b-b8a03c50a862,21.273056,-99.210556,,,0,0,0,0,,,,,2444358,2444358,PRESERVED_SPECIMEN,NHM,LACM,106778-106779,,NO DISPONIBLE,,CC_BY_4_0,Comisión Nacional para el Conocimiento y Uso de la Biodiversidad (CONABIO),NO DISPONIBLE,,,2021-01-22T17:15:51.671Z,,COORDINATE_ROUNDED;GEODETIC_DATUM_ASSUMED_WGS84;RECORDED_DATE_INVALID;TYPE_STATUS_INVALID;OCCURRENCE_STATUS_INFERRED_FROM_INDIVIDUAL_COUNT;INSTITUTION_COLLECTION_MISMATCH;DIFFERENT_OWNER_INSTITUTION
476664670,4bfac3ea-8763-4f4b-a71a-76a6f5f243d3,MCZ:Herp:R-33681,Animalia,Chordata,Reptilia,Squamata,Viperidae,Crotalus,Crotalus triseriatus,,SPECIES,"Crotalus triseriatus Wagler, 1830","Crotalus triseriatus (Wagler, 1830)","(Wagler, 1830)",MX,Valley of Mexico,,PRESENT,1,b4640710-8e03-11d8-b956-b8a03c50a862,19.72060411,-99.21010643,,,,,,,1930-05-01T00:00:00,1,5,1930,2444358,2444358,PRESERVED_SPECIMEN,MCZ,Herp,R-33681,,Catalog,,CC_BY_NC_4_0,President and Fellows of Harvard College,"Wilmot W. Brown, Jr.",HOLOTYPE,,2021-01-27T22:28:28.059Z,,COORDINATE_REPROJECTED;OCCURRENCE_STATUS_INFERRED_FROM_INDIVIDUAL_COUNT;INSTITUTION_COLLECTION_MISMATCH;DIFFERENT_OWNER_INSTITUTION
1894917929,7feba584-f762-11e1-a439-00145eb45e9a,urn:catalog:UMMZ:UMMZ:101562-563:c28e06b2f3cfb24b51c86b237e4e7b51,Animalia,Chordata,Reptilia,Squamata,Viperidae,Crotalus,Crotalus triseriatus,,SPECIES,"Crotalus triseriatus Wagler, 1830",Crotalus triseriatus subsp. triseriatus,"(Wagler, 1830)",MX,"CIMA, LA",Distrito federal,PRESENT,2,ff90b050-c256-11db-b71b-b8a03c50a862,19.125,-99.208333,,,0,0,0,0,,,,,2444358,2444358,PRESERVED_SPECIMEN,UMMZ,UMMZ,101562-563,,NO DISPONIBLE,,CC_BY_4_0,Comisión Nacional para el Conocimiento y Uso de la Biodiversidad (CONABIO),NO DISPONIBLE,,,2021-01-22T17:17:37.640Z,,COORDINATE_ROUNDED;GEODETIC_DATUM_ASSUMED_WGS84;RECORDED_DATE_INVALID;TAXON_MATCH_HIGHERRANK;TYPE_STATUS_INVALID;OCCURRENCE_STATUS_INFERRED_FROM_INDIVIDUAL_COUNT;INSTITUTION_MATCH_FUZZY;COLLECTION_MATCH_FUZZY
1894950148,7feba584-f762-11e1-a439-00145eb45e9a,urn:catalog:AMNH:AMNH:19845:e2def24ff11ea7072c73d2447c571d75,Animalia,Chordata,Reptilia,Squamata,Viperidae,Crotalus,Crotalus triseriatus,,SPECIES,"Crotalus triseriatus Wagler, 1830",Crotalus triseriatus,"(Wagler, 1830)",MX,"AJUSCO, 6 MI N",Distrito federal,PRESENT,1,ff90b050-c256-11db-b71b-b8a03c50a862,19.275,-99.208333,,,0,0,0,0,,,,,2444358,2444358,PRESERVED_SPECIMEN,AMNH,AMNH,19845,,NO DISPONIBLE,,CC_BY_4_0,Comisión Nacional para el Conocimiento y Uso de la Biodiversidad (CONABIO),NO DISPONIBLE,,,2021-01-22T17:17:30.351Z,,COORDINATE_ROUNDED;GEODETIC_DATUM_ASSUMED_WGS84;RECORDED_DATE_INVALID;TYPE_STATUS_INVALID;OCCURRENCE_STATUS_INFERRED_FROM_INDIVIDUAL_COUNT;AMBIGUOUS_COLLECTION;INSTITUTION_MATCH_FUZZY
1894950018,7feba584-f762-11e1-a439-00145eb45e9a,urn:catalog:NM-CAS:CASM:6986-987:19c229a2662276ce5684993144abb5bb,Animalia,Chordata,Reptilia,Squamata,Viperidae,Crotalus,Crotalus triseriatus,,SPECIES,"Crotalus triseriatus Wagler, 1830",Crotalus triseriatus,"(Wagler, 1830)",MX,"COYOACAN, LAVA BEDS",Distrito federal,PRESENT,2,ff90b050-c256-11db-b71b-b8a03c50a862,19.358333,-99.208333,,,0,0,0,0,,,,,2444358,2444358,PRESERVED_SPECIMEN,NM-CAS,CASM,6986-987,,NO DISPONIBLE,,CC_BY_4_0,Comisión Nacional para el Conocimiento y Uso de la Biodiversidad (CONABIO),NO DISPONIBLE,,,2021-01-22T17:17:32.976Z,,COORDINATE_ROUNDED;GEODETIC_DATUM_ASSUMED_WGS84;RECORDED_DATE_INVALID;TYPE_STATUS_INVALID;OCCURRENCE_STATUS_INFERRED_FROM_INDIVIDUAL_COUNT;INSTITUTION_MATCH_NONE;COLLECTION_MATCH_FUZZY
1894950017,7feba584-f762-11e1-a439-00145eb45e9a,urn:catalog:AMNH:AMNH:64604:462568293d91fdb8061fbc504ee2b978,Animalia,Chordata,Reptilia,Squamata,Viperidae,Crotalus,Crotalus triseriatus,,SPECIES,"Crotalus triseriatus Wagler, 1830",Crotalus triseriatus,"(Wagler, 1830)",MX,Jacala,Hidalgo,PRESENT,1,ff90b050-c256-11db-b71b-b8a03c50a862,21.025,-99.208333,,,1333,1333,0,0,,,,,2444358,2444358,PRESERVED_SPECIMEN,AMNH,AMNH,64604,,NO DISPONIBLE,,CC_BY_4_0,Comisión Nacional para el Conocimiento y Uso de la Biodiversidad (CONABIO),NO DISPONIBLE,,,2021-01-22T17:17:30.315Z,,COORDINATE_ROUNDED;GEODETIC_DATUM_ASSUMED_WGS84;RECORDED_DATE_INVALID;ELEVATION_MIN_MAX_SWAPPED;TYPE_STATUS_INVALID;OCCURRENCE_STATUS_INFERRED_FROM_INDIVIDUAL_COUNT;AMBIGUOUS_COLLECTION;INSTITUTION_MATCH_FUZZY
2611184003,50c9509d-22c7-4a22-a47d-8c48425ef4a7,https://www.inaturalist.org/observations/44271831,Animalia,Chordata,Reptilia,Squamata,Viperidae,Crotalus,Crotalus triseriatus,,SPECIES,"Crotalus triseriatus Wagler, 1830",Crotalus triseriatus,,MX,,Distrito Federal,PRESENT,,28eb1a3f-1c15-4a95-931a-4af90ecb574d,19.18535,-99.206937,236,,,,,,2020-04-19T12:20:00,19,4,2020,2444358,2444358,HUMAN_OBSERVATION,iNaturalist,Observations,44271831,,Mario Castañeda Sánchez,2020-04-29T17:22:40,CC_BY_NC_4_0,Mario Castañeda Sánchez,Mario Castañeda Sánchez,,,2021-01-30T23:52:11.480Z,StillImage,COORDINATE_ROUNDED;GEODETIC_DATUM_ASSUMED_WGS84;INSTITUTION_MATCH_NONE;COLLECTION_MATCH_NONE
1586107323,50c9509d-22c7-4a22-a47d-8c48425ef4a7,http://conabio.inaturalist.org/observations/7268699,Animalia,Chordata,Reptilia,Squamata,Viperidae,Crotalus,Crotalus triseriatus,,SPECIES,"Crotalus triseriatus Wagler, 1830",Crotalus triseriatus,,MX,,Morelos,PRESENT,,28eb1a3f-1c15-4a95-931a-4af90ecb574d,19.0738,-99.203,15,,,,,,2017-06-25T10:57:00,25,6,2017,2444358,2444358,HUMAN_OBSERVATION,iNaturalist,Observations,7268699,,jorge_lrc,2017-07-29T23:20:29,CC_BY_NC_4_0,jorge_lrc,jorge_lrc,,,2021-01-30T23:51:17.472Z,StillImage,GEODETIC_DATUM_ASSUMED_WGS84;INSTITUTION_MATCH_NONE;COLLECTION_MATCH_NONE
1088893971,50c9509d-22c7-4a22-a47d-8c48425ef4a7,http://conabio.inaturalist.org/observations/836356,Animalia,Chordata,Reptilia,Squamata,Viperidae,Crotalus,Crotalus triseriatus,,SPECIES,"Crotalus triseriatus Wagler, 1830",Crotalus triseriatus,,MX,,Distrito Federal,PRESENT,,28eb1a3f-1c15-4a95-931a-4af90ecb574d,19.254027,-99.202949,327,,,,,,2002-06-14T00:00:00,14,6,2002,2444358,2444358,HUMAN_OBSERVATION,iNaturalist,Observations,836356,,nauhyacacoatl,2014-08-18T15:24:49,CC_BY_NC_4_0,nauhyacacoatl,nauhyacacoatl,,,2021-01-30T23:51:11.680Z,StillImage,GEODETIC_DATUM_ASSUMED_WGS84;INSTITUTION_MATCH_NONE;COLLECTION_MATCH_NONE
1894112383,80d6e8c8-f762-11e1-a439-00145eb45e9a,urn:catalog:UTA:UTA:18341:e43659aa7323494891e0d1fd2cf23b58,Animalia,Chordata,Reptilia,Squamata,Viperidae,Crotalus,Crotalus triseriatus,,SPECIES,"Crotalus triseriatus Wagler, 1830",Crotalus triseriatus,"(Wagler, 1830)",MX,5.6 KM W EL LOBO,Queretaro,PRESENT,1,ff90b050-c256-11db-b71b-b8a03c50a862,21.288611,-99.200556,,,0,0,0,0,1976-08-26T00:00:00,26,8,1976,2444358,2444358,PRESERVED_SPECIMEN,UTA,UTA,18341,,NO DISPONIBLE,,CC_BY_4_0,Comisión Nacional para el Conocimiento y Uso de la Biodiversidad (CONABIO),J. R. McCRANIE; L. W. PORRAS,,,2021-01-22T17:15:52.039Z,,COORDINATE_ROUNDED;GEODETIC_DATUM_ASSUMED_WGS84;TYPE_STATUS_INVALID;OCCURRENCE_STATUS_INFERRED_FROM_INDIVIDUAL_COUNT;COLLECTION_MATCH_FUZZY;DIFFERENT_OWNER_INSTITUTION
2518124643,50c9509d-22c7-4a22-a47d-8c48425ef4a7,https://www.inaturalist.org/observations/36399459,Animalia,Chordata,Reptilia,Squamata,Viperidae,Crotalus,Crotalus triseriatus,,SPECIES,"Crotalus triseriatus Wagler, 1830",Crotalus triseriatus,,MX,,Distrito Federal,PRESENT,,28eb1a3f-1c15-4a95-931a-4af90ecb574d,19.142696,-99.200553,1684,,,,,,2019-11-20T14:33:05,20,11,2019,2444358,2444358,HUMAN_OBSERVATION,iNaturalist,Observations,36399459,,Michael Price,2019-12-06T23:06:07,CC_BY_NC_4_0,AJ Johnson,AJ Johnson,,,2021-01-30T23:50:15.405Z,StillImage,COORDINATE_ROUNDED;GEODETIC_DATUM_ASSUMED_WGS84;INSTITUTION_MATCH_NONE;COLLECTION_MATCH_NONE
891115072,50c9509d-22c7-4a22-a47d-8c48425ef4a7,http://www.inaturalist.org/observations/170632,Animalia,Chordata,Reptilia,Squamata,Viperidae,Crotalus,Crotalus triseriatus,,SPECIES,"Crotalus triseriatus Wagler, 1830",Crotalus triseriatus,,MX,,Morelos,PRESENT,,28eb1a3f-1c15-4a95-931a-4af90ecb574d,19.089085,-99.200038,,,,,,,2006-09-16T00:00:00,16,9,2006,2444358,2444358,HUMAN_OBSERVATION,iNaturalist,Observations,170632,,Carlos Galindo-Leal,2013-01-01T21:57:21,CC_BY_NC_4_0,Carlos Galindo-Leal,Carlos Galindo-Leal,,,2021-01-30T23:49:16.142Z,StillImage,COORDINATE_ROUNDED;GEODETIC_DATUM_ASSUMED_WGS84;INSTITUTION_MATCH_NONE;COLLECTION_MATCH_NONE
2629126700,63ed64cb-90b7-4ecc-b94c-3a0317742379,urn:catalog:ENCB-IPN:ENCB:4326:bd0dd3d8dcf65f9884fdf9cb756a302f,Animalia,Chordata,Reptilia,Squamata,Viperidae,Crotalus,Crotalus triseriatus,,SPECIES,"Crotalus triseriatus Wagler, 1830",Crotalus triseriatus,"(Wagler, 1830)",MX,CONTRERAS,Distrito federal,PRESENT,1,ff90b050-c256-11db-b71b-b8a03c50a862,19.323334,-99.196945,,,1200,1200,0,0,,,,,2444358,2444358,PRESERVED_SPECIMEN,ENCB-IPN,ENCB,4326,,T. ALVAREZ,,CC_BY_4_0,Comisión Nacional para el Conocimiento y Uso de la Biodiversidad (CONABIO),NO DISPONIBLE,,,2020-12-15T17:21:09.894Z,,COORDINATE_ROUNDED;RECORDED_DATE_INVALID;ELEVATION_MIN_MAX_SWAPPED;TYPE_STATUS_INVALID;OCCURRENCE_STATUS_INFERRED_FROM_INDIVIDUAL_COUNT;INSTITUTION_COLLECTION_MISMATCH;DIFFERENT_OWNER_INSTITUTION
2629119016,63ed64cb-90b7-4ecc-b94c-3a0317742379,urn:catalog:ENCB-IPN:ENCB:1661:fa59e27612320f49275667fa96cc04e2,Animalia,Chordata,Reptilia,Squamata,Viperidae,Crotalus,Crotalus triseriatus,,SPECIES,"Crotalus triseriatus Wagler, 1830",Crotalus triseriatus,"(Wagler, 1830)",MX,2.5 km W Parres,Distrito federal,PRESENT,1,ff90b050-c256-11db-b71b-b8a03c50a862,19.1369,-99.196197,,,1450,1450,0,0,1965-08-29T00:00:00,29,8,1965,2444358,2444358,PRESERVED_SPECIMEN,ENCB-IPN,ENCB,1661,,T. Alvarez; J. C. López V.,,CC_BY_4_0,Comisión Nacional para el Conocimiento y Uso de la Biodiversidad (CONABIO),E. Martín F.,,,2020-12-15T17:11:48.880Z,,COORDINATE_ROUNDED;ELEVATION_MIN_MAX_SWAPPED;TYPE_STATUS_INVALID;OCCURRENCE_STATUS_INFERRED_FROM_INDIVIDUAL_COUNT;INSTITUTION_COLLECTION_MISMATCH;DIFFERENT_OWNER_INSTITUTION
2629138299,63ed64cb-90b7-4ecc-b94c-3a0317742379,urn:catalog:ENCB-IPN:ENCB:1399:42c157de42a365242665879c91badd71,Animalia,Chordata,Reptilia,Squamata,Viperidae,Crotalus,Crotalus triseriatus,,SPECIES,"Crotalus triseriatus Wagler, 1830",Crotalus triseriatus subsp. triseriatus,"(Wagler, 1830)",MX,"2.5 km S, 2 km W Parres",Distrito federal,PRESENT,1,ff90b050-c256-11db-b71b-b8a03c50a862,19.110834,-99.193054,,,1450,1450,0,0,1965-05-05T00:00:00,5,5,1965,2444358,2444358,PRESERVED_SPECIMEN,ENCB-IPN,ENCB,1399,,T. ALVAREZ,,CC_BY_4_0,Comisión Nacional para el Conocimiento y Uso de la Biodiversidad (CONABIO),T. ALVAREZ,,,2020-12-15T17:33:55.367Z,,COORDINATE_ROUNDED;TAXON_MATCH_HIGHERRANK;ELEVATION_MIN_MAX_SWAPPED;TYPE_STATUS_INVALID;OCCURRENCE_STATUS_INFERRED_FROM_INDIVIDUAL_COUNT;INSTITUTION_COLLECTION_MISMATCH;DIFFERENT_OWNER_INSTITUTION
2629122438,63ed64cb-90b7-4ecc-b94c-3a0317742379,urn:catalog:ENCB-IPN:ENCB:1498:cd015cccd8f7f7925c7cd3a6a9c457a2,Animalia,Chordata,Reptilia,Squamata,Viperidae,Crotalus,Crotalus triseriatus,,SPECIES,"Crotalus triseriatus Wagler, 1830",Crotalus triseriatus,"(Wagler, 1830)",MX,"2.5 km S, 2 km W Parres",Distrito federal,PRESENT,1,ff90b050-c256-11db-b71b-b8a03c50a862,19.110834,-99.193054,,,1450,1450,0,0,1965-06-12T00:00:00,12,6,1965,2444358,2444358,PRESERVED_SPECIMEN,ENCB-IPN,ENCB,1498,,T. Alvarez; J. C. López V.,,CC_BY_4_0,Comisión Nacional para el Conocimiento y Uso de la Biodiversidad (CONABIO),T. Álvarez; E. Arrington,,,2020-12-15T17:15:43.129Z,,COORDINATE_ROUNDED;ELEVATION_MIN_MAX_SWAPPED;TYPE_STATUS_INVALID;OCCURRENCE_STATUS_INFERRED_FROM_INDIVIDUAL_COUNT;INSTITUTION_COLLECTION_MISMATCH;DIFFERENT_OWNER_INSTITUTION
1894888995,7fdb69da-f762-11e1-a439-00145eb45e9a,urn:catalog:ENCB-IPN:ENCB:6364:6681d8a2178e4c5ff7a11bdda12fb4e8,Animalia,Chordata,Reptilia,Squamata,Viperidae,Crotalus,Crotalus triseriatus,,SPECIES,"Crotalus triseriatus Wagler, 1830",Crotalus triseriatus subsp. triseriatus,"(Wagler, 1830)",MX,"2.5 Km. S, 2 Km. E Parres",Distrito federal,PRESENT,,ff90b050-c256-11db-b71b-b8a03c50a862,19.111667,-99.19,,,1450,1450,0,0,1970-10-11T00:00:00,11,10,1970,2444358,2444358,PRESERVED_SPECIMEN,ENCB-IPN,ENCB,6364,,NO DISPONIBLE,,CC_BY_4_0,Comisión Nacional para el Conocimiento y Uso de la Biodiversidad (CONABIO),J. García,,,2021-01-22T17:17:21.814Z,,COORDINATE_ROUNDED;GEODETIC_DATUM_ASSUMED_WGS84;TAXON_MATCH_HIGHERRANK;ELEVATION_MIN_MAX_SWAPPED;TYPE_STATUS_INVALID;INSTITUTION_COLLECTION_MISMATCH;DIFFERENT_OWNER_INSTITUTION
1807300381,50c9509d-22c7-4a22-a47d-8c48425ef4a7,https://www.inaturalist.org/observations/9709935,Animalia,Chordata,Reptilia,Squamata,Viperidae,Crotalus,Crotalus triseriatus,,SPECIES,"Crotalus triseriatus Wagler, 1830",Crotalus triseriatus,,MX,,Morelos,PRESENT,,28eb1a3f-1c15-4a95-931a-4af90ecb574d,19.086633,-99.181118,15,,,,,,2012-02-16T00:00:00,16,2,2012,2444358,2444358,HUMAN_OBSERVATION,iNaturalist,Observations,9709935,,Jaime Marcelo Aranda Sánchez,2018-02-02T22:53:22,CC_BY_NC_4_0,Jaime Marcelo Aranda Sánchez,Jaime Marcelo Aranda Sánchez,,,2021-01-30T23:51:22.784Z,StillImage,GEODETIC_DATUM_ASSUMED_WGS84;INSTITUTION_MATCH_NONE;COLLECTION_MATCH_NONE
1807300572,50c9509d-22c7-4a22-a47d-8c48425ef4a7,https://www.inaturalist.org/observations/9709966,Animalia,Chordata,Reptilia,Squamata,Viperidae,Crotalus,Crotalus triseriatus,,SPECIES,"Crotalus triseriatus Wagler, 1830",Crotalus triseriatus,,MX,,Morelos,PRESENT,,28eb1a3f-1c15-4a95-931a-4af90ecb574d,19.087252,-99.178723,62,,,,,,2012-02-17T00:00:00,17,2,2012,2444358,2444358,HUMAN_OBSERVATION,iNaturalist,Observations,9709966,,Jaime Marcelo Aranda Sánchez,2018-02-02T22:55:40,CC_BY_NC_4_0,Jaime Marcelo Aranda Sánchez,Jaime Marcelo Aranda Sánchez,,,2021-01-30T23:51:16.251Z,StillImage,GEODETIC_DATUM_ASSUMED_WGS84;INSTITUTION_MATCH_NONE;COLLECTION_MATCH_NONE
1894112359,80d6e8c8-f762-11e1-a439-00145eb45e9a,urn:catalog:FC-UNAM:MZFC:9308:4ec35eedf91c758655b5d180ef1d8636,Animalia,Chordata,Reptilia,Squamata,Viperidae,Crotalus,Crotalus triseriatus,,SPECIES,"Crotalus triseriatus Wagler, 1830",Crotalus triseriatus,"(Wagler, 1830)",MX,"APROX. 2.5 KM NE EL MADROÑO, POR CARRETERA A VALLE DE GUADALUPE",Queretaro,PRESENT,1,ff90b050-c256-11db-b71b-b8a03c50a862,21.286111,-99.178611,,,1064.5,1064.5,0,0,1996-06-23T00:00:00,23,6,1996,2444358,2444358,PRESERVED_SPECIMEN,FC-UNAM,MZFC,9308,,ADRIAN NIETO MONTES DE OCA; EDMUNDO PEREZ RAMOS,,CC_BY_4_0,Comisión Nacional para el Conocimiento y Uso de la Biodiversidad (CONABIO),Ricardo Reyes Avila,,,2021-01-22T17:15:52.109Z,,COORDINATE_ROUNDED;GEODETIC_DATUM_ASSUMED_WGS84;ELEVATION_MIN_MAX_SWAPPED;TYPE_STATUS_INVALID;OCCURRENCE_STATUS_INFERRED_FROM_INDIVIDUAL_COUNT;INSTITUTION_MATCH_NONE;COLLECTION_MATCH_NONE
1894112320,80d6e8c8-f762-11e1-a439-00145eb45e9a,urn:catalog:FC-UNAM:MZFC:9307:734bf8c2fd3265dfdd065fe00d7a07a9,Animalia,Chordata,Reptilia,Squamata,Viperidae,Crotalus,Crotalus triseriatus,,SPECIES,"Crotalus triseriatus Wagler, 1830",Crotalus triseriatus,"(Wagler, 1830)",MX,"APROX. 2.5 KM NE EL MADROÑO, POR CARRETERA A VALLE DE GUADALUPE",Queretaro,PRESENT,1,ff90b050-c256-11db-b71b-b8a03c50a862,21.286111,-99.178611,,,1064.5,1064.5,0,0,1996-06-23T00:00:00,23,6,1996,2444358,2444358,PRESERVED_SPECIMEN,FC-UNAM,MZFC,9307,,ADRIAN NIETO MONTES DE OCA; EDMUNDO PEREZ RAMOS,,CC_BY_4_0,Comisión Nacional para el Conocimiento y Uso de la Biodiversidad (CONABIO),Ricardo Reyes Avila,,,2021-01-22T17:15:51.682Z,,COORDINATE_ROUNDED;GEODETIC_DATUM_ASSUMED_WGS84;ELEVATION_MIN_MAX_SWAPPED;TYPE_STATUS_INVALID;OCCURRENCE_STATUS_INFERRED_FROM_INDIVIDUAL_COUNT;INSTITUTION_MATCH_NONE;COLLECTION_MATCH_NONE
1699381576,50c9509d-22c7-4a22-a47d-8c48425ef4a7,https://www.inaturalist.org/observations/8611807,Animalia,Chordata,Reptilia,Squamata,Viperidae,Crotalus,Crotalus triseriatus,,SPECIES,"Crotalus triseriatus Wagler, 1830",Crotalus triseriatus,,MX,,Distrito Federal,PRESENT,,28eb1a3f-1c15-4a95-931a-4af90ecb574d,19.143101,-99.177403,61,,,,,,2017-10-29T10:35:00,29,10,2017,2444358,2444358,HUMAN_OBSERVATION,iNaturalist,Observations,8611807,,inhszcm,2017-11-01T04:41:42,CC_BY_NC_4_0,antoniolp,antoniolp,,,2021-01-30T23:49:40.508Z,StillImage,COORDINATE_ROUNDED;GEODETIC_DATUM_ASSUMED_WGS84;INSTITUTION_MATCH_NONE;COLLECTION_MATCH_NONE
2429522458,50c9509d-22c7-4a22-a47d-8c48425ef4a7,https://www.inaturalist.org/observations/34124573,Animalia,Chordata,Reptilia,Squamata,Viperidae,Crotalus,Crotalus triseriatus,,SPECIES,"Crotalus triseriatus Wagler, 1830",Crotalus triseriatus,,MX,,Distrito Federal,PRESENT,,28eb1a3f-1c15-4a95-931a-4af90ecb574d,19.149471,-99.177335,31,,,,,,2019-08-10T12:41:00,10,8,2019,2444358,2444358,HUMAN_OBSERVATION,iNaturalist,Observations,34124573,,gorrion_pntepozteco,2019-10-09T18:06:05,CC_BY_NC_4_0,gorrion_pntepozteco,gorrion_pntepozteco,,,2021-01-30T23:51:59.918Z,StillImage,COORDINATE_ROUNDED;GEODETIC_DATUM_ASSUMED_WGS84;INSTITUTION_MATCH_NONE;COLLECTION_MATCH_NONE
1890048580,50c9509d-22c7-4a22-a47d-8c48425ef4a7,https://www.inaturalist.org/observations/14819686,Animalia,Chordata,Reptilia,Squamata,Viperidae,Crotalus,Crotalus triseriatus,,SPECIES,"Crotalus triseriatus Wagler, 1830",Crotalus triseriatus,,MX,,Distrito Federal,PRESENT,,28eb1a3f-1c15-4a95-931a-4af90ecb574d,19.135948,-99.176754,1012,,,,,,2018-06-12T13:05:00,12,6,2018,2444358,2444358,HUMAN_OBSERVATION,iNaturalist,Observations,14819686,,Rebeca Zacarías Castillo,2018-07-28T06:33:51,CC_BY_NC_4_0,Rebeca Zacarías Castillo,Rebeca Zacarías Castillo,,,2021-01-30T23:49:50.025Z,StillImage,COORDINATE_ROUNDED;GEODETIC_DATUM_ASSUMED_WGS84;INSTITUTION_MATCH_NONE;COLLECTION_MATCH_NONE
1890048478,50c9509d-22c7-4a22-a47d-8c48425ef4a7,https://www.inaturalist.org/observations/14819685,Animalia,Chordata,Reptilia,Squamata,Viperidae,Crotalus,Crotalus triseriatus,,SPECIES,"Crotalus triseriatus Wagler, 1830",Crotalus triseriatus,,MX,,Distrito Federal,PRESENT,,28eb1a3f-1c15-4a95-931a-4af90ecb574d,19.135948,-99.176754,1012,,,,,,2018-06-12T13:06:00,12,6,2018,2444358,2444358,HUMAN_OBSERVATION,iNaturalist,Observations,14819685,,Rebeca Zacarías Castillo,2018-07-28T06:33:51,CC_BY_NC_4_0,Rebeca Zacarías Castillo,Rebeca Zacarías Castillo,,,2021-01-30T23:49:50.629Z,StillImage,COORDINATE_ROUNDED;GEODETIC_DATUM_ASSUMED_WGS84;INSTITUTION_MATCH_NONE;COLLECTION_MATCH_NONE
1894112335,80d6e8c8-f762-11e1-a439-00145eb45e9a,urn:catalog:NHM:LACM:109770:1c346d76c657af1e760ac1cf43075fdc,Animalia,Chordata,Reptilia,Squamata,Viperidae,Crotalus,Crotalus triseriatus,,SPECIES,"Crotalus triseriatus Wagler, 1830",Crotalus triseriatus,"(Wagler, 1830)",MX,"EL MADROÑO AREA, 3.5 MI W (RD) EL LOBO",Queretaro,PRESENT,1,ff90b050-c256-11db-b71b-b8a03c50a862,21.286667,-99.175833,,,0,0,0,0,,,,,2444358,2444358,PRESERVED_SPECIMEN,NHM,LACM,109770,,NO DISPONIBLE,,CC_BY_4_0,Comisión Nacional para el Conocimiento y Uso de la Biodiversidad (CONABIO),NO DISPONIBLE,,,2021-01-22T17:15:51.862Z,,COORDINATE_ROUNDED;GEODETIC_DATUM_ASSUMED_WGS84;RECORDED_DATE_INVALID;TYPE_STATUS_INVALID;OCCURRENCE_STATUS_INFERRED_FROM_INDIVIDUAL_COUNT;INSTITUTION_COLLECTION_MISMATCH;DIFFERENT_OWNER_INSTITUTION
1894112313,80d6e8c8-f762-11e1-a439-00145eb45e9a,urn:catalog:FC-UNAM:MZFC:9309:25681ee79d0a6d0f8a70aa7eee56d627,Animalia,Chordata,Reptilia,Squamata,Viperidae,Crotalus,Crotalus triseriatus,,SPECIES,"Crotalus triseriatus Wagler, 1830",Crotalus triseriatus,"(Wagler, 1830)",MX,"APROX. 5 KM N EL MADROÑO, EN VEREDA AL PINALITO",Queretaro,PRESENT,1,ff90b050-c256-11db-b71b-b8a03c50a862,21.298333,-99.175833,,,909.5,909.5,0,0,1996-06-24T00:00:00,24,6,1996,2444358,2444358,PRESERVED_SPECIMEN,FC-UNAM,MZFC,9309,,ADRIAN NIETO MONTES DE OCA; EDMUNDO PEREZ RAMOS,,CC_BY_4_0,Comisión Nacional para el Conocimiento y Uso de la Biodiversidad (CONABIO),FERNANDO MENDOZA QUIJANO,,,2021-01-22T17:15:51.935Z,,COORDINATE_ROUNDED;GEODETIC_DATUM_ASSUMED_WGS84;ELEVATION_MIN_MAX_SWAPPED;TYPE_STATUS_INVALID;OCCURRENCE_STATUS_INFERRED_FROM_INDIVIDUAL_COUNT;INSTITUTION_MATCH_NONE;COLLECTION_MATCH_NONE
657448696,7a25f7aa-03fb-4322-aaeb-66719e1a9527,46E549F1-0B4D-4C76-A8B3-71B1AB6334A0,Animalia,Chordata,Reptilia,Squamata,Viperidae,Crotalus,Crotalus triseriatus,,SPECIES,"Crotalus triseriatus Wagler, 1830",Crotalus triseriatus,,MX,10.8 mi (by hwy 120) SW Ahuacatlan; 2.2 mi (by Hwy 120) SW El Madrono,Querétaro,PRESENT,1,493fe050-055d-11d8-b84f-b8a03c50a862,21.28636572,-99.1756672,,,,,,,1973-08-12T00:00:00,12,8,1973,2444358,2444358,PRESERVED_SPECIMEN,LACM,Herps,106779,5205,,,CC0_1_0,,RL Bezy,,NATIVE,2021-01-22T17:21:36.146Z,,COORDINATE_ROUNDED;COORDINATE_REPROJECTED;INSTITUTION_MATCH_FUZZY;COLLECTION_MATCH_FUZZY
657448695,7a25f7aa-03fb-4322-aaeb-66719e1a9527,91FC6D3B-3FFE-4D7E-A53A-42D84BC80EFE,Animalia,Chordata,Reptilia,Squamata,Viperidae,Crotalus,Crotalus triseriatus,,SPECIES,"Crotalus triseriatus Wagler, 1830",Crotalus triseriatus,,MX,10.8 mi (by hwy 120) SW Ahuacatlan; 2.2 mi (by Hwy 120) SW El Madrono,Querétaro,PRESENT,1,493fe050-055d-11d8-b84f-b8a03c50a862,21.28636572,-99.1756672,,,,,,,1973-08-12T00:00:00,12,8,1973,2444358,2444358,PRESERVED_SPECIMEN,LACM,Herps,106778,5205,,,CC0_1_0,,RL Bezy,,NATIVE,2021-01-22T17:21:14.748Z,,COORDINATE_ROUNDED;COORDINATE_REPROJECTED;INSTITUTION_MATCH_FUZZY;COLLECTION_MATCH_FUZZY
2630244342,b23dae1f-1b66-432f-908b-be7737aff2b8,urn:catalog:NHM:NHM:68.4.7.23:15537bf1b3b082fac7e76198b682ff1e,Animalia,Chordata,Reptilia,Squamata,Viperidae,Crotalus,Crotalus triseriatus,,SPECIES,"Crotalus triseriatus Wagler, 1830",Crotalus triseriatus,"(Wagler, 1830)",MX,"MEXICO, CIUDAD",Distrito federal,PRESENT,,ff90b050-c256-11db-b71b-b8a03c50a862,19.391667,-99.175,,,0,0,0,0,1868-04-07T00:00:00,7,4,1868,2444358,2444358,PRESERVED_SPECIMEN,NHM,NHM,68.4.7.23,,NO DISPONIBLE,,CC_BY_4_0,Comisión Nacional para el Conocimiento y Uso de la Biodiversidad (CONABIO),DOORMAN,TYPE,,2020-12-15T20:02:47.667Z,,COORDINATE_ROUNDED;GEODETIC_DATUM_ASSUMED_WGS84;COLLECTION_MATCH_FUZZY;DIFFERENT_OWNER_INSTITUTION
1894950123,7feba584-f762-11e1-a439-00145eb45e9a,urn:catalog:AMNH:AMNH:4088:635212665f5b1365680bf00f20d03fdc,Animalia,Chordata,Reptilia,Squamata,Viperidae,Crotalus,Crotalus triseriatus,,SPECIES,"Crotalus triseriatus Wagler, 1830",Crotalus triseriatus,"(Wagler, 1830)",MX,Ciudad de México,Distrito federal,PRESENT,1,ff90b050-c256-11db-b71b-b8a03c50a862,19.391667,-99.175,,,0,0,0,0,,,,,2444358,2444358,PRESERVED_SPECIMEN,AMNH,AMNH,4088,,NO DISPONIBLE,,CC_BY_4_0,Comisión Nacional para el Conocimiento y Uso de la Biodiversidad (CONABIO),NO DISPONIBLE,,,2021-01-22T17:17:32.718Z,,COORDINATE_ROUNDED;GEODETIC_DATUM_ASSUMED_WGS84;RECORDED_DATE_INVALID;TYPE_STATUS_INVALID;OCCURRENCE_STATUS_INFERRED_FROM_INDIVIDUAL_COUNT;AMBIGUOUS_COLLECTION;INSTITUTION_MATCH_FUZZY
2629121060,63ed64cb-90b7-4ecc-b94c-3a0317742379,urn:catalog:ENCB-IPN:ENCB:3382:c8d09c08b1360329bdea8b5a8fd3574f,Animalia,Chordata,Reptilia,Squamata,Viperidae,Crotalus,Crotalus triseriatus,,SPECIES,"Crotalus triseriatus Wagler, 1830",Crotalus triseriatus,"(Wagler, 1830)",MX,Parres,Distrito federal,PRESENT,1,ff90b050-c256-11db-b71b-b8a03c50a862,19.135834,-99.173057,,,1450,1450,0,0,1966-09-20T00:00:00,20,9,1966,2444358,2444358,PRESERVED_SPECIMEN,ENCB-IPN,ENCB,3382,,T. Alvarez; J. C. López V.,,CC_BY_4_0,Comisión Nacional para el Conocimiento y Uso de la Biodiversidad (CONABIO),NO DISPONIBLE,,,2020-12-15T17:14:06.631Z,,COORDINATE_ROUNDED;ELEVATION_MIN_MAX_SWAPPED;TYPE_STATUS_INVALID;OCCURRENCE_STATUS_INFERRED_FROM_INDIVIDUAL_COUNT;INSTITUTION_COLLECTION_MISMATCH;DIFFERENT_OWNER_INSTITUTION
2626483150,50c9509d-22c7-4a22-a47d-8c48425ef4a7,https://www.inaturalist.org/observations/45530971,Animalia,Chordata,Reptilia,Squamata,Viperidae,Crotalus,Crotalus triseriatus,,SPECIES,"Crotalus triseriatus Wagler, 1830",Crotalus triseriatus,,MX,,Distrito Federal,PRESENT,,28eb1a3f-1c15-4a95-931a-4af90ecb574d,19.148129,-99.171853,10,,,,,,2020-04-04T12:01:00,4,4,2020,2444358,2444358,HUMAN_OBSERVATION,iNaturalist,Observations,45530971,,aguilargm,2020-05-10T21:31:52,CC_BY_NC_4_0,aguilargm,aguilargm,,,2021-01-30T23:50:30.847Z,StillImage,COORDINATE_ROUNDED;GEODETIC_DATUM_ASSUMED_WGS84;INSTITUTION_MATCH_NONE;COLLECTION_MATCH_NONE
1894889044,7fdb69da-f762-11e1-a439-00145eb45e9a,urn:catalog:IBUNAM:CNAR:9999:855bfeb8d0669a76732d2a407076ebbb,Animalia,Chordata,Reptilia,Squamata,Viperidae,Crotalus,Crotalus triseriatus,,SPECIES,"Crotalus triseriatus Wagler, 1830",Crotalus triseriatus subsp. triseriatus,"(Wagler, 1830)",MX,"4 Km. S de Parres, Tlalpan",Distrito federal,PRESENT,,ff90b050-c256-11db-b71b-b8a03c50a862,19.097222,-99.170833,,,0,0,0,0,1975-01-01T00:00:00,,,1975,2444358,2444358,PRESERVED_SPECIMEN,IBUNAM,CNAR,9999,,NO DISPONIBLE,,CC_BY_4_0,Comisión Nacional para el Conocimiento y Uso de la Biodiversidad (CONABIO),NO DISPONIBLE,,,2021-01-22T17:17:21.892Z,,COORDINATE_ROUNDED;GEODETIC_DATUM_ASSUMED_WGS84;RECORDED_DATE_INVALID;TAXON_MATCH_HIGHERRANK;TYPE_STATUS_INVALID;COLLECTION_MATCH_NONE;DIFFERENT_OWNER_INSTITUTION
2456591991,50c9509d-22c7-4a22-a47d-8c48425ef4a7,https://www.inaturalist.org/observations/35686633,Animalia,Chordata,Reptilia,Squamata,Viperidae,Crotalus,Crotalus triseriatus,,SPECIES,"Crotalus triseriatus Wagler, 1830",Crotalus triseriatus,,MX,,Distrito Federal,PRESENT,,28eb1a3f-1c15-4a95-931a-4af90ecb574d,19.146557,-99.168144,15,,,,,,2019-11-12T09:03:00,12,11,2019,2444358,2444358,HUMAN_OBSERVATION,iNaturalist,Observations,35686633,,bobbyfingers,,CC_BY_NC_4_0,Nicola Cendron,Nicola Cendron,,,2021-01-30T23:52:05.123Z,StillImage,COORDINATE_ROUNDED;GEODETIC_DATUM_ASSUMED_WGS84;INSTITUTION_MATCH_NONE;COLLECTION_MATCH_NONE
1890048177,50c9509d-22c7-4a22-a47d-8c48425ef4a7,https://www.inaturalist.org/observations/14817593,Animalia,Chordata,Reptilia,Squamata,Viperidae,Crotalus,Crotalus triseriatus,,SPECIES,"Crotalus triseriatus Wagler, 1830",Crotalus triseriatus,,MX,,Distrito Federal,PRESENT,,28eb1a3f-1c15-4a95-931a-4af90ecb574d,19.148588,-99.166447,,,,,,,2018-06-12T13:06:00,12,6,2018,2444358,2444358,HUMAN_OBSERVATION,iNaturalist,Observations,14817593,,Rebeca Zacarías Castillo,2018-07-28T04:56:06,CC_BY_NC_4_0,Rebeca Zacarías Castillo,Rebeca Zacarías Castillo,,,2021-01-30T23:51:34.597Z,StillImage,GEODETIC_DATUM_ASSUMED_WGS84;INSTITUTION_MATCH_NONE;COLLECTION_MATCH_NONE
2629136303,63ed64cb-90b7-4ecc-b94c-3a0317742379,urn:catalog:ENCB-IPN:ENCB:6364:410a18bc0c9b5b4a6b7991b94193eac2,Animalia,Chordata,Reptilia,Squamata,Viperidae,Crotalus,Crotalus triseriatus,,SPECIES,"Crotalus triseriatus Wagler, 1830",Crotalus triseriatus,"(Wagler, 1830)",MX,"2.5 km S, 2 km E Parres",Distrito federal,PRESENT,1,ff90b050-c256-11db-b71b-b8a03c50a862,19.1143,-99.155601,,,1450,1450,0,0,1970-04-11T00:00:00,11,4,1970,2444358,2444358,PRESERVED_SPECIMEN,ENCB-IPN,ENCB,6364,,T. Alvarez; J. C. López V.,,CC_BY_4_0,Comisión Nacional para el Conocimiento y Uso de la Biodiversidad (CONABIO),J. L. GARCIA F.,,,2020-12-15T17:31:46.742Z,,COORDINATE_ROUNDED;ELEVATION_MIN_MAX_SWAPPED;TYPE_STATUS_INVALID;OCCURRENCE_STATUS_INFERRED_FROM_INDIVIDUAL_COUNT;INSTITUTION_COLLECTION_MISMATCH;DIFFERENT_OWNER_INSTITUTION
2597956945,50c9509d-22c7-4a22-a47d-8c48425ef4a7,https://www.inaturalist.org/observations/41699565,Animalia,Chordata,Reptilia,Squamata,Viperidae,Crotalus,Crotalus triseriatus,,SPECIES,"Crotalus triseriatus Wagler, 1830",Crotalus triseriatus,,MX,,Distrito Federal,PRESENT,,28eb1a3f-1c15-4a95-931a-4af90ecb574d,19.141383,-99.153428,23802,,,,,,2020-02-22T12:18:51,22,2,2020,2444358,2444358,HUMAN_OBSERVATION,iNaturalist,Observations,41699565,,Omar Rangel,2020-04-08T17:56:01,CC_BY_NC_4_0,Omar Rangel,Omar Rangel,,,2021-01-30T23:50:27.019Z,StillImage,COORDINATE_ROUNDED;GEODETIC_DATUM_ASSUMED_WGS84;INSTITUTION_MATCH_NONE;COLLECTION_MATCH_NONE
657452659,7a25f7aa-03fb-4322-aaeb-66719e1a9527,10A20B5C-1BAE-417F-A672-F0A04E4E5FFA,Animalia,Chordata,Reptilia,Squamata,Viperidae,Crotalus,Crotalus triseriatus,,SPECIES,"Crotalus triseriatus Wagler, 1830",Crotalus triseriatus,,MX,3.5 mi W(by rd) El Lobo ; El Madrono,Querétaro,PRESENT,1,493fe050-055d-11d8-b84f-b8a03c50a862,21.26720067,-99.15011053,,,,,,,1972-08-24T00:00:00,24,8,1972,2444358,2444358,PRESERVED_SPECIMEN,LACM,Herps,109770,,,,CC0_1_0,,JW Wright,,NATIVE,2021-01-22T17:21:10.638Z,,COORDINATE_ROUNDED;COORDINATE_REPROJECTED;INSTITUTION_MATCH_FUZZY;COLLECTION_MATCH_FUZZY
2814428882,50c9509d-22c7-4a22-a47d-8c48425ef4a7,https://www.inaturalist.org/observations/51394221,Animalia,Chordata,Reptilia,Squamata,Viperidae,Crotalus,Crotalus triseriatus,,SPECIES,"Crotalus triseriatus Wagler, 1830",Crotalus triseriatus,,MX,,Morelos,PRESENT,,28eb1a3f-1c15-4a95-931a-4af90ecb574d,19.087056,-99.148492,,,,,,,2020-06-29T12:23:38,29,6,2020,2444358,2444358,HUMAN_OBSERVATION,iNaturalist,Observations,51394221,,Fernando Arzaluz,,CC_BY_NC_4_0,sierra_k,sierra_k,,,2021-01-30T23:50:37.112Z,StillImage,COORDINATE_ROUNDED;GEODETIC_DATUM_ASSUMED_WGS84;INSTITUTION_MATCH_NONE;COLLECTION_MATCH_NONE
2813872016,50c9509d-22c7-4a22-a47d-8c48425ef4a7,https://www.inaturalist.org/observations/51447968,Animalia,Chordata,Reptilia,Squamata,Viperidae,Crotalus,Crotalus triseriatus,,SPECIES,"Crotalus triseriatus Wagler, 1830",Crotalus triseriatus,,MX,,Morelos,PRESENT,,28eb1a3f-1c15-4a95-931a-4af90ecb574d,19.087689,-99.147942,5,,,,,,2020-06-29T14:29:46,29,6,2020,2444358,2444358,HUMAN_OBSERVATION,iNaturalist,Observations,51447968,,Chris Grünwald Herp.mx,2020-06-30T08:04:50,CC_BY_NC_4_0,Chris Grünwald Herp.mx,Chris Grünwald Herp.mx,,,2021-01-30T23:52:19.297Z,StillImage,COORDINATE_ROUNDED;GEODETIC_DATUM_ASSUMED_WGS84;INSTITUTION_MATCH_NONE;COLLECTION_MATCH_NONE
1677323576,50c9509d-22c7-4a22-a47d-8c48425ef4a7,https://www.inaturalist.org/observations/8474144,Animalia,Chordata,Reptilia,Squamata,Viperidae,Crotalus,Crotalus triseriatus,,SPECIES,"Crotalus triseriatus Wagler, 1830",Crotalus triseriatus,,MX,,Distrito Federal,PRESENT,,28eb1a3f-1c15-4a95-931a-4af90ecb574d,19.120138,-99.147776,10,,,,,,2017-10-07T15:07:00,7,10,2017,2444358,2444358,HUMAN_OBSERVATION,iNaturalist,Observations,8474144,,jorge_lrc,2017-10-20T03:52:45,CC_BY_NC_4_0,jorge_lrc,jorge_lrc,,,2021-01-30T23:49:40.475Z,StillImage,GEODETIC_DATUM_ASSUMED_WGS84;INSTITUTION_MATCH_NONE;COLLECTION_MATCH_NONE
2898427212,50c9509d-22c7-4a22-a47d-8c48425ef4a7,https://www.inaturalist.org/observations/62607644,Animalia,Chordata,Reptilia,Squamata,Viperidae,Crotalus,Crotalus triseriatus,,SPECIES,"Crotalus triseriatus Wagler, 1830",Crotalus triseriatus,,MX,,Morelos,PRESENT,,28eb1a3f-1c15-4a95-931a-4af90ecb574d,19.087964,-99.146072,30,,,,,,2020-10-14T16:03:33,14,10,2020,2444358,2444358,HUMAN_OBSERVATION,iNaturalist,Observations,62607644,,Boletus Reticulatus Amanitacae,2020-10-15T01:57:56,CC_BY_NC_4_0,Boletus Reticulatus Amanitacae,Boletus Reticulatus Amanitacae,,,2021-01-30T23:52:21.315Z,StillImage,COORDINATE_ROUNDED;GEODETIC_DATUM_ASSUMED_WGS84;INSTITUTION_MATCH_NONE;COLLECTION_MATCH_NONE
891117491,50c9509d-22c7-4a22-a47d-8c48425ef4a7,http://conabio.inaturalist.org/observations/178216,Animalia,Chordata,Reptilia,Squamata,Viperidae,Crotalus,Crotalus triseriatus,,SPECIES,"Crotalus triseriatus Wagler, 1830",Crotalus triseriatus,,MX,,Distrito Federal,PRESENT,,28eb1a3f-1c15-4a95-931a-4af90ecb574d,19.162464,-99.144698,30598,,,,,,2008-09-07T00:00:00,7,9,2008,2444358,2444358,HUMAN_OBSERVATION,iNaturalist,Observations,178216,,Miguel Ángel Sicilia Manzo,2013-01-11T22:16:38,CC_BY_NC_4_0,Miguel Ángel Sicilia Manzo,Miguel Ángel Sicilia Manzo,,,2021-01-30T23:49:13.309Z,StillImage,COORDINATE_ROUNDED;GEODETIC_DATUM_ASSUMED_WGS84;INSTITUTION_MATCH_NONE;COLLECTION_MATCH_NONE
1894918338,7feba584-f762-11e1-a439-00145eb45e9a,urn:catalog:MCZ-HU:MCZ:33681:51710449924548a782a85b712378a4cc,Animalia,Chordata,Reptilia,Squamata,Viperidae,Crotalus,Crotalus triseriatus,,SPECIES,"Crotalus triseriatus Wagler, 1830",Crotalus triseriatus subsp. triseriatus,"(Wagler, 1830)",MX,Valle de México,Distrito federal,PRESENT,1,ff90b050-c256-11db-b71b-b8a03c50a862,19.441667,-99.141667,,,0,0,0,0,,,,,2444358,2444358,PRESERVED_SPECIMEN,MCZ-HU,MCZ,33681,,NO DISPONIBLE,,CC_BY_4_0,Comisión Nacional para el Conocimiento y Uso de la Biodiversidad (CONABIO),NO DISPONIBLE,,,2021-01-22T17:17:28.542Z,,COORDINATE_ROUNDED;GEODETIC_DATUM_ASSUMED_WGS84;RECORDED_DATE_INVALID;TAXON_MATCH_HIGHERRANK;TYPE_STATUS_INVALID;OCCURRENCE_STATUS_INFERRED_FROM_INDIVIDUAL_COUNT;AMBIGUOUS_COLLECTION;INSTITUTION_MATCH_NONE
1894918094,7feba584-f762-11e1-a439-00145eb45e9a,urn:catalog:MCZ-HU:MCZ:56022:e6b5aa59a2db77feaa2a210df5abd34d,Animalia,Chordata,Reptilia,Squamata,Viperidae,Crotalus,Crotalus triseriatus,,SPECIES,"Crotalus triseriatus Wagler, 1830",Crotalus triseriatus subsp. triseriatus,"(Wagler, 1830)",MX,Valle de México,Distrito federal,PRESENT,1,ff90b050-c256-11db-b71b-b8a03c50a862,19.441667,-99.141667,,,0,0,0,0,,,,,2444358,2444358,PRESERVED_SPECIMEN,MCZ-HU,MCZ,56022,,NO DISPONIBLE,,CC_BY_4_0,Comisión Nacional para el Conocimiento y Uso de la Biodiversidad (CONABIO),NO DISPONIBLE,,,2021-01-22T17:17:34.998Z,,COORDINATE_ROUNDED;GEODETIC_DATUM_ASSUMED_WGS84;RECORDED_DATE_INVALID;TAXON_MATCH_HIGHERRANK;TYPE_STATUS_INVALID;OCCURRENCE_STATUS_INFERRED_FROM_INDIVIDUAL_COUNT;AMBIGUOUS_COLLECTION;INSTITUTION_MATCH_NONE
1061383704,8935e64a-f762-11e1-a439-00145eb45e9a,http://arctos.database.museum/guid/UCM:Herp:60385?seid=2476728,Animalia,Chordata,Reptilia,Squamata,Viperidae,Crotalus,Crotalus triseriatus,,SPECIES,"Crotalus triseriatus Wagler, 1830",Crotalus triseriatus,,MX,Distrito Federal,Federal District,PRESENT,1,4cadac10-3e7b-11d9-8439-b8a03c50a862,19.44061738,-99.1401038,,,,,,,1981-06-11T00:00:00,11,6,1981,2444358,2444358,PRESERVED_SPECIMEN,UCM,Amphibian and reptile specimens,UCM:Herp:60385,,Emily Braker,2018-10-22T00:00:00,CC0_1_0,,Collector(s): T. Boyer; K. Prescott; John C. Spengler,,,2021-01-29T16:55:37.193Z,,COORDINATE_REPROJECTED;OCCURRENCE_STATUS_INFERRED_FROM_INDIVIDUAL_COUNT;COLLECTION_MATCH_NONE;INSTITUTION_MATCH_FUZZY
2629137533,63ed64cb-90b7-4ecc-b94c-3a0317742379,urn:catalog:ENCB-IPN:ENCB:17419:38c0cc71fc2de8dafc742d4065e26ebe,Animalia,Chordata,Reptilia,Squamata,Viperidae,Crotalus,Crotalus triseriatus,,SPECIES,"Crotalus triseriatus Wagler, 1830",Crotalus triseriatus,"(Wagler, 1830)",MX,Xochimilco,Distrito federal,PRESENT,1,ff90b050-c256-11db-b71b-b8a03c50a862,19.275,-99.138885,,,1200,1200,0,0,2002-08-24T00:00:00,24,8,2002,2444358,2444358,PRESERVED_SPECIMEN,ENCB-IPN,ENCB,17419,,T. Alvarez; J. C. López V.,,CC_BY_4_0,Comisión Nacional para el Conocimiento y Uso de la Biodiversidad (CONABIO),E. Q. Uhart,,,2020-12-15T17:33:16.979Z,,COORDINATE_ROUNDED;ELEVATION_MIN_MAX_SWAPPED;TYPE_STATUS_INVALID;OCCURRENCE_STATUS_INFERRED_FROM_INDIVIDUAL_COUNT;INSTITUTION_COLLECTION_MISMATCH;DIFFERENT_OWNER_INSTITUTION
2629133524,63ed64cb-90b7-4ecc-b94c-3a0317742379,urn:catalog:ENCB-IPN:ENCB:17420:309d3a2d2ed4caaefbaefeed86ef9baa,Animalia,Chordata,Reptilia,Squamata,Viperidae,Crotalus,Crotalus triseriatus,,SPECIES,"Crotalus triseriatus Wagler, 1830",Crotalus triseriatus,"(Wagler, 1830)",MX,Xochimilco,Distrito federal,PRESENT,1,ff90b050-c256-11db-b71b-b8a03c50a862,19.275,-99.138885,,,1200,1200,0,0,2002-08-24T00:00:00,24,8,2002,2444358,2444358,PRESERVED_SPECIMEN,ENCB-IPN,ENCB,17420,,T. Alvarez; J. C. López V.,,CC_BY_4_0,Comisión Nacional para el Conocimiento y Uso de la Biodiversidad (CONABIO),E. Q. Uhart,,,2020-12-15T17:28:52.819Z,,COORDINATE_ROUNDED;ELEVATION_MIN_MAX_SWAPPED;TYPE_STATUS_INVALID;OCCURRENCE_STATUS_INFERRED_FROM_INDIVIDUAL_COUNT;INSTITUTION_COLLECTION_MISMATCH;DIFFERENT_OWNER_INSTITUTION
2629126722,63ed64cb-90b7-4ecc-b94c-3a0317742379,urn:catalog:ENCB-IPN:ENCB:17422:ec7c510e1550b8f87daa696887c81b1c,Animalia,Chordata,Reptilia,Squamata,Viperidae,Crotalus,Crotalus triseriatus,,SPECIES,"Crotalus triseriatus Wagler, 1830",Crotalus triseriatus,"(Wagler, 1830)",MX,Xochimilco,Distrito federal,PRESENT,1,ff90b050-c256-11db-b71b-b8a03c50a862,19.275,-99.138885,,,1200,1200,0,0,2002-08-24T00:00:00,24,8,2002,2444358,2444358,PRESERVED_SPECIMEN,ENCB-IPN,ENCB,17422,,T. Alvarez; J. C. López V.,,CC_BY_4_0,Comisión Nacional para el Conocimiento y Uso de la Biodiversidad (CONABIO),E. Q. Uhart,,,2020-12-15T17:21:12.376Z,,COORDINATE_ROUNDED;ELEVATION_MIN_MAX_SWAPPED;TYPE_STATUS_INVALID;OCCURRENCE_STATUS_INFERRED_FROM_INDIVIDUAL_COUNT;INSTITUTION_COLLECTION_MISMATCH;DIFFERENT_OWNER_INSTITUTION
2629125921,63ed64cb-90b7-4ecc-b94c-3a0317742379,urn:catalog:ENCB-IPN:ENCB:17421:0aafe65ad75c889c86a1c1224dd71148,Animalia,Chordata,Reptilia,Squamata,Viperidae,Crotalus,Crotalus triseriatus,,SPECIES,"Crotalus triseriatus Wagler, 1830",Crotalus triseriatus,"(Wagler, 1830)",MX,Xochimilco,Distrito federal,PRESENT,1,ff90b050-c256-11db-b71b-b8a03c50a862,19.275,-99.138885,,,1200,1200,0,0,2002-08-24T00:00:00,24,8,2002,2444358,2444358,PRESERVED_SPECIMEN,ENCB-IPN,ENCB,17421,,T. Alvarez; J. C. López V.,,CC_BY_4_0,Comisión Nacional para el Conocimiento y Uso de la Biodiversidad (CONABIO),E. Q. Uhart,,,2020-12-15T17:20:10.630Z,,COORDINATE_ROUNDED;ELEVATION_MIN_MAX_SWAPPED;TYPE_STATUS_INVALID;OCCURRENCE_STATUS_INFERRED_FROM_INDIVIDUAL_COUNT;INSTITUTION_COLLECTION_MISMATCH;DIFFERENT_OWNER_INSTITUTION
1894112373,80d6e8c8-f762-11e1-a439-00145eb45e9a,urn:catalog:FC-UNAM:MZFC:6925:6cee29cae0a835509001d9f4fe2e6c2a,Animalia,Chordata,Reptilia,Squamata,Viperidae,Crotalus,Crotalus triseriatus,,SPECIES,"Crotalus triseriatus Wagler, 1830",Crotalus triseriatus,"(Wagler, 1830)",MX,3 KM AL S DE EL MADROÑO,Queretaro,PRESENT,1,ff90b050-c256-11db-b71b-b8a03c50a862,21.266944,-99.136944,,,850,850,0,0,1995-01-29T00:00:00,29,1,1995,2444358,2444358,PRESERVED_SPECIMEN,FC-UNAM,MZFC,6925,,NO DISPONIBLE,,CC_BY_4_0,Comisión Nacional para el Conocimiento y Uso de la Biodiversidad (CONABIO),Walter Schmidt Ballardo,,,2021-01-22T17:15:51.656Z,,COORDINATE_ROUNDED;GEODETIC_DATUM_ASSUMED_WGS84;ELEVATION_MIN_MAX_SWAPPED;TYPE_STATUS_INVALID;OCCURRENCE_STATUS_INFERRED_FROM_INDIVIDUAL_COUNT;INSTITUTION_MATCH_NONE;COLLECTION_MATCH_NONE
1894112352,80d6e8c8-f762-11e1-a439-00145eb45e9a,urn:catalog:TCWC-TAMU:TCWC:29480:0bacb1769577961947cdb802ab98b4dd,Animalia,Chordata,Reptilia,Squamata,Viperidae,Crotalus,Crotalus triseriatus,,SPECIES,"Crotalus triseriatus Wagler, 1830",Crotalus triseriatus,"(Wagler, 1830)",MX,3 MI N EL MADROÑO,Queretaro,PRESENT,1,ff90b050-c256-11db-b71b-b8a03c50a862,21.327778,-99.136944,,,823,823,0,0,,,,,2444358,2444358,PRESERVED_SPECIMEN,TCWC-TAMU,TCWC,29480,,NO DISPONIBLE,,CC_BY_4_0,Comisión Nacional para el Conocimiento y Uso de la Biodiversidad (CONABIO),NO DISPONIBLE,,,2021-01-22T17:15:51.921Z,,COORDINATE_ROUNDED;GEODETIC_DATUM_ASSUMED_WGS84;RECORDED_DATE_INVALID;ELEVATION_MIN_MAX_SWAPPED;TYPE_STATUS_INVALID;OCCURRENCE_STATUS_INFERRED_FROM_INDIVIDUAL_COUNT;INSTITUTION_MATCH_NONE;COLLECTION_MATCH_FUZZY
1894950126,7feba584-f762-11e1-a439-00145eb45e9a,urn:catalog:FC-UNAM:MZFC:5365:bce5d55c97a52f6286960b9c15c40c7f,Animalia,Chordata,Reptilia,Squamata,Viperidae,Crotalus,Crotalus triseriatus,,SPECIES,"Crotalus triseriatus Wagler, 1830",Crotalus triseriatus,"(Wagler, 1830)",MX,Santuario Mapethé,Hidalgo,PRESENT,1,ff90b050-c256-11db-b71b-b8a03c50a862,20.66167,-99.13583,800,,0,0,0,0,1992-10-10T00:00:00,10,10,1992,2444358,2444358,PRESERVED_SPECIMEN,FC-UNAM,MZFC,5365,,NO DISPONIBLE,,CC_BY_4_0,Comisión Nacional para el Conocimiento y Uso de la Biodiversidad (CONABIO),J. CASTILLO; MARIO MANCILLA,,,2021-01-22T17:17:31.939Z,,TYPE_STATUS_INVALID;OCCURRENCE_STATUS_INFERRED_FROM_INDIVIDUAL_COUNT;INSTITUTION_MATCH_NONE;COLLECTION_MATCH_NONE
2574159811,50c9509d-22c7-4a22-a47d-8c48425ef4a7,https://www.inaturalist.org/observations/38528079,Animalia,Chordata,Reptilia,Squamata,Viperidae,Crotalus,Crotalus triseriatus,,SPECIES,"Crotalus triseriatus Wagler, 1830",Crotalus triseriatus,,MX,,Morelos,PRESENT,,28eb1a3f-1c15-4a95-931a-4af90ecb574d,19.043895,-99.133744,10,,,,,,2020-02-08T13:28:32,8,2,2020,2444358,2444358,HUMAN_OBSERVATION,iNaturalist,Observations,38528079,,Michael Price,2020-02-11T13:57:22,CC_BY_NC_4_0,Boletus Reticulatus Amanitacae,Boletus Reticulatus Amanitacae,,,2021-01-30T23:52:00.376Z,StillImage,COORDINATE_ROUNDED;GEODETIC_DATUM_ASSUMED_WGS84;INSTITUTION_MATCH_NONE;COLLECTION_MATCH_NONE
2629137190,63ed64cb-90b7-4ecc-b94c-3a0317742379,urn:catalog:ENCB-IPN:ENCB:363:b57759f7247d99f2f94c38f5945cf0d2,Animalia,Chordata,Reptilia,Squamata,Viperidae,Crotalus,Crotalus triseriatus,,SPECIES,"Crotalus triseriatus Wagler, 1830",Crotalus triseriatus,"(Wagler, 1830)",MX,Laguna de Zempoala,Mexico,PRESENT,1,ff90b050-c256-11db-b71b-b8a03c50a862,19.791389,-99.131943,,,1500,1500,0,0,1963-06-15T00:00:00,15,6,1963,2444358,2444358,PRESERVED_SPECIMEN,ENCB-IPN,ENCB,363,,T. ALVAREZ,,CC_BY_4_0,Comisión Nacional para el Conocimiento y Uso de la Biodiversidad (CONABIO),L. Haro; Paredes,,,2020-12-15T17:32:45.983Z,,COORDINATE_ROUNDED;ELEVATION_MIN_MAX_SWAPPED;TYPE_STATUS_INVALID;OCCURRENCE_STATUS_INFERRED_FROM_INDIVIDUAL_COUNT;INSTITUTION_COLLECTION_MISMATCH;DIFFERENT_OWNER_INSTITUTION
2629120962,63ed64cb-90b7-4ecc-b94c-3a0317742379,urn:catalog:ENCB-IPN:ENCB:2189:86a2b7e95d4931a3156de26050bf7df6,Animalia,Chordata,Reptilia,Squamata,Viperidae,Crotalus,Crotalus triseriatus,,SPECIES,"Crotalus triseriatus Wagler, 1830",Crotalus triseriatus subsp. triseriatus,"(Wagler, 1830)",MX,Laguna de Zempoala,Mexico,PRESENT,1,ff90b050-c256-11db-b71b-b8a03c50a862,19.791389,-99.131943,,,1500,1500,0,0,1956-11-11T00:00:00,11,11,1956,2444358,2444358,PRESERVED_SPECIMEN,ENCB-IPN,ENCB,2189,,T. ALVAREZ,,CC_BY_4_0,Comisión Nacional para el Conocimiento y Uso de la Biodiversidad (CONABIO),F. Medellín,,,2020-12-15T17:14:01.955Z,,COORDINATE_ROUNDED;TAXON_MATCH_HIGHERRANK;ELEVATION_MIN_MAX_SWAPPED;TYPE_STATUS_INVALID;OCCURRENCE_STATUS_INFERRED_FROM_INDIVIDUAL_COUNT;INSTITUTION_COLLECTION_MISMATCH;DIFFERENT_OWNER_INSTITUTION
2629137480,63ed64cb-90b7-4ecc-b94c-3a0317742379,urn:catalog:ENCB-IPN:ENCB:6696:6d1189d023d1ac5762c7f556feff341b,Animalia,Chordata,Reptilia,Squamata,Viperidae,Crotalus,Crotalus triseriatus,,SPECIES,"Crotalus triseriatus Wagler, 1830",Crotalus triseriatus,"(Wagler, 1830)",MX,Cerro del Chiquihuite,Distrito federal,PRESENT,1,ff90b050-c256-11db-b71b-b8a03c50a862,19.534401,-99.130798,,,0,0,0,0,,,,,2444358,2444358,PRESERVED_SPECIMEN,ENCB-IPN,ENCB,6696,,T. ALVAREZ,,CC_BY_4_0,Comisión Nacional para el Conocimiento y Uso de la Biodiversidad (CONABIO),NO DISPONIBLE,,,2020-12-15T17:33:10.753Z,,COORDINATE_ROUNDED;RECORDED_DATE_INVALID;TYPE_STATUS_INVALID;OCCURRENCE_STATUS_INFERRED_FROM_INDIVIDUAL_COUNT;INSTITUTION_COLLECTION_MISMATCH;DIFFERENT_OWNER_INSTITUTION
1894112351,80d6e8c8-f762-11e1-a439-00145eb45e9a,urn:catalog:TCWC-TAMU:TCWC:36013:1db0ebd46e5af7c1eb0de42976659617,Animalia,Chordata,Reptilia,Squamata,Viperidae,Crotalus,Crotalus triseriatus,,SPECIES,"Crotalus triseriatus Wagler, 1830",Crotalus triseriatus,"(Wagler, 1830)",MX,3.8 MI W  EL LOBO,Queretaro,PRESENT,1,ff90b050-c256-11db-b71b-b8a03c50a862,21.291667,-99.127778,,,800,800,0,0,,,,,2444358,2444358,PRESERVED_SPECIMEN,TCWC-TAMU,TCWC,36013,,NO DISPONIBLE,,CC_BY_4_0,Comisión Nacional para el Conocimiento y Uso de la Biodiversidad (CONABIO),NO DISPONIBLE,,,2021-01-22T17:15:52.152Z,,COORDINATE_ROUNDED;GEODETIC_DATUM_ASSUMED_WGS84;RECORDED_DATE_INVALID;ELEVATION_MIN_MAX_SWAPPED;TYPE_STATUS_INVALID;OCCURRENCE_STATUS_INFERRED_FROM_INDIVIDUAL_COUNT;INSTITUTION_MATCH_NONE;COLLECTION_MATCH_FUZZY
1894112388,80d6e8c8-f762-11e1-a439-00145eb45e9a,urn:catalog:TCWC-TAMU:TCWC:29483:d4104f8ca7d45383abe937a05b342a4a,Animalia,Chordata,Reptilia,Squamata,Viperidae,Crotalus,Crotalus triseriatus,,SPECIES,"Crotalus triseriatus Wagler, 1830",Crotalus triseriatus,"(Wagler, 1830)",MX,Near El Madrono,Queretaro,PRESENT,1,ff90b050-c256-11db-b71b-b8a03c50a862,21.291667,-99.125,,,0,0,0,0,,,,,2444358,2444358,PRESERVED_SPECIMEN,TCWC-TAMU,TCWC,29483,,NO DISPONIBLE,,CC_BY_4_0,Comisión Nacional para el Conocimiento y Uso de la Biodiversidad (CONABIO),NO DISPONIBLE,,,2021-01-22T17:15:51.996Z,,COORDINATE_ROUNDED;GEODETIC_DATUM_ASSUMED_WGS84;RECORDED_DATE_INVALID;TYPE_STATUS_INVALID;OCCURRENCE_STATUS_INFERRED_FROM_INDIVIDUAL_COUNT;INSTITUTION_MATCH_NONE;COLLECTION_MATCH_FUZZY
1894112401,80d6e8c8-f762-11e1-a439-00145eb45e9a,urn:catalog:UTA:UTA:8335:f21d70f805a36a55bd86cb2daaf25cf6,Animalia,Chordata,Reptilia,Squamata,Viperidae,Crotalus,Crotalus triseriatus,,SPECIES,"Crotalus triseriatus Wagler, 1830",Crotalus triseriatus,"(Wagler, 1830)",MX,1.0 KM W EL LOBO,Queretaro,PRESENT,1,ff90b050-c256-11db-b71b-b8a03c50a862,21.292778,-99.120278,,,0,0,0,0,1976-08-24T00:00:00,24,8,1976,2444358,2444358,PRESERVED_SPECIMEN,UTA,UTA,8335,,NO DISPONIBLE,,CC_BY_4_0,Comisión Nacional para el Conocimiento y Uso de la Biodiversidad (CONABIO),L. W. Porras; J. R. McCranie,,,2021-01-22T17:15:52.055Z,,COORDINATE_ROUNDED;GEODETIC_DATUM_ASSUMED_WGS84;TYPE_STATUS_INVALID;OCCURRENCE_STATUS_INFERRED_FROM_INDIVIDUAL_COUNT;COLLECTION_MATCH_FUZZY;DIFFERENT_OWNER_INSTITUTION
1894112364,80d6e8c8-f762-11e1-a439-00145eb45e9a,urn:catalog:UTA:UTA:8322-8323:84a8a3d61f34d043b9e988cf23187f15,Animalia,Chordata,Reptilia,Squamata,Viperidae,Crotalus,Crotalus triseriatus,,SPECIES,"Crotalus triseriatus Wagler, 1830",Crotalus triseriatus,"(Wagler, 1830)",MX,1.0 KM W EL LOBO,Queretaro,PRESENT,2,ff90b050-c256-11db-b71b-b8a03c50a862,21.292778,-99.120278,,,0,0,0,0,1976-08-24T00:00:00,24,8,1976,2444358,2444358,PRESERVED_SPECIMEN,UTA,UTA,8322-8323,,NO DISPONIBLE,,CC_BY_4_0,Comisión Nacional para el Conocimiento y Uso de la Biodiversidad (CONABIO),L. W. Porras; J. R. McCranie,,,2021-01-22T17:15:52.066Z,,COORDINATE_ROUNDED;GEODETIC_DATUM_ASSUMED_WGS84;TYPE_STATUS_INVALID;OCCURRENCE_STATUS_INFERRED_FROM_INDIVIDUAL_COUNT;COLLECTION_MATCH_FUZZY;DIFFERENT_OWNER_INSTITUTION
1894112324,80d6e8c8-f762-11e1-a439-00145eb45e9a,urn:catalog:UTA:UTA:25407:00c3089eacfad7f54ce81395b929c49b,Animalia,Chordata,Reptilia,Squamata,Viperidae,Crotalus,Crotalus triseriatus,,SPECIES,"Crotalus triseriatus Wagler, 1830",Crotalus triseriatus,"(Wagler, 1830)",MX,1.0 KM W EL LOBO,Queretaro,PRESENT,1,ff90b050-c256-11db-b71b-b8a03c50a862,21.292778,-99.120278,,,0,0,0,0,,,,,2444358,2444358,PRESERVED_SPECIMEN,UTA,UTA,25407,,NO DISPONIBLE,,CC_BY_4_0,Comisión Nacional para el Conocimiento y Uso de la Biodiversidad (CONABIO),NO DISPONIBLE,,,2021-01-22T17:15:52.041Z,,COORDINATE_ROUNDED;GEODETIC_DATUM_ASSUMED_WGS84;RECORDED_DATE_INVALID;TYPE_STATUS_INVALID;OCCURRENCE_STATUS_INFERRED_FROM_INDIVIDUAL_COUNT;COLLECTION_MATCH_FUZZY;DIFFERENT_OWNER_INSTITUTION
2826543639,50c9509d-22c7-4a22-a47d-8c48425ef4a7,https://www.inaturalist.org/observations/54791325,Animalia,Chordata,Reptilia,Squamata,Viperidae,Crotalus,Crotalus triseriatus,,SPECIES,"Crotalus triseriatus Wagler, 1830",Crotalus triseriatus,,MX,,Distrito Federal,PRESENT,,28eb1a3f-1c15-4a95-931a-4af90ecb574d,19.141869,-99.119499,1477,,,,,,2020-07-29T00:00:00,29,7,2020,2444358,2444358,HUMAN_OBSERVATION,iNaturalist,Observations,54791325,,sergiocas,2020-07-30T00:13:11,CC_BY_NC_4_0,sergiocas,sergiocas,,,2021-01-30T23:50:38.141Z,StillImage,COORDINATE_ROUNDED;GEODETIC_DATUM_ASSUMED_WGS84;INSTITUTION_MATCH_NONE;COLLECTION_MATCH_NONE
1894112370,80d6e8c8-f762-11e1-a439-00145eb45e9a,urn:catalog:TCWC-TAMU:TCWC:29473-29479:bf107609289aca17824fece4756e3a2b,Animalia,Chordata,Reptilia,Squamata,Viperidae,Crotalus,Crotalus triseriatus,,SPECIES,"Crotalus triseriatus Wagler, 1830",Crotalus triseriatus,"(Wagler, 1830)",MX,El Madrono,Queretaro,PRESENT,7,ff90b050-c256-11db-b71b-b8a03c50a862,21.286667,-99.116667,,,823,823,0,0,,,,,2444358,2444358,PRESERVED_SPECIMEN,TCWC-TAMU,TCWC,29473-29479,,NO DISPONIBLE,,CC_BY_4_0,Comisión Nacional para el Conocimiento y Uso de la Biodiversidad (CONABIO),NO DISPONIBLE,,,2021-01-22T17:15:52.116Z,,COORDINATE_ROUNDED;GEODETIC_DATUM_ASSUMED_WGS84;RECORDED_DATE_INVALID;ELEVATION_MIN_MAX_SWAPPED;TYPE_STATUS_INVALID;OCCURRENCE_STATUS_INFERRED_FROM_INDIVIDUAL_COUNT;INSTITUTION_MATCH_NONE;COLLECTION_MATCH_FUZZY
1894112367,80d6e8c8-f762-11e1-a439-00145eb45e9a,urn:catalog:TCWC-TAMU:TCWC:29482:f016deb1c34b3bb149eceea17ac89265,Animalia,Chordata,Reptilia,Squamata,Viperidae,Crotalus,Crotalus triseriatus,,SPECIES,"Crotalus triseriatus Wagler, 1830",Crotalus triseriatus,"(Wagler, 1830)",MX,El Madrono,Queretaro,PRESENT,1,ff90b050-c256-11db-b71b-b8a03c50a862,21.286667,-99.116667,,,823,823,0,0,,,,,2444358,2444358,PRESERVED_SPECIMEN,TCWC-TAMU,TCWC,29482,,NO DISPONIBLE,,CC_BY_4_0,Comisión Nacional para el Conocimiento y Uso de la Biodiversidad (CONABIO),NO DISPONIBLE,,,2021-01-22T17:15:51.731Z,,COORDINATE_ROUNDED;GEODETIC_DATUM_ASSUMED_WGS84;RECORDED_DATE_INVALID;ELEVATION_MIN_MAX_SWAPPED;TYPE_STATUS_INVALID;OCCURRENCE_STATUS_INFERRED_FROM_INDIVIDUAL_COUNT;INSTITUTION_MATCH_NONE;COLLECTION_MATCH_FUZZY
1894112281,80d6e8c8-f762-11e1-a439-00145eb45e9a,urn:catalog:UTA:UTA:25408:b1495e64defbbd4de4fdf6e2422ac2b8,Animalia,Chordata,Reptilia,Squamata,Viperidae,Crotalus,Crotalus triseriatus,,SPECIES,"Crotalus triseriatus Wagler, 1830",Crotalus triseriatus,"(Wagler, 1830)",MX,EL LOBO,Queretaro,PRESENT,1,ff90b050-c256-11db-b71b-b8a03c50a862,21.291389,-99.115556,,,777,777,0,0,,,,,2444358,2444358,PRESERVED_SPECIMEN,UTA,UTA,25408,,NO DISPONIBLE,,CC_BY_4_0,Comisión Nacional para el Conocimiento y Uso de la Biodiversidad (CONABIO),NO DISPONIBLE,,,2021-01-22T17:15:52.010Z,,COORDINATE_ROUNDED;GEODETIC_DATUM_ASSUMED_WGS84;RECORDED_DATE_INVALID;ELEVATION_MIN_MAX_SWAPPED;TYPE_STATUS_INVALID;OCCURRENCE_STATUS_INFERRED_FROM_INDIVIDUAL_COUNT;COLLECTION_MATCH_FUZZY;DIFFERENT_OWNER_INSTITUTION
2273284698,50c9509d-22c7-4a22-a47d-8c48425ef4a7,https://www.inaturalist.org/observations/27600805,Animalia,Chordata,Reptilia,Squamata,Viperidae,Crotalus,Crotalus triseriatus,,SPECIES,"Crotalus triseriatus Wagler, 1830",Crotalus triseriatus,,MX,,Distrito Federal,PRESENT,,28eb1a3f-1c15-4a95-931a-4af90ecb574d,19.059662,-99.10644,244,,,,,,2019-06-22T16:36:00,22,6,2019,2444358,2444358,HUMAN_OBSERVATION,iNaturalist,Observations,27600805,,Esaú Valdenegro-Brito,2019-06-25T03:03:13,CC_BY_NC_4_0,Boletus Reticulatus Amanitacae,Boletus Reticulatus Amanitacae,,,2021-01-30T23:51:47.792Z,StillImage,COORDINATE_ROUNDED;GEODETIC_DATUM_ASSUMED_WGS84;INSTITUTION_MATCH_NONE;COLLECTION_MATCH_NONE
1894112334,80d6e8c8-f762-11e1-a439-00145eb45e9a,urn:catalog:TCWC-TAMU:TCWC:32988:9250c743a5afa1b3c5415aa5ae75d7cd,Animalia,Chordata,Reptilia,Squamata,Viperidae,Crotalus,Crotalus triseriatus,,SPECIES,"Crotalus triseriatus Wagler, 1830",Crotalus triseriatus,"(Wagler, 1830)",MX,4 mi W El Lobo,Queretaro,PRESENT,1,ff90b050-c256-11db-b71b-b8a03c50a862,21.291667,-99.103889,,,823,823,0,0,,,,,2444358,2444358,PRESERVED_SPECIMEN,TCWC-TAMU,TCWC,32988,,NO DISPONIBLE,,CC_BY_4_0,Comisión Nacional para el Conocimiento y Uso de la Biodiversidad (CONABIO),NO DISPONIBLE,,,2021-01-22T17:15:51.858Z,,COORDINATE_ROUNDED;GEODETIC_DATUM_ASSUMED_WGS84;RECORDED_DATE_INVALID;ELEVATION_MIN_MAX_SWAPPED;TYPE_STATUS_INVALID;OCCURRENCE_STATUS_INFERRED_FROM_INDIVIDUAL_COUNT;INSTITUTION_MATCH_NONE;COLLECTION_MATCH_FUZZY
1306591374,50c9509d-22c7-4a22-a47d-8c48425ef4a7,http://conabio.inaturalist.org/observations/4061002,Animalia,Chordata,Reptilia,Squamata,Viperidae,Crotalus,Crotalus triseriatus,,SPECIES,"Crotalus triseriatus Wagler, 1830",Crotalus triseriatus,,MX,,Distrito Federal,PRESENT,,28eb1a3f-1c15-4a95-931a-4af90ecb574d,19.132924,-99.100199,752,,,,,,2016-08-13T00:00:00,13,8,2016,2444358,2444358,HUMAN_OBSERVATION,iNaturalist,Observations,4061002,,Alfonso Gutiérrez Aldana,2016-09-08T02:33:09,CC_BY_NC_4_0,Alfonso Gutiérrez Aldana,Alfonso Gutiérrez Aldana,,,2021-01-30T23:51:08.752Z,StillImage,GEODETIC_DATUM_ASSUMED_WGS84;INSTITUTION_MATCH_NONE;COLLECTION_MATCH_NONE
2898550309,50c9509d-22c7-4a22-a47d-8c48425ef4a7,https://www.inaturalist.org/observations/62619672,Animalia,Chordata,Reptilia,Squamata,Viperidae,Crotalus,Crotalus triseriatus,,SPECIES,"Crotalus triseriatus Wagler, 1830",Crotalus triseriatus,,MX,,Distrito Federal,PRESENT,,28eb1a3f-1c15-4a95-931a-4af90ecb574d,19.19092,-99.093053,2331,,,,,,2020-10-14T15:29:00,14,10,2020,2444358,2444358,HUMAN_OBSERVATION,iNaturalist,Observations,62619672,,Canto Azul Tranzparente,2020-10-15T06:28:10,CC_BY_NC_4_0,Canto Azul Tranzparente,Canto Azul Tranzparente,,,2021-01-30T23:52:35.266Z,StillImage,COORDINATE_ROUNDED;GEODETIC_DATUM_ASSUMED_WGS84;INSTITUTION_MATCH_NONE;COLLECTION_MATCH_NONE
2864775638,50c9509d-22c7-4a22-a47d-8c48425ef4a7,https://www.inaturalist.org/observations/59371001,Animalia,Chordata,Reptilia,Squamata,Viperidae,Crotalus,Crotalus triseriatus,,SPECIES,"Crotalus triseriatus Wagler, 1830",Crotalus triseriatus,,MX,,Distrito Federal,PRESENT,,28eb1a3f-1c15-4a95-931a-4af90ecb574d,19.147312,-99.083921,150,,,,,,2020-09-05T11:44:50,5,9,2020,2444358,2444358,HUMAN_OBSERVATION,iNaturalist,Observations,59371001,,Esaú Valdenegro-Brito,2020-09-12T23:33:58,CC_BY_NC_4_0,Marco Reyes,Marco Reyes,,,2021-01-30T23:50:52.853Z,StillImage,COORDINATE_ROUNDED;GEODETIC_DATUM_ASSUMED_WGS84;INSTITUTION_MATCH_NONE;COLLECTION_MATCH_NONE
1894112417,80d6e8c8-f762-11e1-a439-00145eb45e9a,urn:catalog:TCWC-TAMU:TCWC:29481:81c65f67832be650db58e8a9d6929e53,Animalia,Chordata,Reptilia,Squamata,Viperidae,Crotalus,Crotalus triseriatus,,SPECIES,"Crotalus triseriatus Wagler, 1830",Crotalus triseriatus,"(Wagler, 1830)",MX,16.4 MI E LANDA DE MATAMOROS,Queretaro,PRESENT,1,ff90b050-c256-11db-b71b-b8a03c50a862,21.178611,-99.076667,,,792.5,792.5,0,0,,,,,2444358,2444358,PRESERVED_SPECIMEN,TCWC-TAMU,TCWC,29481,,NO DISPONIBLE,,CC_BY_4_0,Comisión Nacional para el Conocimiento y Uso de la Biodiversidad (CONABIO),NO DISPONIBLE,,,2021-01-22T17:15:51.663Z,,COORDINATE_ROUNDED;GEODETIC_DATUM_ASSUMED_WGS84;RECORDED_DATE_INVALID;ELEVATION_MIN_MAX_SWAPPED;TYPE_STATUS_INVALID;OCCURRENCE_STATUS_INFERRED_FROM_INDIVIDUAL_COUNT;INSTITUTION_MATCH_NONE;COLLECTION_MATCH_FUZZY
2574298870,50c9509d-22c7-4a22-a47d-8c48425ef4a7,https://www.inaturalist.org/observations/39031879,Animalia,Chordata,Reptilia,Squamata,Viperidae,Crotalus,Crotalus triseriatus,,SPECIES,"Crotalus triseriatus Wagler, 1830",Crotalus triseriatus,,MX,,Distrito Federal,PRESENT,,28eb1a3f-1c15-4a95-931a-4af90ecb574d,19.262005,-99.02845,31,,,,,,2020-02-21T14:04:00,21,2,2020,2444358,2444358,HUMAN_OBSERVATION,iNaturalist,Observations,39031879,,Pável Pérez,2020-02-22T03:18:37,CC_BY_NC_4_0,Pável Pérez,Pável Pérez,,,2021-01-30T23:50:21.884Z,StillImage,COORDINATE_ROUNDED;GEODETIC_DATUM_ASSUMED_WGS84;INSTITUTION_MATCH_NONE;COLLECTION_MATCH_NONE
2823104258,50c9509d-22c7-4a22-a47d-8c48425ef4a7,https://www.inaturalist.org/observations/53805121,Animalia,Chordata,Reptilia,Squamata,Viperidae,Crotalus,Crotalus triseriatus,,SPECIES,"Crotalus triseriatus Wagler, 1830",Crotalus triseriatus,,MX,,Distrito Federal,PRESENT,,28eb1a3f-1c15-4a95-931a-4af90ecb574d,19.142946,-99.018682,1321,,,,,,2020-03-25T15:54:07,25,3,2020,2444358,2444358,HUMAN_OBSERVATION,iNaturalist,Observations,53805121,,Esaú Valdenegro-Brito,2020-07-31T20:19:12,CC_BY_NC_4_0,flor,flor,,,2021-01-30T23:50:43.744Z,StillImage,COORDINATE_ROUNDED;GEODETIC_DATUM_ASSUMED_WGS84;INSTITUTION_MATCH_NONE;COLLECTION_MATCH_NONE
1895325000,805548f4-f762-11e1-a439-00145eb45e9a,urn:catalog:CIB-UAEM:CARUM:2556:6135f989d2527aa208d180e0ab34b9c2,Animalia,Chordata,Reptilia,Squamata,Viperidae,Crotalus,Crotalus triseriatus,,SPECIES,"Crotalus triseriatus Wagler, 1830",Crotalus triseriatus,"(Wagler, 1830)",MX,"Cuernavaca, al Noreste  de  Cuernavaca - En las cercanías del cerro La Herradura",Morelos,PRESENT,1,ff90b050-c256-11db-b71b-b8a03c50a862,18.98675008,-99.01509929,,,933.5,933.5,0,0,1998-06-13T00:00:00,13,6,1998,2444358,2444358,PRESERVED_SPECIMEN,CIB-UAEM,CARUM,2556,,CFR,,CC_BY_4_0,Comisión Nacional para el Conocimiento y Uso de la Biodiversidad (CONABIO),ALJA,SYNTYPE,,2021-01-22T17:16:13.592Z,,COORDINATE_ROUNDED;COORDINATE_REPROJECTED;ELEVATION_MIN_MAX_SWAPPED;OCCURRENCE_STATUS_INFERRED_FROM_INDIVIDUAL_COUNT;INSTITUTION_MATCH_NONE;COLLECTION_MATCH_NONE
476694189,4bfac3ea-8763-4f4b-a71a-76a6f5f243d3,MCZ:Herp:R-56022,Animalia,Chordata,Reptilia,Squamata,Viperidae,Crotalus,Crotalus triseriatus,,SPECIES,"Crotalus triseriatus Wagler, 1830","Crotalus triseriatus triseriatus (Wagler, 1830)","(Wagler, 1830)",MX,"Valley of Mexico,Michoacan,Mexico",Michoacan,PRESENT,1,b4640710-8e03-11d8-b956-b8a03c50a862,19.666667,-99,301,,,,,,1957-09-10T00:00:00,10,9,1957,2444358,2444358,PRESERVED_SPECIMEN,MCZ,Herp,R-56022,,Catalog,,CC_BY_NC_4_0,President and Fellows of Harvard College,Robert L. Dressler,,,2021-01-27T22:28:37.458Z,,TAXON_MATCH_HIGHERRANK;OCCURRENCE_STATUS_INFERRED_FROM_INDIVIDUAL_COUNT;INSTITUTION_COLLECTION_MISMATCH;DIFFERENT_OWNER_INSTITUTION
1894755312,6b39bfe3-0823-4940-b991-32f6ea95bb8b,urn:catalog:LSU:LSU:NO DISPONIBLE:1fd2687a70a135a13cffccdced919aa1,Animalia,Chordata,Reptilia,Squamata,Viperidae,Crotalus,Crotalus triseriatus,,SPECIES,"Crotalus triseriatus Wagler, 1830",Crotalus triseriatus,"(Wagler, 1830)",MX,XILITLA REGION,San luis potosi,PRESENT,1,ff90b050-c256-11db-b71b-b8a03c50a862,21.385279,-98.989998,,,336,336,0,0,,,,,2444358,2444358,UNKNOWN,LSU,LSU,NO DISPONIBLE,,NO DISPONIBLE,,CC_BY_4_0,Comisión Nacional para el Conocimiento y Uso de la Biodiversidad (CONABIO),NO DISPONIBLE,,,2021-01-22T17:02:52.577Z,,COORDINATE_ROUNDED;RECORDED_DATE_INVALID;ELEVATION_MIN_MAX_SWAPPED;TYPE_STATUS_INVALID;OCCURRENCE_STATUS_INFERRED_FROM_INDIVIDUAL_COUNT;AMBIGUOUS_COLLECTION;DIFFERENT_OWNER_INSTITUTION
1895027206,0159cf6b-6a46-4365-96f1-d7ca2511f082,urn:catalog:ENCB-IPN:ENCB:11152:cd1b1c993d292dc21a275fac85cfac29,Animalia,Chordata,Reptilia,Squamata,Viperidae,Crotalus,Crotalus triseriatus,,SPECIES,"Crotalus triseriatus Wagler, 1830",Crotalus triseriatus,"(Wagler, 1830)",MX,Tres Marías,Mexico,PRESENT,1,ff90b050-c256-11db-b71b-b8a03c50a862,19.734444,-98.971667,,,1100,1100,0,0,1980-10-29T00:00:00,29,10,1980,2444358,2444358,PRESERVED_SPECIMEN,ENCB-IPN,ENCB,11152,,"Alvarez, T.; Matias, F. N.",,CC_BY_4_0,Comisión Nacional para el Conocimiento y Uso de la Biodiversidad (CONABIO),"Gaona, R. S",,,2021-01-22T17:02:31.545Z,,COORDINATE_ROUNDED;GEODETIC_DATUM_ASSUMED_WGS84;ELEVATION_MIN_MAX_SWAPPED;TYPE_STATUS_INVALID;OCCURRENCE_STATUS_INFERRED_FROM_INDIVIDUAL_COUNT;INSTITUTION_COLLECTION_MISMATCH;DIFFERENT_OWNER_INSTITUTION
2629123903,63ed64cb-90b7-4ecc-b94c-3a0317742379,urn:catalog:ENCB-IPN:ENCB:11152:e4703420c0024ff6cf1ce537d2fc82c3,Animalia,Chordata,Reptilia,Squamata,Viperidae,Crotalus,Crotalus triseriatus,,SPECIES,"Crotalus triseriatus Wagler, 1830",Crotalus triseriatus subsp. triseriatus,"(Wagler, 1830)",MX,Tres Marías,Mexico,PRESENT,1,ff90b050-c256-11db-b71b-b8a03c50a862,19.731701,-98.964996,,,1120,1120,0,0,1980-10-29T00:00:00,29,10,1980,2444358,2444358,PRESERVED_SPECIMEN,ENCB-IPN,ENCB,11152,,T. ALVAREZ,,CC_BY_4_0,Comisión Nacional para el Conocimiento y Uso de la Biodiversidad (CONABIO),S. Gaona R.,,,2020-12-15T17:17:36.455Z,,COORDINATE_ROUNDED;TAXON_MATCH_HIGHERRANK;ELEVATION_MIN_MAX_SWAPPED;TYPE_STATUS_INVALID;OCCURRENCE_STATUS_INFERRED_FROM_INDIVIDUAL_COUNT;INSTITUTION_COLLECTION_MISMATCH;DIFFERENT_OWNER_INSTITUTION
2629124008,63ed64cb-90b7-4ecc-b94c-3a0317742379,urn:catalog:ENCB-IPN:ENCB:17075:416245388925acc3d7924c046a750be9,Animalia,Chordata,Reptilia,Squamata,Viperidae,Crotalus,Crotalus triseriatus,,SPECIES,"Crotalus triseriatus Wagler, 1830",Crotalus triseriatus,"(Wagler, 1830)",MX,"Volcán Pelagatos, 9 km S, 3 km E, Milpa Alta Tlacontenco",Mexico,PRESENT,1,ff90b050-c256-11db-b71b-b8a03c50a862,19.0914,-98.963302,,,0,0,0,0,2001-10-03T00:00:00,3,10,2001,2444358,2444358,PRESERVED_SPECIMEN,ENCB-IPN,ENCB,17075,,T. Alvarez; J. C. López V.,,CC_BY_4_0,Comisión Nacional para el Conocimiento y Uso de la Biodiversidad (CONABIO),F. J. Navarro F.,,,2020-12-15T17:17:42.412Z,,COORDINATE_ROUNDED;TYPE_STATUS_INVALID;OCCURRENCE_STATUS_INFERRED_FROM_INDIVIDUAL_COUNT;INSTITUTION_COLLECTION_MISMATCH;DIFFERENT_OWNER_INSTITUTION
1895324915,805548f4-f762-11e1-a439-00145eb45e9a,urn:catalog:CIB-UAEM:CARUM:472:c288a51e96e27f7c73a6fd2ad85cf429,Animalia,Chordata,Reptilia,Squamata,Viperidae,Crotalus,Crotalus triseriatus,,SPECIES,"Crotalus triseriatus Wagler, 1830",Crotalus triseriatus,"(Wagler, 1830)",MX,"Tepalcingo, Noreste del poblado  El Limón de Cuachichinola - Al noreste del poblado, en los cerros",Morelos,PRESENT,1,ff90b050-c256-11db-b71b-b8a03c50a862,18.52455023,-98.93565186,,,645,645,0,0,1981-10-30T00:00:00,30,10,1981,2444358,2444358,PRESERVED_SPECIMEN,CIB-UAEM,CARUM,472,,CFR,,CC_BY_4_0,Comisión Nacional para el Conocimiento y Uso de la Biodiversidad (CONABIO),CFR,SYNTYPE,,2021-01-22T17:16:13.362Z,,COORDINATE_ROUNDED;COORDINATE_REPROJECTED;ELEVATION_MIN_MAX_SWAPPED;OCCURRENCE_STATUS_INFERRED_FROM_INDIVIDUAL_COUNT;INSTITUTION_MATCH_NONE;COLLECTION_MATCH_NONE
1895028921,0159cf6b-6a46-4365-96f1-d7ca2511f082,urn:catalog:IBUNAM:CNAR:3109:e4a1f80b2d5f6f178ce322a60c7edc67,Animalia,Chordata,Reptilia,Squamata,Viperidae,Crotalus,Crotalus triseriatus,,SPECIES,"Crotalus triseriatus Wagler, 1830",Crotalus triseriatus subsp. triseriatus,"(Wagler, 1830)",MX,"Capulín, 2.5 km SW, entrada a potrerillos",Mexico,PRESENT,1,ff90b050-c256-11db-b71b-b8a03c50a862,19.301667,-98.876667,,,2300,0,0,0,1977-07-10T00:00:00,10,7,1977,2444358,2444358,PRESERVED_SPECIMEN,IBUNAM,CNAR,3109,,NO DISPONIBLE,,CC_BY_4_0,Comisión Nacional para el Conocimiento y Uso de la Biodiversidad (CONABIO),"Uribe, Z.",,,2021-01-22T17:02:29.780Z,,COORDINATE_ROUNDED;GEODETIC_DATUM_ASSUMED_WGS84;TAXON_MATCH_HIGHERRANK;TYPE_STATUS_INVALID;OCCURRENCE_STATUS_INFERRED_FROM_INDIVIDUAL_COUNT;COLLECTION_MATCH_NONE;DIFFERENT_OWNER_INSTITUTION
1895027196,0159cf6b-6a46-4365-96f1-d7ca2511f082,urn:catalog:ENCB-IPN:ENCB:12167:72c6f40dbc7f809ce7adcb9326419b93,Animalia,Chordata,Reptilia,Squamata,Viperidae,Crotalus,Crotalus triseriatus,,SPECIES,"Crotalus triseriatus Wagler, 1830",Crotalus triseriatus,"(Wagler, 1830)",MX,TENANGO DEL AIRE,Mexico,PRESENT,1,ff90b050-c256-11db-b71b-b8a03c50a862,19.158056,-98.858889,,,1150,1150,0,0,1984-01-08T00:00:00,8,1,1984,2444358,2444358,PRESERVED_SPECIMEN,ENCB-IPN,ENCB,12167,,"Alvarez, T.; Matias, F. N.",,CC_BY_4_0,Comisión Nacional para el Conocimiento y Uso de la Biodiversidad (CONABIO),"López, C.",,,2021-01-22T17:02:31.262Z,,COORDINATE_ROUNDED;GEODETIC_DATUM_ASSUMED_WGS84;ELEVATION_MIN_MAX_SWAPPED;TYPE_STATUS_INVALID;OCCURRENCE_STATUS_INFERRED_FROM_INDIVIDUAL_COUNT;INSTITUTION_COLLECTION_MISMATCH;DIFFERENT_OWNER_INSTITUTION
1895027099,0159cf6b-6a46-4365-96f1-d7ca2511f082,urn:catalog:ENCB-IPN:ENCB:7346:127b2184be3b4f1a55d0af98d0e4c56d,Animalia,Chordata,Reptilia,Squamata,Viperidae,Crotalus,Crotalus triseriatus,,SPECIES,"Crotalus triseriatus Wagler, 1830",Crotalus triseriatus,"(Wagler, 1830)",MX,zoquipan,Mexico,PRESENT,1,ff90b050-c256-11db-b71b-b8a03c50a862,19.316667,-98.85,,,1100,1100,0,0,1971-10-28T00:00:00,28,10,1971,2444358,2444358,PRESERVED_SPECIMEN,ENCB-IPN,ENCB,7346,,"Alvarez, T.; Matias, F. N.",,CC_BY_4_0,Comisión Nacional para el Conocimiento y Uso de la Biodiversidad (CONABIO),NO DISPONIBLE,,,2021-01-22T17:02:30.383Z,,COORDINATE_ROUNDED;GEODETIC_DATUM_ASSUMED_WGS84;ELEVATION_MIN_MAX_SWAPPED;TYPE_STATUS_INVALID;OCCURRENCE_STATUS_INFERRED_FROM_INDIVIDUAL_COUNT;INSTITUTION_COLLECTION_MISMATCH;DIFFERENT_OWNER_INSTITUTION
2629129458,63ed64cb-90b7-4ecc-b94c-3a0317742379,urn:catalog:ENCB-IPN:ENCB:10080:275f19b2817f35f1d3672e8e5bb62285,Animalia,Chordata,Reptilia,Squamata,Viperidae,Crotalus,Crotalus triseriatus,,SPECIES,"Crotalus triseriatus Wagler, 1830",Crotalus triseriatus subsp. triseriatus,"(Wagler, 1830)",MX,Parque Nacional Zoquiapan,Mexico,PRESENT,1,ff90b050-c256-11db-b71b-b8a03c50a862,19.319201,-98.849999,,,0,0,0,0,1977-07-19T00:00:00,19,7,1977,2444358,2444358,PRESERVED_SPECIMEN,ENCB-IPN,ENCB,10080,,T. ALVAREZ,,CC_BY_4_0,Comisión Nacional para el Conocimiento y Uso de la Biodiversidad (CONABIO),J. de Rosalez,,,2020-12-15T17:24:23.155Z,,COORDINATE_ROUNDED;TAXON_MATCH_HIGHERRANK;TYPE_STATUS_INVALID;OCCURRENCE_STATUS_INFERRED_FROM_INDIVIDUAL_COUNT;INSTITUTION_COLLECTION_MISMATCH;DIFFERENT_OWNER_INSTITUTION
1893321938,dcb23fa1-3f1a-4678-b11d-249787e79cae,urn:catalog:IBUNAM:CNAR:4246:54fbaa38423ac6cb7a0b17167d840195,Animalia,Chordata,Reptilia,Squamata,Viperidae,Crotalus,Crotalus triseriatus,,SPECIES,"Crotalus triseriatus Wagler, 1830",Crotalus triseriatus subsp. triseriatus,"(Wagler, 1830)",MX,Cerro Gordo (Cima),Mexico,PRESENT,1,ff90b050-c256-11db-b71b-b8a03c50a862,19.755,-98.83,,,1500,1500,0,0,1982-08-19T00:00:00,19,8,1982,2444358,2444358,PRESERVED_SPECIMEN,IBUNAM,CNAR,4246,,NO DISPONIBLE,,CC_BY_4_0,Comisión Nacional para el Conocimiento y Uso de la Biodiversidad (CONABIO),V. Terron; F. Méndez,,,2021-01-22T17:03:02.384Z,,GEODETIC_DATUM_ASSUMED_WGS84;TAXON_MATCH_HIGHERRANK;ELEVATION_MIN_MAX_SWAPPED;TYPE_STATUS_INVALID;OCCURRENCE_STATUS_INFERRED_FROM_INDIVIDUAL_COUNT;COLLECTION_MATCH_NONE;DIFFERENT_OWNER_INSTITUTION
2629135724,63ed64cb-90b7-4ecc-b94c-3a0317742379,urn:catalog:ENCB-IPN:ENCB:8603:8c4b0f7d1902e094a7c6cc93de0de7f1,Animalia,Chordata,Reptilia,Squamata,Viperidae,Crotalus,Crotalus triseriatus,,SPECIES,"Crotalus triseriatus Wagler, 1830",Crotalus triseriatus subsp. triseriatus,"(Wagler, 1830)",MX,"9 km N, 4 km W Tlamacas",Mexico,PRESENT,1,ff90b050-c256-11db-b71b-b8a03c50a862,19.189301,-98.8116,,,1930,1930,0,0,1976-04-11T00:00:00,11,4,1976,2444358,2444358,PRESERVED_SPECIMEN,ENCB-IPN,ENCB,8603,,T. ALVAREZ,,CC_BY_4_0,Comisión Nacional para el Conocimiento y Uso de la Biodiversidad (CONABIO),S. Gaona R.,,,2020-12-15T17:31:08.259Z,,COORDINATE_ROUNDED;TAXON_MATCH_HIGHERRANK;ELEVATION_MIN_MAX_SWAPPED;TYPE_STATUS_INVALID;OCCURRENCE_STATUS_INFERRED_FROM_INDIVIDUAL_COUNT;INSTITUTION_COLLECTION_MISMATCH;DIFFERENT_OWNER_INSTITUTION
2596433480,50c9509d-22c7-4a22-a47d-8c48425ef4a7,https://www.inaturalist.org/observations/40861953,Animalia,Chordata,Reptilia,Squamata,Viperidae,Crotalus,Crotalus triseriatus,,SPECIES,"Crotalus triseriatus Wagler, 1830",Crotalus triseriatus,,MX,,México,PRESENT,,28eb1a3f-1c15-4a95-931a-4af90ecb574d,19.390908,-98.795888,977,,,,,,2008-07-13T08:33:00,13,7,2008,2444358,2444358,HUMAN_OBSERVATION,iNaturalist,Observations,40861953,,Eric van den Berghe,2020-03-28T03:30:01,CC_BY_NC_4_0,Eric van den Berghe,Eric van den Berghe,,,2021-01-30T23:52:10.925Z,StillImage,COORDINATE_ROUNDED;GEODETIC_DATUM_ASSUMED_WGS84;INSTITUTION_MATCH_NONE;COLLECTION_MATCH_NONE
1895027143,0159cf6b-6a46-4365-96f1-d7ca2511f082,urn:catalog:ENCB-IPN:ENCB:1128:7478dc02ea2fbdbfd7ee72704e8a0ef0,Animalia,Chordata,Reptilia,Squamata,Viperidae,Crotalus,Crotalus triseriatus,,SPECIES,"Crotalus triseriatus Wagler, 1830",Crotalus triseriatus,"(Wagler, 1830)",MX,AMECAMECA,Mexico,PRESENT,1,ff90b050-c256-11db-b71b-b8a03c50a862,19.125,-98.779444,,,1230,1230,0,0,1964-09-14T00:00:00,14,9,1964,2444358,2444358,PRESERVED_SPECIMEN,ENCB-IPN,ENCB,1128,,"Alvarez, T.; Matias, F. N.",,CC_BY_4_0,Comisión Nacional para el Conocimiento y Uso de la Biodiversidad (CONABIO),"Barrera, A.",,,2021-01-22T17:02:30.868Z,,COORDINATE_ROUNDED;GEODETIC_DATUM_ASSUMED_WGS84;ELEVATION_MIN_MAX_SWAPPED;TYPE_STATUS_INVALID;OCCURRENCE_STATUS_INFERRED_FROM_INDIVIDUAL_COUNT;INSTITUTION_COLLECTION_MISMATCH;DIFFERENT_OWNER_INSTITUTION
1895028873,0159cf6b-6a46-4365-96f1-d7ca2511f082,urn:catalog:NO DISPONIBLE:NO APLICA:NO DISPONIBLE:03ea7ae42197ac25fe852ff0416c11a8,Animalia,Chordata,Reptilia,Squamata,Viperidae,Crotalus,Crotalus triseriatus,,SPECIES,"Crotalus triseriatus Wagler, 1830",Crotalus triseriatus subsp. triseriatus,"(Wagler, 1830)",MX,Tlamacas,Mexico,PRESENT,1,ff90b050-c256-11db-b71b-b8a03c50a862,19.056667,-98.777778,,,3300,600,0,0,,,,,2444358,2444358,UNKNOWN,NO DISPONIBLE,NO APLICA,NO DISPONIBLE,,NO DISPONIBLE,,CC_BY_4_0,Comisión Nacional para el Conocimiento y Uso de la Biodiversidad (CONABIO),NO DISPONIBLE,,,2021-01-22T17:02:31.599Z,,COORDINATE_ROUNDED;GEODETIC_DATUM_ASSUMED_WGS84;RECORDED_DATE_INVALID;TAXON_MATCH_HIGHERRANK;ELEVATION_MIN_MAX_SWAPPED;TYPE_STATUS_INVALID;OCCURRENCE_STATUS_INFERRED_FROM_INDIVIDUAL_COUNT;INSTITUTION_MATCH_NONE;COLLECTION_MATCH_NONE
1895027245,0159cf6b-6a46-4365-96f1-d7ca2511f082,urn:catalog:TCWC-TAMU:TCWC:859:15847b976c67d806b5d9c6be573dce8e,Animalia,Chordata,Reptilia,Squamata,Viperidae,Crotalus,Crotalus triseriatus,,SPECIES,"Crotalus triseriatus Wagler, 1830",Crotalus triseriatus,"(Wagler, 1830)",MX,55 km al ESE de la Cd. de México,Mexico,PRESENT,1,ff90b050-c256-11db-b71b-b8a03c50a862,19.380833,-98.763889,,,3300,100,0,0,1942-07-02T00:00:00,2,7,1942,2444358,2444358,PRESERVED_SPECIMEN,TCWC-TAMU,TCWC,859,,NO DISPONIBLE,,CC_BY_4_0,Comisión Nacional para el Conocimiento y Uso de la Biodiversidad (CONABIO),"Whisenhunt, M.",,,2021-01-22T17:02:30.807Z,,COORDINATE_ROUNDED;GEODETIC_DATUM_ASSUMED_WGS84;TYPE_STATUS_INVALID;OCCURRENCE_STATUS_INFERRED_FROM_INDIVIDUAL_COUNT;INSTITUTION_MATCH_NONE;COLLECTION_MATCH_FUZZY
1895027187,0159cf6b-6a46-4365-96f1-d7ca2511f082,urn:catalog:TCWC-TAMU:TCWC:860:7526dcb20b1f7d12d27dbf67352168af,Animalia,Chordata,Reptilia,Squamata,Viperidae,Crotalus,Crotalus triseriatus,,SPECIES,"Crotalus triseriatus Wagler, 1830",Crotalus triseriatus,"(Wagler, 1830)",MX,55 km al ESE de la Cd. de México,Mexico,PRESENT,1,ff90b050-c256-11db-b71b-b8a03c50a862,19.380833,-98.763889,,,3300,100,0,0,1942-07-02T00:00:00,2,7,1942,2444358,2444358,PRESERVED_SPECIMEN,TCWC-TAMU,TCWC,860,,NO DISPONIBLE,,CC_BY_4_0,Comisión Nacional para el Conocimiento y Uso de la Biodiversidad (CONABIO),"Whisenhunt, M.",,,2021-01-22T17:02:29.675Z,,COORDINATE_ROUNDED;GEODETIC_DATUM_ASSUMED_WGS84;TYPE_STATUS_INVALID;OCCURRENCE_STATUS_INFERRED_FROM_INDIVIDUAL_COUNT;INSTITUTION_MATCH_NONE;COLLECTION_MATCH_FUZZY
2629125401,63ed64cb-90b7-4ecc-b94c-3a0317742379,urn:catalog:ENCB-IPN:ENCB:1128:9cc79512a3527c0be035c61708ad7ea3,Animalia,Chordata,Reptilia,Squamata,Viperidae,Crotalus,Crotalus triseriatus,,SPECIES,"Crotalus triseriatus Wagler, 1830",Crotalus triseriatus,"(Wagler, 1830)",MX,AMECAMECA DE JUAREZ,Mexico,PRESENT,1,ff90b050-c256-11db-b71b-b8a03c50a862,19.128401,-98.763,,,1240,1240,0,0,1964-09-14T00:00:00,14,9,1964,2444358,2444358,PRESERVED_SPECIMEN,ENCB-IPN,ENCB,1128,,T. ALVAREZ,,CC_BY_4_0,Comisión Nacional para el Conocimiento y Uso de la Biodiversidad (CONABIO),A. Barrera M.,,,2020-12-15T17:19:33.534Z,,COORDINATE_ROUNDED;ELEVATION_MIN_MAX_SWAPPED;TYPE_STATUS_INVALID;OCCURRENCE_STATUS_INFERRED_FROM_INDIVIDUAL_COUNT;INSTITUTION_COLLECTION_MISMATCH;DIFFERENT_OWNER_INSTITUTION
1895028876,0159cf6b-6a46-4365-96f1-d7ca2511f082,urn:catalog:FC-UNAM:MZFC:54:378d532b5540343ea29e5a5d0da8bdef,Animalia,Chordata,Reptilia,Squamata,Viperidae,Crotalus,Crotalus triseriatus,,SPECIES,"Crotalus triseriatus Wagler, 1830",Crotalus triseriatus subsp. triseriatus,"(Wagler, 1830)",MX,"San Rafael, camino a Río Frío",Mexico,PRESENT,1,ff90b050-c256-11db-b71b-b8a03c50a862,19.184167,-98.754167,,,3050,350,0,0,1977-05-14T00:00:00,14,5,1977,2444358,2444358,PRESERVED_SPECIMEN,FC-UNAM,MZFC,54,,NO DISPONIBLE,,CC_BY_4_0,Comisión Nacional para el Conocimiento y Uso de la Biodiversidad (CONABIO),"Lara-Gongora, G.",,,2021-01-22T17:02:30.546Z,,COORDINATE_ROUNDED;GEODETIC_DATUM_ASSUMED_WGS84;TAXON_MATCH_HIGHERRANK;TYPE_STATUS_INVALID;OCCURRENCE_STATUS_INFERRED_FROM_INDIVIDUAL_COUNT;INSTITUTION_MATCH_NONE;COLLECTION_MATCH_NONE
2629133462,63ed64cb-90b7-4ecc-b94c-3a0317742379,urn:catalog:ENCB-IPN:ENCB:13971:14ab209fdf8479359c596b31c2ca844c,Animalia,Chordata,Reptilia,Squamata,Viperidae,Crotalus,Crotalus triseriatus,,SPECIES,"Crotalus triseriatus Wagler, 1830",Crotalus triseriatus subsp. triseriatus,"(Wagler, 1830)",MX,1 km E Paso de Cortés,Mexico,PRESENT,1,ff90b050-c256-11db-b71b-b8a03c50a862,19.1283,-98.753998,,,1800,1800,0,0,1988-06-22T00:00:00,22,6,1988,2444358,2444358,PRESERVED_SPECIMEN,ENCB-IPN,ENCB,13971,,T. ALVAREZ,,CC_BY_4_0,Comisión Nacional para el Conocimiento y Uso de la Biodiversidad (CONABIO),A. Vega L.,,,2020-12-15T17:28:51.482Z,,COORDINATE_ROUNDED;TAXON_MATCH_HIGHERRANK;ELEVATION_MIN_MAX_SWAPPED;TYPE_STATUS_INVALID;OCCURRENCE_STATUS_INFERRED_FROM_INDIVIDUAL_COUNT;INSTITUTION_COLLECTION_MISMATCH;DIFFERENT_OWNER_INSTITUTION
1895027076,0159cf6b-6a46-4365-96f1-d7ca2511f082,urn:catalog:ENCB-IPN:ENCB:8603:11245ac99a56157abfaf7ed16e3305ae,Animalia,Chordata,Reptilia,Squamata,Viperidae,Crotalus,Crotalus triseriatus,,SPECIES,"Crotalus triseriatus Wagler, 1830",Crotalus triseriatus,"(Wagler, 1830)",MX,"19 Km N, 4 Km SE Tlamacas",Mexico,PRESENT,1,ff90b050-c256-11db-b71b-b8a03c50a862,19.253889,-98.742222,,,1400,1400,0,0,1976-04-11T00:00:00,11,4,1976,2444358,2444358,PRESERVED_SPECIMEN,ENCB-IPN,ENCB,8603,,"Alvarez, T.; Matias, F. N.",,CC_BY_4_0,Comisión Nacional para el Conocimiento y Uso de la Biodiversidad (CONABIO),"Gaona, R. S",,,2021-01-22T17:02:29.794Z,,COORDINATE_ROUNDED;GEODETIC_DATUM_ASSUMED_WGS84;ELEVATION_MIN_MAX_SWAPPED;TYPE_STATUS_INVALID;OCCURRENCE_STATUS_INFERRED_FROM_INDIVIDUAL_COUNT;INSTITUTION_COLLECTION_MISMATCH;DIFFERENT_OWNER_INSTITUTION
1894950181,7feba584-f762-11e1-a439-00145eb45e9a,urn:catalog:FC-UNAM:MZFC:2007:f8a77cea41b21fdc9277a939e1b07728,Animalia,Chordata,Reptilia,Squamata,Viperidae,Crotalus,Crotalus triseriatus,,SPECIES,"Crotalus triseriatus Wagler, 1830",Crotalus triseriatus,"(Wagler, 1830)",MX,Parque Nacional El Chico,Hidalgo,PRESENT,1,ff90b050-c256-11db-b71b-b8a03c50a862,20.375,-98.741667,,,0,0,0,0,1985-02-10T00:00:00,10,2,1985,2444358,2444358,PRESERVED_SPECIMEN,FC-UNAM,MZFC,2007,,NO DISPONIBLE,,CC_BY_4_0,Comisión Nacional para el Conocimiento y Uso de la Biodiversidad (CONABIO),FRANCISCO SOBERON MOBARAK,,,2021-01-22T17:17:29.405Z,,COORDINATE_ROUNDED;GEODETIC_DATUM_ASSUMED_WGS84;TYPE_STATUS_INVALID;OCCURRENCE_STATUS_INFERRED_FROM_INDIVIDUAL_COUNT;INSTITUTION_MATCH_NONE;COLLECTION_MATCH_NONE
2629126964,63ed64cb-90b7-4ecc-b94c-3a0317742379,urn:catalog:ENCB-IPN:ENCB:6248:e4ced9861ab7ce51aeca95563b0a89e6,Animalia,Chordata,Reptilia,Squamata,Viperidae,Crotalus,Crotalus triseriatus,,SPECIES,"Crotalus triseriatus Wagler, 1830",Crotalus triseriatus,"(Wagler, 1830)",MX,"Las Ventanas, El Chico",Hidalgo,PRESENT,1,ff90b050-c256-11db-b71b-b8a03c50a862,20.187201,-98.735901,,,1450,1450,0,0,1969-08-07T00:00:00,7,8,1969,2444358,2444358,PRESERVED_SPECIMEN,ENCB-IPN,ENCB,6248,,T. ALVAREZ,,CC_BY_4_0,Comisión Nacional para el Conocimiento y Uso de la Biodiversidad (CONABIO),J. Ortíz J.,,,2020-12-15T17:21:31.307Z,,COORDINATE_ROUNDED;ELEVATION_MIN_MAX_SWAPPED;TYPE_STATUS_INVALID;OCCURRENCE_STATUS_INFERRED_FROM_INDIVIDUAL_COUNT;INSTITUTION_COLLECTION_MISMATCH;DIFFERENT_OWNER_INSTITUTION
1145402461,09c4287e-e6d5-4552-a07f-bff8a00833d8,http://arctos.database.museum/guid/MVZ:Herp:105116?seid=468463,Animalia,Chordata,Reptilia,Squamata,Viperidae,Crotalus,Crotalus triseriatus,,SPECIES,"Crotalus triseriatus Wagler, 1830",Crotalus triseriatus,,MX,El Chico National Park,Hidalgo,PRESENT,1,8edbbde0-055e-11d8-b850-b8a03c50a862,20.184154,-98.734437,5477,,2900,0,,,1972-08-01T00:00:00,1,8,1972,2444358,2444358,PRESERVED_SPECIMEN,MVZ,Amphibian and reptile specimens,MVZ:Herp:105116,M-1113,"Museum of Vertebrate Zoology, University of California, Berkeley",1999-01-27T00:00:00,CC0_1_0,,Collector(s): James F. Lynch,,,2021-01-29T01:10:31.777Z,,GEODETIC_DATUM_ASSUMED_WGS84;OCCURRENCE_STATUS_INFERRED_FROM_INDIVIDUAL_COUNT;COLLECTION_MATCH_NONE;INSTITUTION_MATCH_FUZZY
476715734,4bfac3ea-8763-4f4b-a71a-76a6f5f243d3,MCZ:Herp:R-167184,Animalia,Chordata,Reptilia,Squamata,Viperidae,Crotalus,Crotalus triseriatus,,SPECIES,"Crotalus triseriatus Wagler, 1830","Crotalus triseriatus (Wagler, 1830)","(Wagler, 1830)",MX,Mexico: Llano Grande area W of Rio Frio [VERBATIM ELEVATION:3200m],Mexico,PRESENT,1,b4640710-8e03-11d8-b956-b8a03c50a862,19.3167,-98.733299,,,,,,,1970-10-04T00:00:00,4,10,1970,2444358,2444358,PRESERVED_SPECIMEN,MCZ,Herp,R-167184,MCZ FS-Y26211,Catalog,,CC_BY_NC_4_0,President and Fellows of Harvard College,"William P. Hall, III",,,2021-01-27T22:27:39.696Z,,COORDINATE_ROUNDED;OCCURRENCE_STATUS_INFERRED_FROM_INDIVIDUAL_COUNT;INSTITUTION_COLLECTION_MISMATCH;DIFFERENT_OWNER_INSTITUTION
476757126,4bfac3ea-8763-4f4b-a71a-76a6f5f243d3,MCZ:Herp:R-122248,Animalia,Chordata,Reptilia,Squamata,Viperidae,Crotalus,Crotalus triseriatus,,SPECIES,"Crotalus triseriatus Wagler, 1830","Crotalus triseriatus triseriatus (Wagler, 1830)","(Wagler, 1830)",MX,Mexico Hwy. 190(old) 7.8km W. 3.4km S.Rio Frio [VERBATIM ELEVATION:3015m],Mexico,PRESENT,1,b4640710-8e03-11d8-b956-b8a03c50a862,19.29062566,-98.7300936,,,,,,,1968-08-22T00:00:00,22,8,1968,2444358,2444358,PRESERVED_SPECIMEN,MCZ,Herp,R-122248,65300,Catalog,,CC_BY_NC_4_0,President and Fellows of Harvard College,"William P. Hall, III",,,2021-01-27T22:28:36.243Z,,COORDINATE_REPROJECTED;TAXON_MATCH_HIGHERRANK;OCCURRENCE_STATUS_INFERRED_FROM_INDIVIDUAL_COUNT;INSTITUTION_COLLECTION_MISMATCH;DIFFERENT_OWNER_INSTITUTION
1893321934,dcb23fa1-3f1a-4678-b11d-249787e79cae,urn:catalog:IBUNAM:CNAR:1029:9787ba76b323235f99b970750087b032,Animalia,Chordata,Reptilia,Squamata,Viperidae,Crotalus,Crotalus triseriatus,,SPECIES,"Crotalus triseriatus Wagler, 1830",Crotalus triseriatus subsp. triseriatus,"(Wagler, 1830)",MX,El Chico (Parque Nacional),Hidalgo,PRESENT,1,ff90b050-c256-11db-b71b-b8a03c50a862,20.22,-98.73,,,1200,1200,0,0,1974-08-15T00:00:00,15,8,1974,2444358,2444358,PRESERVED_SPECIMEN,IBUNAM,CNAR,1029,,NO DISPONIBLE,,CC_BY_4_0,Comisión Nacional para el Conocimiento y Uso de la Biodiversidad (CONABIO),NO DISPONIBLE,,,2021-01-22T17:03:02.036Z,,GEODETIC_DATUM_ASSUMED_WGS84;TAXON_MATCH_HIGHERRANK;ELEVATION_MIN_MAX_SWAPPED;TYPE_STATUS_INVALID;OCCURRENCE_STATUS_INFERRED_FROM_INDIVIDUAL_COUNT;COLLECTION_MATCH_NONE;DIFFERENT_OWNER_INSTITUTION
1893321924,dcb23fa1-3f1a-4678-b11d-249787e79cae,urn:catalog:IBUNAM:CNAR:1030:80f801decfdd1fce06bf42b648e43f19,Animalia,Chordata,Reptilia,Squamata,Viperidae,Crotalus,Crotalus triseriatus,,SPECIES,"Crotalus triseriatus Wagler, 1830",Crotalus triseriatus subsp. triseriatus,"(Wagler, 1830)",MX,"El Chico, Hidalgo",Hidalgo,PRESENT,1,ff90b050-c256-11db-b71b-b8a03c50a862,20.22,-98.73,,,1200,1200,0,0,1973-07-01T00:00:00,,7,1973,2444358,2444358,PRESERVED_SPECIMEN,IBUNAM,CNAR,1030,,NO DISPONIBLE,,CC_BY_4_0,Comisión Nacional para el Conocimiento y Uso de la Biodiversidad (CONABIO),Alberto González R.,,,2021-01-22T17:03:01.767Z,,GEODETIC_DATUM_ASSUMED_WGS84;RECORDED_DATE_INVALID;TAXON_MATCH_HIGHERRANK;ELEVATION_MIN_MAX_SWAPPED;TYPE_STATUS_INVALID;OCCURRENCE_STATUS_INFERRED_FROM_INDIVIDUAL_COUNT;COLLECTION_MATCH_NONE;DIFFERENT_OWNER_INSTITUTION
1895028898,0159cf6b-6a46-4365-96f1-d7ca2511f082,urn:catalog:NO DISPONIBLE:NO APLICA:NO DISPONIBLE:6b73e1f66a7576d3b2ec80636604eb4b,Animalia,Chordata,Reptilia,Squamata,Viperidae,Crotalus,Crotalus triseriatus,,SPECIES,"Crotalus triseriatus Wagler, 1830",Crotalus triseriatus subsp. triseriatus,"(Wagler, 1830)",MX,"5 km al S, 6 km al W de Río Frío",Mexico,PRESENT,1,ff90b050-c256-11db-b71b-b8a03c50a862,19.302778,-98.728333,,,3000,0,0,0,,,,,2444358,2444358,UNKNOWN,NO DISPONIBLE,NO APLICA,NO DISPONIBLE,,NO DISPONIBLE,,CC_BY_4_0,Comisión Nacional para el Conocimiento y Uso de la Biodiversidad (CONABIO),NO DISPONIBLE,,,2021-01-22T17:02:30.350Z,,COORDINATE_ROUNDED;GEODETIC_DATUM_ASSUMED_WGS84;RECORDED_DATE_INVALID;TAXON_MATCH_HIGHERRANK;TYPE_STATUS_INVALID;OCCURRENCE_STATUS_INFERRED_FROM_INDIVIDUAL_COUNT;INSTITUTION_MATCH_NONE;COLLECTION_MATCH_NONE
1990460112,50c9509d-22c7-4a22-a47d-8c48425ef4a7,https://www.inaturalist.org/observations/18734749,Animalia,Chordata,Reptilia,Squamata,Viperidae,Crotalus,Crotalus triseriatus,,SPECIES,"Crotalus triseriatus Wagler, 1830",Crotalus triseriatus,,MX,,México,PRESENT,,28eb1a3f-1c15-4a95-931a-4af90ecb574d,19.324722,-98.726944,,,,,,,2018-11-13T14:22:21,13,11,2018,2444358,2444358,HUMAN_OBSERVATION,iNaturalist,Observations,18734749,,Prakrit,,CC_BY_NC_4_0,Dania Fuentes Mendez,Dania Fuentes Mendez,,,2021-01-30T23:49:54.456Z,StillImage,COORDINATE_ROUNDED;GEODETIC_DATUM_ASSUMED_WGS84;INSTITUTION_MATCH_NONE;COLLECTION_MATCH_NONE
1895028918,0159cf6b-6a46-4365-96f1-d7ca2511f082,urn:catalog:FC-UNAM:MZFC:3354:d9cc3393ff6f9467dc276927094637c5,Animalia,Chordata,Reptilia,Squamata,Viperidae,Crotalus,Crotalus triseriatus,,SPECIES,"Crotalus triseriatus Wagler, 1830",Crotalus triseriatus subsp. triseriatus,"(Wagler, 1830)",MX,"Parque Nacional Zoquiapan, Cañada del Quesero",Mexico,PRESENT,1,ff90b050-c256-11db-b71b-b8a03c50a862,19.346667,-98.725,,,2850,450,0,0,1981-12-01T00:00:00,,12,1981,2444358,2444358,PRESERVED_SPECIMEN,FC-UNAM,MZFC,3354,,NO DISPONIBLE,,CC_BY_4_0,Comisión Nacional para el Conocimiento y Uso de la Biodiversidad (CONABIO),"Lara-Gongora, G.",,,2021-01-22T17:02:29.604Z,,COORDINATE_ROUNDED;GEODETIC_DATUM_ASSUMED_WGS84;RECORDED_DATE_INVALID;TAXON_MATCH_HIGHERRANK;ELEVATION_MIN_MAX_SWAPPED;TYPE_STATUS_INVALID;OCCURRENCE_STATUS_INFERRED_FROM_INDIVIDUAL_COUNT;INSTITUTION_MATCH_NONE;COLLECTION_MATCH_NONE
1894918015,7feba584-f762-11e1-a439-00145eb45e9a,urn:catalog:FMNH:FMNH:103989:d42265e95d169b2fdface65c7c41f6fd,Animalia,Chordata,Reptilia,Squamata,Viperidae,Crotalus,Crotalus triseriatus,,SPECIES,"Crotalus triseriatus Wagler, 1830",Crotalus triseriatus subsp. triseriatus,"(Wagler, 1830)",MX,LLANO GRANDE,Mexico,PRESENT,1,ff90b050-c256-11db-b71b-b8a03c50a862,19.425,-98.725,,,0,0,0,0,1940-06-22T00:00:00,22,6,1940,2444358,2444358,PRESERVED_SPECIMEN,FMNH,FMNH,103989,,NO DISPONIBLE,,CC_BY_4_0,Comisión Nacional para el Conocimiento y Uso de la Biodiversidad (CONABIO),E.H. Taylor,,,2021-01-22T17:17:33.647Z,,GEODETIC_DATUM_ASSUMED_WGS84;TAXON_MATCH_HIGHERRANK;TYPE_STATUS_INVALID;OCCURRENCE_STATUS_INFERRED_FROM_INDIVIDUAL_COUNT;AMBIGUOUS_COLLECTION;INSTITUTION_MATCH_FUZZY
1894917829,7feba584-f762-11e1-a439-00145eb45e9a,urn:catalog:FMNH:FMNH:103992:a1093b976e51be81c8ef16e1dea432e6,Animalia,Chordata,Reptilia,Squamata,Viperidae,Crotalus,Crotalus triseriatus,,SPECIES,"Crotalus triseriatus Wagler, 1830",Crotalus triseriatus subsp. triseriatus,"(Wagler, 1830)",MX,LLANO GRANDE,Mexico,PRESENT,1,ff90b050-c256-11db-b71b-b8a03c50a862,19.425,-98.725,,,0,0,0,0,1940-06-22T00:00:00,22,6,1940,2444358,2444358,PRESERVED_SPECIMEN,FMNH,FMNH,103992,,NO DISPONIBLE,,CC_BY_4_0,Comisión Nacional para el Conocimiento y Uso de la Biodiversidad (CONABIO),E.H. Taylor,,,2021-01-22T17:17:39.943Z,,GEODETIC_DATUM_ASSUMED_WGS84;TAXON_MATCH_HIGHERRANK;TYPE_STATUS_INVALID;OCCURRENCE_STATUS_INFERRED_FROM_INDIVIDUAL_COUNT;AMBIGUOUS_COLLECTION;INSTITUTION_MATCH_FUZZY
2629135527,63ed64cb-90b7-4ecc-b94c-3a0317742379,urn:catalog:ENCB-IPN:ENCB:6594:77b95002362f1b397cc0748c7b9d8662,Animalia,Chordata,Reptilia,Squamata,Viperidae,Crotalus,Crotalus triseriatus,,SPECIES,"Crotalus triseriatus Wagler, 1830",Crotalus triseriatus subsp. triseriatus,"(Wagler, 1830)",MX,"5 Km S, 6 Km W Rio Frio",Mexico,PRESENT,1,ff90b050-c256-11db-b71b-b8a03c50a862,19.307501,-98.724403,,,1625,1625,0,0,1970-07-27T00:00:00,27,7,1970,2444358,2444358,PRESERVED_SPECIMEN,ENCB-IPN,ENCB,6594,,T. ALVAREZ,,CC_BY_4_0,Comisión Nacional para el Conocimiento y Uso de la Biodiversidad (CONABIO),P. Huerta M.,,,2020-12-15T17:31:00.937Z,,COORDINATE_ROUNDED;TAXON_MATCH_HIGHERRANK;ELEVATION_MIN_MAX_SWAPPED;TYPE_STATUS_INVALID;OCCURRENCE_STATUS_INFERRED_FROM_INDIVIDUAL_COUNT;INSTITUTION_COLLECTION_MISMATCH;DIFFERENT_OWNER_INSTITUTION
2629133117,63ed64cb-90b7-4ecc-b94c-3a0317742379,urn:catalog:ENCB-IPN:ENCB:6593:1a6775edf64d6b26e8095ff2c290290e,Animalia,Chordata,Reptilia,Squamata,Viperidae,Crotalus,Crotalus triseriatus,,SPECIES,"Crotalus triseriatus Wagler, 1830",Crotalus triseriatus subsp. triseriatus,"(Wagler, 1830)",MX,"5 Km S, 6 Km W Rio Frio",Mexico,PRESENT,1,ff90b050-c256-11db-b71b-b8a03c50a862,19.307501,-98.724403,,,1625,1625,0,0,1970-07-27T00:00:00,27,7,1970,2444358,2444358,PRESERVED_SPECIMEN,ENCB-IPN,ENCB,6593,,T. ALVAREZ,,CC_BY_4_0,Comisión Nacional para el Conocimiento y Uso de la Biodiversidad (CONABIO),P. Huerta M.,,,2020-12-15T17:28:28.925Z,,COORDINATE_ROUNDED;TAXON_MATCH_HIGHERRANK;ELEVATION_MIN_MAX_SWAPPED;TYPE_STATUS_INVALID;OCCURRENCE_STATUS_INFERRED_FROM_INDIVIDUAL_COUNT;INSTITUTION_COLLECTION_MISMATCH;DIFFERENT_OWNER_INSTITUTION
1895027262,0159cf6b-6a46-4365-96f1-d7ca2511f082,urn:catalog:ENCB-IPN:ENCB:6593:e236ec6b86252fd3e33f5843aeaba5cf,Animalia,Chordata,Reptilia,Squamata,Viperidae,Crotalus,Crotalus triseriatus,,SPECIES,"Crotalus triseriatus Wagler, 1830",Crotalus triseriatus,"(Wagler, 1830)",MX,"5 Km S, 6 Km W Rio Frio",Mexico,PRESENT,1,ff90b050-c256-11db-b71b-b8a03c50a862,19.305,-98.723611,,,1550,1550,0,0,1970-07-27T00:00:00,27,7,1970,2444358,2444358,PRESERVED_SPECIMEN,ENCB-IPN,ENCB,6593,,"Alvarez, T.; Matias, F. N.",,CC_BY_4_0,Comisión Nacional para el Conocimiento y Uso de la Biodiversidad (CONABIO),"Huerta,  M. P.",,,2021-01-22T17:02:31.544Z,,COORDINATE_ROUNDED;GEODETIC_DATUM_ASSUMED_WGS84;ELEVATION_MIN_MAX_SWAPPED;TYPE_STATUS_INVALID;OCCURRENCE_STATUS_INFERRED_FROM_INDIVIDUAL_COUNT;INSTITUTION_COLLECTION_MISMATCH;DIFFERENT_OWNER_INSTITUTION
1895027254,0159cf6b-6a46-4365-96f1-d7ca2511f082,urn:catalog:ENCB-IPN:ENCB:6594:e00783928d3320621d0b3fd160fb5166,Animalia,Chordata,Reptilia,Squamata,Viperidae,Crotalus,Crotalus triseriatus,,SPECIES,"Crotalus triseriatus Wagler, 1830",Crotalus triseriatus,"(Wagler, 1830)",MX,"5 Km S, 6 Km W Rio Frio",Mexico,PRESENT,1,ff90b050-c256-11db-b71b-b8a03c50a862,19.305,-98.723611,,,1550,1550,0,0,1970-07-27T00:00:00,27,7,1970,2444358,2444358,PRESERVED_SPECIMEN,ENCB-IPN,ENCB,6594,,"Alvarez, T.; Matias, F. N.",,CC_BY_4_0,Comisión Nacional para el Conocimiento y Uso de la Biodiversidad (CONABIO),"Huerta,  M. P.",,,2021-01-22T17:02:30.800Z,,COORDINATE_ROUNDED;GEODETIC_DATUM_ASSUMED_WGS84;ELEVATION_MIN_MAX_SWAPPED;TYPE_STATUS_INVALID;OCCURRENCE_STATUS_INFERRED_FROM_INDIVIDUAL_COUNT;INSTITUTION_COLLECTION_MISMATCH;DIFFERENT_OWNER_INSTITUTION
1895028971,0159cf6b-6a46-4365-96f1-d7ca2511f082,urn:catalog:IBUNAM:CNAR:2330:ecd0a0b80ebe593579b432850e39a552,Animalia,Chordata,Reptilia,Squamata,Viperidae,Crotalus,Crotalus triseriatus,,SPECIES,"Crotalus triseriatus Wagler, 1830",Crotalus triseriatus subsp. triseriatus,"(Wagler, 1830)",MX,15 km al SW de Río Frío,Mexico,PRESENT,1,ff90b050-c256-11db-b71b-b8a03c50a862,19.241111,-98.720556,,,3175,25,0,0,1977-10-25T00:00:00,25,10,1977,2444358,2444358,PRESERVED_SPECIMEN,IBUNAM,CNAR,2330,,NO DISPONIBLE,,CC_BY_4_0,Comisión Nacional para el Conocimiento y Uso de la Biodiversidad (CONABIO),Gpo. Biosfera,,,2021-01-22T17:02:30.755Z,,COORDINATE_ROUNDED;GEODETIC_DATUM_ASSUMED_WGS84;TAXON_MATCH_HIGHERRANK;TYPE_STATUS_INVALID;OCCURRENCE_STATUS_INFERRED_FROM_INDIVIDUAL_COUNT;COLLECTION_MATCH_NONE;DIFFERENT_OWNER_INSTITUTION
1895028965,0159cf6b-6a46-4365-96f1-d7ca2511f082,urn:catalog:IBUNAM:CNAR:1885:1c185acc30b4523ede02b4cd0941b6d5,Animalia,Chordata,Reptilia,Squamata,Viperidae,Crotalus,Crotalus triseriatus,,SPECIES,"Crotalus triseriatus Wagler, 1830",Crotalus triseriatus subsp. triseriatus,"(Wagler, 1830)",MX,15 km al SW de Río Frío,Mexico,PRESENT,1,ff90b050-c256-11db-b71b-b8a03c50a862,19.241111,-98.720556,,,3175,25,0,0,,,,,2444358,2444358,PRESERVED_SPECIMEN,IBUNAM,CNAR,1885,,NO DISPONIBLE,,CC_BY_4_0,Comisión Nacional para el Conocimiento y Uso de la Biodiversidad (CONABIO),"Ceballos, G.",,,2021-01-22T17:02:30.912Z,,COORDINATE_ROUNDED;GEODETIC_DATUM_ASSUMED_WGS84;RECORDED_DATE_INVALID;TAXON_MATCH_HIGHERRANK;TYPE_STATUS_INVALID;OCCURRENCE_STATUS_INFERRED_FROM_INDIVIDUAL_COUNT;COLLECTION_MATCH_NONE;DIFFERENT_OWNER_INSTITUTION
1895028941,0159cf6b-6a46-4365-96f1-d7ca2511f082,urn:catalog:IBUNAM:CNAR:2329:85b3daf2251bf0e2f457f7f58c2bf45c,Animalia,Chordata,Reptilia,Squamata,Viperidae,Crotalus,Crotalus triseriatus,,SPECIES,"Crotalus triseriatus Wagler, 1830",Crotalus triseriatus subsp. triseriatus,"(Wagler, 1830)",MX,15 km al SW de Río Frío,Mexico,PRESENT,1,ff90b050-c256-11db-b71b-b8a03c50a862,19.241111,-98.720556,,,3175,25,0,0,1977-10-19T00:00:00,19,10,1977,2444358,2444358,PRESERVED_SPECIMEN,IBUNAM,CNAR,2329,,NO DISPONIBLE,,CC_BY_4_0,Comisión Nacional para el Conocimiento y Uso de la Biodiversidad (CONABIO),Gpo. Biosfera,,,2021-01-22T17:02:29.676Z,,COORDINATE_ROUNDED;GEODETIC_DATUM_ASSUMED_WGS84;TAXON_MATCH_HIGHERRANK;TYPE_STATUS_INVALID;OCCURRENCE_STATUS_INFERRED_FROM_INDIVIDUAL_COUNT;COLLECTION_MATCH_NONE;DIFFERENT_OWNER_INSTITUTION
1895028925,0159cf6b-6a46-4365-96f1-d7ca2511f082,urn:catalog:IBUNAM:CNAR:1878:1a632195aba26da4de796260b3b089ce,Animalia,Chordata,Reptilia,Squamata,Viperidae,Crotalus,Crotalus triseriatus,,SPECIES,"Crotalus triseriatus Wagler, 1830",Crotalus triseriatus subsp. triseriatus,"(Wagler, 1830)",MX,15 km al SW de Río Frío,Mexico,PRESENT,1,ff90b050-c256-11db-b71b-b8a03c50a862,19.241111,-98.720556,,,3175,25,0,0,1977-10-23T00:00:00,23,10,1977,2444358,2444358,PRESERVED_SPECIMEN,IBUNAM,CNAR,1878,,NO DISPONIBLE,,CC_BY_4_0,Comisión Nacional para el Conocimiento y Uso de la Biodiversidad (CONABIO),Gpo. Biosfera,,,2021-01-22T17:02:30.722Z,,COORDINATE_ROUNDED;GEODETIC_DATUM_ASSUMED_WGS84;TAXON_MATCH_HIGHERRANK;TYPE_STATUS_INVALID;OCCURRENCE_STATUS_INFERRED_FROM_INDIVIDUAL_COUNT;COLLECTION_MATCH_NONE;DIFFERENT_OWNER_INSTITUTION
1895028889,0159cf6b-6a46-4365-96f1-d7ca2511f082,urn:catalog:IBUNAM:CNAR:2331:a57c0dc92ab53a4b6efaa98c57a46fdd,Animalia,Chordata,Reptilia,Squamata,Viperidae,Crotalus,Crotalus triseriatus,,SPECIES,"Crotalus triseriatus Wagler, 1830",Crotalus triseriatus subsp. triseriatus,"(Wagler, 1830)",MX,15 km al SW de Río Frío,Mexico,PRESENT,1,ff90b050-c256-11db-b71b-b8a03c50a862,19.241111,-98.720556,,,3175,25,0,0,1978-06-01T00:00:00,1,6,1978,2444358,2444358,PRESERVED_SPECIMEN,IBUNAM,CNAR,2331,,NO DISPONIBLE,,CC_BY_4_0,Comisión Nacional para el Conocimiento y Uso de la Biodiversidad (CONABIO),Gpo. Herpetol.,,,2021-01-22T17:02:31.368Z,,COORDINATE_ROUNDED;GEODETIC_DATUM_ASSUMED_WGS84;TAXON_MATCH_HIGHERRANK;TYPE_STATUS_INVALID;OCCURRENCE_STATUS_INFERRED_FROM_INDIVIDUAL_COUNT;COLLECTION_MATCH_NONE;DIFFERENT_OWNER_INSTITUTION
1895027156,0159cf6b-6a46-4365-96f1-d7ca2511f082,urn:catalog:ENCB-IPN:ENCB:7606:41b8232e2945f2dd5319d394120b4a3e,Animalia,Chordata,Reptilia,Squamata,Viperidae,Crotalus,Crotalus triseriatus,,SPECIES,"Crotalus triseriatus Wagler, 1830",Crotalus triseriatus,"(Wagler, 1830)",MX,"Llanos Aculco, Zoquiapan",Mexico,PRESENT,1,ff90b050-c256-11db-b71b-b8a03c50a862,19.330833,-98.720556,,,1600,1600,0,0,1972-09-02T00:00:00,2,9,1972,2444358,2444358,PRESERVED_SPECIMEN,ENCB-IPN,ENCB,7606,,"Alvarez, T.; Matias, F. N.",,CC_BY_4_0,Comisión Nacional para el Conocimiento y Uso de la Biodiversidad (CONABIO),"Magaña, J.",,,2021-01-22T17:02:31.094Z,,COORDINATE_ROUNDED;GEODETIC_DATUM_ASSUMED_WGS84;ELEVATION_MIN_MAX_SWAPPED;TYPE_STATUS_INVALID;OCCURRENCE_STATUS_INFERRED_FROM_INDIVIDUAL_COUNT;INSTITUTION_COLLECTION_MISMATCH;DIFFERENT_OWNER_INSTITUTION
1895027128,0159cf6b-6a46-4365-96f1-d7ca2511f082,urn:catalog:ENCB-IPN:ENCB:7605:2a0c483f842fd9316326debece7898a0,Animalia,Chordata,Reptilia,Squamata,Viperidae,Crotalus,Crotalus triseriatus,,SPECIES,"Crotalus triseriatus Wagler, 1830",Crotalus triseriatus,"(Wagler, 1830)",MX,"Llanos Aculco, Zoquiapan",Mexico,PRESENT,1,ff90b050-c256-11db-b71b-b8a03c50a862,19.330833,-98.720556,,,1600,1600,0,0,1972-09-02T00:00:00,2,9,1972,2444358,2444358,PRESERVED_SPECIMEN,ENCB-IPN,ENCB,7605,,"Alvarez, T.; Matias, F. N.",,CC_BY_4_0,Comisión Nacional para el Conocimiento y Uso de la Biodiversidad (CONABIO),"Magaña, J.",,,2021-01-22T17:02:30.697Z,,COORDINATE_ROUNDED;GEODETIC_DATUM_ASSUMED_WGS84;ELEVATION_MIN_MAX_SWAPPED;TYPE_STATUS_INVALID;OCCURRENCE_STATUS_INFERRED_FROM_INDIVIDUAL_COUNT;INSTITUTION_COLLECTION_MISMATCH;DIFFERENT_OWNER_INSTITUTION
1895027172,0159cf6b-6a46-4365-96f1-d7ca2511f082,urn:catalog:ENCB-IPN:ENCB:6635:15f83a72c3923ebe0365a9d8f9607ea9,Animalia,Chordata,Reptilia,Squamata,Viperidae,Crotalus,Crotalus triseriatus,,SPECIES,"Crotalus triseriatus Wagler, 1830",Crotalus triseriatus,"(Wagler, 1830)",MX,"Llano Grande, Río Frío",Mexico,PRESENT,1,ff90b050-c256-11db-b71b-b8a03c50a862,19.364167,-98.720556,,,1600,1600,0,0,1970-09-06T00:00:00,6,9,1970,2444358,2444358,PRESERVED_SPECIMEN,ENCB-IPN,ENCB,6635,,"Alvarez, T.; Matias, F. N.",,CC_BY_4_0,Comisión Nacional para el Conocimiento y Uso de la Biodiversidad (CONABIO),"Aguirre, L.",,,2021-01-22T17:02:31.321Z,,COORDINATE_ROUNDED;GEODETIC_DATUM_ASSUMED_WGS84;ELEVATION_MIN_MAX_SWAPPED;TYPE_STATUS_INVALID;OCCURRENCE_STATUS_INFERRED_FROM_INDIVIDUAL_COUNT;INSTITUTION_COLLECTION_MISMATCH;DIFFERENT_OWNER_INSTITUTION
1895028952,0159cf6b-6a46-4365-96f1-d7ca2511f082,urn:catalog:NO DISPONIBLE:NO APLICA:NO DISPONIBLE:9bc206b4dac3321b7ab911a4c7a59fce,Animalia,Chordata,Reptilia,Squamata,Viperidae,Crotalus,Crotalus triseriatus,,SPECIES,"Crotalus triseriatus Wagler, 1830",Crotalus triseriatus subsp. triseriatus,"(Wagler, 1830)",MX,"Llano Grande, Río Frío",Mexico,PRESENT,1,ff90b050-c256-11db-b71b-b8a03c50a862,19.331667,-98.72,,,2740,440,0,0,,,,,2444358,2444358,UNKNOWN,NO DISPONIBLE,NO APLICA,NO DISPONIBLE,,NO DISPONIBLE,,CC_BY_4_0,Comisión Nacional para el Conocimiento y Uso de la Biodiversidad (CONABIO),NO DISPONIBLE,,,2021-01-22T17:02:31.080Z,,COORDINATE_ROUNDED;GEODETIC_DATUM_ASSUMED_WGS84;RECORDED_DATE_INVALID;TAXON_MATCH_HIGHERRANK;ELEVATION_MIN_MAX_SWAPPED;TYPE_STATUS_INVALID;OCCURRENCE_STATUS_INFERRED_FROM_INDIVIDUAL_COUNT;INSTITUTION_MATCH_NONE;COLLECTION_MATCH_NONE
1895028986,0159cf6b-6a46-4365-96f1-d7ca2511f082,urn:catalog:NO DISPONIBLE:NO APLICA:NO DISPONIBLE:a16d958c41b1ec793612b88aeb0dd7a5,Animalia,Chordata,Reptilia,Squamata,Viperidae,Crotalus,Crotalus triseriatus,,SPECIES,"Crotalus triseriatus Wagler, 1830",Crotalus triseriatus subsp. triseriatus,"(Wagler, 1830)",MX,Parque Nacional Zoquiapan,Mexico,PRESENT,1,ff90b050-c256-11db-b71b-b8a03c50a862,19.316667,-98.718333,,,3300,100,0,0,,,,,2444358,2444358,UNKNOWN,NO DISPONIBLE,NO APLICA,NO DISPONIBLE,,NO DISPONIBLE,,CC_BY_4_0,Comisión Nacional para el Conocimiento y Uso de la Biodiversidad (CONABIO),NO DISPONIBLE,,,2021-01-22T17:02:30.926Z,,COORDINATE_ROUNDED;GEODETIC_DATUM_ASSUMED_WGS84;RECORDED_DATE_INVALID;TAXON_MATCH_HIGHERRANK;TYPE_STATUS_INVALID;OCCURRENCE_STATUS_INFERRED_FROM_INDIVIDUAL_COUNT;INSTITUTION_MATCH_NONE;COLLECTION_MATCH_NONE
1895028913,0159cf6b-6a46-4365-96f1-d7ca2511f082,urn:catalog:FC-UNAM:MZFC:3209:e61aced7d9482d8cbfd5ffc1f90d4e1a,Animalia,Chordata,Reptilia,Squamata,Viperidae,Crotalus,Crotalus triseriatus,,SPECIES,"Crotalus triseriatus Wagler, 1830",Crotalus triseriatus subsp. triseriatus,"(Wagler, 1830)",MX,Parque Nacional Zoquiapan,Mexico,PRESENT,1,ff90b050-c256-11db-b71b-b8a03c50a862,19.318333,-98.718333,,,2785,485,0,0,1985-06-26T00:00:00,26,6,1985,2444358,2444358,PRESERVED_SPECIMEN,FC-UNAM,MZFC,3209,,NO DISPONIBLE,,CC_BY_4_0,Comisión Nacional para el Conocimiento y Uso de la Biodiversidad (CONABIO),"Lara-Gongora, G.",,,2021-01-22T17:02:31.549Z,,COORDINATE_ROUNDED;GEODETIC_DATUM_ASSUMED_WGS84;TAXON_MATCH_HIGHERRANK;ELEVATION_MIN_MAX_SWAPPED;TYPE_STATUS_INVALID;OCCURRENCE_STATUS_INFERRED_FROM_INDIVIDUAL_COUNT;INSTITUTION_MATCH_NONE;COLLECTION_MATCH_NONE
1895027252,0159cf6b-6a46-4365-96f1-d7ca2511f082,urn:catalog:ENCB-IPN:ENCB:10080:f736920dd74b49c673545f3d7d300b08,Animalia,Chordata,Reptilia,Squamata,Viperidae,Crotalus,Crotalus triseriatus,,SPECIES,"Crotalus triseriatus Wagler, 1830",Crotalus triseriatus,"(Wagler, 1830)",MX,Parque Nacional Zoquiapan,Mexico,PRESENT,1,ff90b050-c256-11db-b71b-b8a03c50a862,19.318333,-98.718333,,,1635,1635,0,0,1977-07-09T00:00:00,9,7,1977,2444358,2444358,PRESERVED_SPECIMEN,ENCB-IPN,ENCB,10080,,"Alvarez, T.; Matias, F. N.",,CC_BY_4_0,Comisión Nacional para el Conocimiento y Uso de la Biodiversidad (CONABIO),"De J. Rosales, J.",,,2021-01-22T17:02:30.392Z,,COORDINATE_ROUNDED;GEODETIC_DATUM_ASSUMED_WGS84;ELEVATION_MIN_MAX_SWAPPED;TYPE_STATUS_INVALID;OCCURRENCE_STATUS_INFERRED_FROM_INDIVIDUAL_COUNT;INSTITUTION_COLLECTION_MISMATCH;DIFFERENT_OWNER_INSTITUTION
2860247390,50c9509d-22c7-4a22-a47d-8c48425ef4a7,https://www.inaturalist.org/observations/58392549,Animalia,Chordata,Reptilia,Squamata,Viperidae,Crotalus,Crotalus triseriatus,,SPECIES,"Crotalus triseriatus Wagler, 1830",Crotalus triseriatus,,MX,,México,PRESENT,,28eb1a3f-1c15-4a95-931a-4af90ecb574d,19.413552,-98.716256,132,,,,,,2020-06-20T09:56:21,20,6,2020,2444358,2444358,HUMAN_OBSERVATION,iNaturalist,Observations,58392549,,pablomulticinctus,2020-09-03T04:55:05,CC_BY_NC_4_0,Juvenal,Juvenal,,,2021-01-30T23:50:42.008Z,StillImage,COORDINATE_ROUNDED;GEODETIC_DATUM_ASSUMED_WGS84;INSTITUTION_MATCH_NONE;COLLECTION_MATCH_NONE
1895027274,0159cf6b-6a46-4365-96f1-d7ca2511f082,urn:catalog:LSU:LSU:40677:35d6f39c63c81aee20b1f909a19b4a4c,Animalia,Chordata,Reptilia,Squamata,Viperidae,Crotalus,Crotalus triseriatus,,SPECIES,"Crotalus triseriatus Wagler, 1830",Crotalus triseriatus,"(Wagler, 1830)",MX,"2 mi al W de Río Frío, por carr.",Mexico,PRESENT,1,ff90b050-c256-11db-b71b-b8a03c50a862,19.35,-98.711111,,,3450,50,0,0,1981-07-12T00:00:00,12,7,1981,2444358,2444358,PRESERVED_SPECIMEN,LSU,LSU,40677,,NO DISPONIBLE,,CC_BY_4_0,Comisión Nacional para el Conocimiento y Uso de la Biodiversidad (CONABIO),"Lawson, R.; Meier, A. J.",,,2021-01-22T17:02:30.475Z,,COORDINATE_ROUNDED;GEODETIC_DATUM_ASSUMED_WGS84;TYPE_STATUS_INVALID;OCCURRENCE_STATUS_INFERRED_FROM_INDIVIDUAL_COUNT;AMBIGUOUS_COLLECTION;DIFFERENT_OWNER_INSTITUTION
1895027228,0159cf6b-6a46-4365-96f1-d7ca2511f082,urn:catalog:LSU:LSU:40727:0c980b61f160496f0ff8ae4c735dbf1a,Animalia,Chordata,Reptilia,Squamata,Viperidae,Crotalus,Crotalus triseriatus,,SPECIES,"Crotalus triseriatus Wagler, 1830",Crotalus triseriatus,"(Wagler, 1830)",MX,"2 mi al W de Río Frío, por carr.",Mexico,PRESENT,1,ff90b050-c256-11db-b71b-b8a03c50a862,19.35,-98.711111,,,3450,50,0,0,1981-07-12T00:00:00,12,7,1981,2444358,2444358,PRESERVED_SPECIMEN,LSU,LSU,40727,,NO DISPONIBLE,,CC_BY_4_0,Comisión Nacional para el Conocimiento y Uso de la Biodiversidad (CONABIO),"Lawson, R.; Meier, A. J.",,,2021-01-22T17:02:29.669Z,,COORDINATE_ROUNDED;GEODETIC_DATUM_ASSUMED_WGS84;TYPE_STATUS_INVALID;OCCURRENCE_STATUS_INFERRED_FROM_INDIVIDUAL_COUNT;AMBIGUOUS_COLLECTION;DIFFERENT_OWNER_INSTITUTION
1895027193,0159cf6b-6a46-4365-96f1-d7ca2511f082,urn:catalog:LSU:LSU:40917:1562c07b06c08ede124965febe694138,Animalia,Chordata,Reptilia,Squamata,Viperidae,Crotalus,Crotalus triseriatus,,SPECIES,"Crotalus triseriatus Wagler, 1830",Crotalus triseriatus,"(Wagler, 1830)",MX,"2 mi al W de Río Frío, por carr.",Mexico,PRESENT,1,ff90b050-c256-11db-b71b-b8a03c50a862,19.35,-98.711111,,,3450,50,0,0,1981-07-12T00:00:00,12,7,1981,2444358,2444358,PRESERVED_SPECIMEN,LSU,LSU,40917,,NO DISPONIBLE,,CC_BY_4_0,Comisión Nacional para el Conocimiento y Uso de la Biodiversidad (CONABIO),"Lawson, R.; Meier, A. J.",,,2021-01-22T17:02:30.352Z,,COORDINATE_ROUNDED;GEODETIC_DATUM_ASSUMED_WGS84;TYPE_STATUS_INVALID;OCCURRENCE_STATUS_INFERRED_FROM_INDIVIDUAL_COUNT;AMBIGUOUS_COLLECTION;DIFFERENT_OWNER_INSTITUTION
1895027179,0159cf6b-6a46-4365-96f1-d7ca2511f082,urn:catalog:LSU:LSU:42125:051976804a6e45150794147108255d55,Animalia,Chordata,Reptilia,Squamata,Viperidae,Crotalus,Crotalus triseriatus,,SPECIES,"Crotalus triseriatus Wagler, 1830",Crotalus triseriatus,"(Wagler, 1830)",MX,"2 mi al W de Río Frío, por carr.",Mexico,PRESENT,1,ff90b050-c256-11db-b71b-b8a03c50a862,19.35,-98.711111,,,3450,50,0,0,1981-07-12T00:00:00,12,7,1981,2444358,2444358,PRESERVED_SPECIMEN,LSU,LSU,42125,,NO DISPONIBLE,,CC_BY_4_0,Comisión Nacional para el Conocimiento y Uso de la Biodiversidad (CONABIO),"Lawson, R.; Meier, A. J.",,,2021-01-22T17:02:31.164Z,,COORDINATE_ROUNDED;GEODETIC_DATUM_ASSUMED_WGS84;TYPE_STATUS_INVALID;OCCURRENCE_STATUS_INFERRED_FROM_INDIVIDUAL_COUNT;AMBIGUOUS_COLLECTION;DIFFERENT_OWNER_INSTITUTION
1895027167,0159cf6b-6a46-4365-96f1-d7ca2511f082,urn:catalog:LSU:LSU:40678:e4fce40a09c4afadc0fa18be369e6712,Animalia,Chordata,Reptilia,Squamata,Viperidae,Crotalus,Crotalus triseriatus,,SPECIES,"Crotalus triseriatus Wagler, 1830",Crotalus triseriatus,"(Wagler, 1830)",MX,"2 mi al W de Río Frío, por carr.",Mexico,PRESENT,1,ff90b050-c256-11db-b71b-b8a03c50a862,19.35,-98.711111,,,3450,50,0,0,1981-07-12T00:00:00,12,7,1981,2444358,2444358,PRESERVED_SPECIMEN,LSU,LSU,40678,,NO DISPONIBLE,,CC_BY_4_0,Comisión Nacional para el Conocimiento y Uso de la Biodiversidad (CONABIO),"Lawson, R.; Meier, A. J.",,,2021-01-22T17:02:30.537Z,,COORDINATE_ROUNDED;GEODETIC_DATUM_ASSUMED_WGS84;TYPE_STATUS_INVALID;OCCURRENCE_STATUS_INFERRED_FROM_INDIVIDUAL_COUNT;AMBIGUOUS_COLLECTION;DIFFERENT_OWNER_INSTITUTION
1895027144,0159cf6b-6a46-4365-96f1-d7ca2511f082,urn:catalog:LSU:LSU:42126:84b0fcbebc585d669985e44c24ceca07,Animalia,Chordata,Reptilia,Squamata,Viperidae,Crotalus,Crotalus triseriatus,,SPECIES,"Crotalus triseriatus Wagler, 1830",Crotalus triseriatus,"(Wagler, 1830)",MX,"2 mi al W de Río Frío, por carr.",Mexico,PRESENT,1,ff90b050-c256-11db-b71b-b8a03c50a862,19.35,-98.711111,,,3450,50,0,0,1981-07-12T00:00:00,12,7,1981,2444358,2444358,PRESERVED_SPECIMEN,LSU,LSU,42126,,NO DISPONIBLE,,CC_BY_4_0,Comisión Nacional para el Conocimiento y Uso de la Biodiversidad (CONABIO),"Lawson, R.",,,2021-01-22T17:02:30.979Z,,COORDINATE_ROUNDED;GEODETIC_DATUM_ASSUMED_WGS84;TYPE_STATUS_INVALID;OCCURRENCE_STATUS_INFERRED_FROM_INDIVIDUAL_COUNT;AMBIGUOUS_COLLECTION;DIFFERENT_OWNER_INSTITUTION
1895028926,0159cf6b-6a46-4365-96f1-d7ca2511f082,urn:catalog:NO DISPONIBLE:NO APLICA:NO DISPONIBLE:2f04d676dc17c430088614e7412c7cab,Animalia,Chordata,Reptilia,Squamata,Viperidae,Crotalus,Crotalus triseriatus,,SPECIES,"Crotalus triseriatus Wagler, 1830",Crotalus triseriatus subsp. triseriatus,"(Wagler, 1830)",MX,"2 km al S, 4 km al W de Río Frío",Mexico,PRESENT,1,ff90b050-c256-11db-b71b-b8a03c50a862,19.33,-98.708333,,,3280,20,0,0,,,,,2444358,2444358,UNKNOWN,NO DISPONIBLE,NO APLICA,NO DISPONIBLE,,NO DISPONIBLE,,CC_BY_4_0,Comisión Nacional para el Conocimiento y Uso de la Biodiversidad (CONABIO),NO DISPONIBLE,,,2021-01-22T17:02:30.166Z,,COORDINATE_ROUNDED;GEODETIC_DATUM_ASSUMED_WGS84;RECORDED_DATE_INVALID;TAXON_MATCH_HIGHERRANK;TYPE_STATUS_INVALID;OCCURRENCE_STATUS_INFERRED_FROM_INDIVIDUAL_COUNT;INSTITUTION_MATCH_NONE;COLLECTION_MATCH_NONE
1895028956,0159cf6b-6a46-4365-96f1-d7ca2511f082,urn:catalog:IBUNAM:CNAR:3997:1a947aa16b4704c00c228dc0c93ec1cf,Animalia,Chordata,Reptilia,Squamata,Viperidae,Crotalus,Crotalus triseriatus,,SPECIES,"Crotalus triseriatus Wagler, 1830",Crotalus triseriatus subsp. triseriatus,"(Wagler, 1830)",MX,Rancho Viejo,Mexico,PRESENT,1,ff90b050-c256-11db-b71b-b8a03c50a862,19.333333,-98.708333,,,2550,650,0,0,1981-10-04T00:00:00,4,10,1981,2444358,2444358,PRESERVED_SPECIMEN,IBUNAM,CNAR,3997,,NO DISPONIBLE,,CC_BY_4_0,Comisión Nacional para el Conocimiento y Uso de la Biodiversidad (CONABIO),"Sagredo, J. A.",,,2021-01-22T17:02:30.262Z,,COORDINATE_ROUNDED;GEODETIC_DATUM_ASSUMED_WGS84;TAXON_MATCH_HIGHERRANK;ELEVATION_MIN_MAX_SWAPPED;TYPE_STATUS_INVALID;OCCURRENCE_STATUS_INFERRED_FROM_INDIVIDUAL_COUNT;COLLECTION_MATCH_NONE;DIFFERENT_OWNER_INSTITUTION
1895027215,0159cf6b-6a46-4365-96f1-d7ca2511f082,urn:catalog:ENCB-IPN:ENCB:5958:adcdc7aefa4e9f7e18a99ff2a000e6e4,Animalia,Chordata,Reptilia,Squamata,Viperidae,Crotalus,Crotalus triseriatus,,SPECIES,"Crotalus triseriatus Wagler, 1830",Crotalus triseriatus,"(Wagler, 1830)",MX,"2 Km S, 4 Km W Rio Frio",Mexico,PRESENT,1,ff90b050-c256-11db-b71b-b8a03c50a862,19.337222,-98.708056,,,1600,1600,0,0,1968-09-20T00:00:00,20,9,1968,2444358,2444358,PRESERVED_SPECIMEN,ENCB-IPN,ENCB,5958,,"Alvarez, T.; Matias, F. N.",,CC_BY_4_0,Comisión Nacional para el Conocimiento y Uso de la Biodiversidad (CONABIO),"Alvarez, T.; Ocaña, A.",,,2021-01-22T17:02:31.522Z,,COORDINATE_ROUNDED;GEODETIC_DATUM_ASSUMED_WGS84;ELEVATION_MIN_MAX_SWAPPED;TYPE_STATUS_INVALID;OCCURRENCE_STATUS_INFERRED_FROM_INDIVIDUAL_COUNT;INSTITUTION_COLLECTION_MISMATCH;DIFFERENT_OWNER_INSTITUTION
1895027212,0159cf6b-6a46-4365-96f1-d7ca2511f082,urn:catalog:ENCB-IPN:ENCB:5961:1b2ab33b05f02d769a72be39e589d58e,Animalia,Chordata,Reptilia,Squamata,Viperidae,Crotalus,Crotalus triseriatus,,SPECIES,"Crotalus triseriatus Wagler, 1830",Crotalus triseriatus,"(Wagler, 1830)",MX,"2 Km S, 4 Km W Rio Frio",Mexico,PRESENT,1,ff90b050-c256-11db-b71b-b8a03c50a862,19.337222,-98.708056,,,1600,1600,0,0,1968-09-20T00:00:00,20,9,1968,2444358,2444358,PRESERVED_SPECIMEN,ENCB-IPN,ENCB,5961,,"Alvarez, T.; Matias, F. N.",,CC_BY_4_0,Comisión Nacional para el Conocimiento y Uso de la Biodiversidad (CONABIO),"Alvarez, T.; Ocaña, A.",,,2021-01-22T17:02:30.870Z,,COORDINATE_ROUNDED;GEODETIC_DATUM_ASSUMED_WGS84;ELEVATION_MIN_MAX_SWAPPED;TYPE_STATUS_INVALID;OCCURRENCE_STATUS_INFERRED_FROM_INDIVIDUAL_COUNT;INSTITUTION_COLLECTION_MISMATCH;DIFFERENT_OWNER_INSTITUTION
1895027178,0159cf6b-6a46-4365-96f1-d7ca2511f082,urn:catalog:ENCB-IPN:ENCB:5960:22a377fc62db86ce849e08c201a6733f,Animalia,Chordata,Reptilia,Squamata,Viperidae,Crotalus,Crotalus triseriatus,,SPECIES,"Crotalus triseriatus Wagler, 1830",Crotalus triseriatus,"(Wagler, 1830)",MX,"2 Km S, 4 Km W Rio Frio",Mexico,PRESENT,1,ff90b050-c256-11db-b71b-b8a03c50a862,19.337222,-98.708056,,,1600,1600,0,0,1968-09-20T00:00:00,20,9,1968,2444358,2444358,PRESERVED_SPECIMEN,ENCB-IPN,ENCB,5960,,"Alvarez, T.; Matias, F. N.",,CC_BY_4_0,Comisión Nacional para el Conocimiento y Uso de la Biodiversidad (CONABIO),"Alvarez, T.; Ocaña, A.",,,2021-01-22T17:02:31.081Z,,COORDINATE_ROUNDED;GEODETIC_DATUM_ASSUMED_WGS84;ELEVATION_MIN_MAX_SWAPPED;TYPE_STATUS_INVALID;OCCURRENCE_STATUS_INFERRED_FROM_INDIVIDUAL_COUNT;INSTITUTION_COLLECTION_MISMATCH;DIFFERENT_OWNER_INSTITUTION
1895027169,0159cf6b-6a46-4365-96f1-d7ca2511f082,urn:catalog:ENCB-IPN:ENCB:5959:2b365dccf20d57582ba90baf3a4a4fc8,Animalia,Chordata,Reptilia,Squamata,Viperidae,Crotalus,Crotalus triseriatus,,SPECIES,"Crotalus triseriatus Wagler, 1830",Crotalus triseriatus,"(Wagler, 1830)",MX,"2 Km S, 4 Km W Rio Frio",Mexico,PRESENT,1,ff90b050-c256-11db-b71b-b8a03c50a862,19.337222,-98.708056,,,1600,1600,0,0,1968-09-20T00:00:00,20,9,1968,2444358,2444358,PRESERVED_SPECIMEN,ENCB-IPN,ENCB,5959,,"Alvarez, T.; Matias, F. N.",,CC_BY_4_0,Comisión Nacional para el Conocimiento y Uso de la Biodiversidad (CONABIO),"Alvarez, T.; Ocaña, A.",,,2021-01-22T17:02:30.457Z,,COORDINATE_ROUNDED;GEODETIC_DATUM_ASSUMED_WGS84;ELEVATION_MIN_MAX_SWAPPED;TYPE_STATUS_INVALID;OCCURRENCE_STATUS_INFERRED_FROM_INDIVIDUAL_COUNT;INSTITUTION_COLLECTION_MISMATCH;DIFFERENT_OWNER_INSTITUTION
1895027137,0159cf6b-6a46-4365-96f1-d7ca2511f082,urn:catalog:ENCB-IPN:ENCB:5957:4d9545fbcaa87afe1ac572e86068de4f,Animalia,Chordata,Reptilia,Squamata,Viperidae,Crotalus,Crotalus triseriatus,,SPECIES,"Crotalus triseriatus Wagler, 1830",Crotalus triseriatus,"(Wagler, 1830)",MX,"2 Km S, 4 Km W Rio Frio",Mexico,PRESENT,1,ff90b050-c256-11db-b71b-b8a03c50a862,19.337222,-98.708056,,,1600,1600,0,0,1968-09-20T00:00:00,20,9,1968,2444358,2444358,PRESERVED_SPECIMEN,ENCB-IPN,ENCB,5957,,"Alvarez, T.; Matias, F. N.",,CC_BY_4_0,Comisión Nacional para el Conocimiento y Uso de la Biodiversidad (CONABIO),"Alvarez, T.; Ocaña, A.",,,2021-01-22T17:02:31.598Z,,COORDINATE_ROUNDED;GEODETIC_DATUM_ASSUMED_WGS84;ELEVATION_MIN_MAX_SWAPPED;TYPE_STATUS_INVALID;OCCURRENCE_STATUS_INFERRED_FROM_INDIVIDUAL_COUNT;INSTITUTION_COLLECTION_MISMATCH;DIFFERENT_OWNER_INSTITUTION
1895027163,0159cf6b-6a46-4365-96f1-d7ca2511f082,urn:catalog:TCWC-TAMU:TCWC:710:d2d45f03f165172d0369f4b595b96d06,Animalia,Chordata,Reptilia,Squamata,Viperidae,Crotalus,Crotalus triseriatus,,SPECIES,"Crotalus triseriatus Wagler, 1830",Crotalus triseriatus,"(Wagler, 1830)",MX,"Monte Río Frío, 47 km ESE de la Cd. de México",Mexico,PRESENT,1,ff90b050-c256-11db-b71b-b8a03c50a862,19.341667,-98.707778,,,3500,300,0,0,1941-06-25T00:00:00,25,6,1941,2444358,2444358,PRESERVED_SPECIMEN,TCWC-TAMU,TCWC,710,,NO DISPONIBLE,,CC_BY_4_0,Comisión Nacional para el Conocimiento y Uso de la Biodiversidad (CONABIO),"Haines, R. L.",,,2021-01-22T17:02:30.910Z,,COORDINATE_ROUNDED;GEODETIC_DATUM_ASSUMED_WGS84;TYPE_STATUS_INVALID;OCCURRENCE_STATUS_INFERRED_FROM_INDIVIDUAL_COUNT;INSTITUTION_MATCH_NONE;COLLECTION_MATCH_FUZZY
2629137638,63ed64cb-90b7-4ecc-b94c-3a0317742379,urn:catalog:ENCB-IPN:ENCB:5960:453c026b40afa0ca65e0be340d0fcc0e,Animalia,Chordata,Reptilia,Squamata,Viperidae,Crotalus,Crotalus triseriatus,,SPECIES,"Crotalus triseriatus Wagler, 1830",Crotalus triseriatus subsp. triseriatus,"(Wagler, 1830)",MX,"2 Km S, 4 Km W Rio Frio",Mexico,PRESENT,1,ff90b050-c256-11db-b71b-b8a03c50a862,19.335301,-98.7061,,,1550,1550,0,0,1968-09-20T00:00:00,20,9,1968,2444358,2444358,PRESERVED_SPECIMEN,ENCB-IPN,ENCB,5960,,T. ALVAREZ,,CC_BY_4_0,Comisión Nacional para el Conocimiento y Uso de la Biodiversidad (CONABIO),T. Álvarez; A. Ocaña M.,,,2020-12-15T17:33:22.502Z,,COORDINATE_ROUNDED;TAXON_MATCH_HIGHERRANK;ELEVATION_MIN_MAX_SWAPPED;TYPE_STATUS_INVALID;OCCURRENCE_STATUS_INFERRED_FROM_INDIVIDUAL_COUNT;INSTITUTION_COLLECTION_MISMATCH;DIFFERENT_OWNER_INSTITUTION
2629136329,63ed64cb-90b7-4ecc-b94c-3a0317742379,urn:catalog:ENCB-IPN:ENCB:5997:a5ead343abf4c0baf1aa0fe75394d56d,Animalia,Chordata,Reptilia,Squamata,Viperidae,Crotalus,Crotalus triseriatus,,SPECIES,"Crotalus triseriatus Wagler, 1830",Crotalus triseriatus,"(Wagler, 1830)",MX,"2 Km S, 4 Km W Rio Frio",Mexico,PRESENT,1,ff90b050-c256-11db-b71b-b8a03c50a862,19.335301,-98.7061,,,1550,1550,0,0,1969-07-11T00:00:00,11,7,1969,2444358,2444358,PRESERVED_SPECIMEN,ENCB-IPN,ENCB,5997,,T. ALVAREZ,,CC_BY_4_0,Comisión Nacional para el Conocimiento y Uso de la Biodiversidad (CONABIO),W. P. Hall,,,2020-12-15T17:31:46.759Z,,COORDINATE_ROUNDED;ELEVATION_MIN_MAX_SWAPPED;TYPE_STATUS_INVALID;OCCURRENCE_STATUS_INFERRED_FROM_INDIVIDUAL_COUNT;INSTITUTION_COLLECTION_MISMATCH;DIFFERENT_OWNER_INSTITUTION
2629133482,63ed64cb-90b7-4ecc-b94c-3a0317742379,urn:catalog:ENCB-IPN:ENCB:5957:a04c1577b907443e05661637311ebc96,Animalia,Chordata,Reptilia,Squamata,Viperidae,Crotalus,Crotalus triseriatus,,SPECIES,"Crotalus triseriatus Wagler, 1830",Crotalus triseriatus subsp. triseriatus,"(Wagler, 1830)",MX,"2 Km S, 4 Km W Rio Frio",Mexico,PRESENT,1,ff90b050-c256-11db-b71b-b8a03c50a862,19.335301,-98.7061,,,1550,1550,0,0,1968-09-20T00:00:00,20,9,1968,2444358,2444358,PRESERVED_SPECIMEN,ENCB-IPN,ENCB,5957,,T. ALVAREZ,,CC_BY_4_0,Comisión Nacional para el Conocimiento y Uso de la Biodiversidad (CONABIO),T. Álvarez; A. Ocaña M.,,,2020-12-15T17:28:51.502Z,,COORDINATE_ROUNDED;TAXON_MATCH_HIGHERRANK;ELEVATION_MIN_MAX_SWAPPED;TYPE_STATUS_INVALID;OCCURRENCE_STATUS_INFERRED_FROM_INDIVIDUAL_COUNT;INSTITUTION_COLLECTION_MISMATCH;DIFFERENT_OWNER_INSTITUTION
2629131363,63ed64cb-90b7-4ecc-b94c-3a0317742379,urn:catalog:ENCB-IPN:ENCB:5959:f2b3f5a10ab058a841e326b892b43e12,Animalia,Chordata,Reptilia,Squamata,Viperidae,Crotalus,Crotalus triseriatus,,SPECIES,"Crotalus triseriatus Wagler, 1830",Crotalus triseriatus subsp. triseriatus,"(Wagler, 1830)",MX,"2 Km S, 4 Km W Rio Frio",Mexico,PRESENT,1,ff90b050-c256-11db-b71b-b8a03c50a862,19.335301,-98.7061,,,1550,1550,0,0,1968-09-20T00:00:00,20,9,1968,2444358,2444358,PRESERVED_SPECIMEN,ENCB-IPN,ENCB,5959,,T. ALVAREZ,,CC_BY_4_0,Comisión Nacional para el Conocimiento y Uso de la Biodiversidad (CONABIO),T. Álvarez; A. Ocaña M.,,,2020-12-15T17:26:29.168Z,,COORDINATE_ROUNDED;TAXON_MATCH_HIGHERRANK;ELEVATION_MIN_MAX_SWAPPED;TYPE_STATUS_INVALID;OCCURRENCE_STATUS_INFERRED_FROM_INDIVIDUAL_COUNT;INSTITUTION_COLLECTION_MISMATCH;DIFFERENT_OWNER_INSTITUTION
2629128163,63ed64cb-90b7-4ecc-b94c-3a0317742379,urn:catalog:ENCB-IPN:ENCB:5958:9cb505b97733a5f36127e242ef4601ce,Animalia,Chordata,Reptilia,Squamata,Viperidae,Crotalus,Crotalus triseriatus,,SPECIES,"Crotalus triseriatus Wagler, 1830",Crotalus triseriatus subsp. triseriatus,"(Wagler, 1830)",MX,"2 Km S, 4 Km W Rio Frio",Mexico,PRESENT,1,ff90b050-c256-11db-b71b-b8a03c50a862,19.335301,-98.7061,,,1550,1550,0,0,1968-09-20T00:00:00,20,9,1968,2444358,2444358,PRESERVED_SPECIMEN,ENCB-IPN,ENCB,5958,,T. ALVAREZ,,CC_BY_4_0,Comisión Nacional para el Conocimiento y Uso de la Biodiversidad (CONABIO),T. Álvarez; A. Ocaña M.,,,2020-12-15T17:23:00.891Z,,COORDINATE_ROUNDED;TAXON_MATCH_HIGHERRANK;ELEVATION_MIN_MAX_SWAPPED;TYPE_STATUS_INVALID;OCCURRENCE_STATUS_INFERRED_FROM_INDIVIDUAL_COUNT;INSTITUTION_COLLECTION_MISMATCH;DIFFERENT_OWNER_INSTITUTION
2629127502,63ed64cb-90b7-4ecc-b94c-3a0317742379,urn:catalog:ENCB-IPN:ENCB:5961:3b74dcde665d2be39af3d23f568e7b2c,Animalia,Chordata,Reptilia,Squamata,Viperidae,Crotalus,Crotalus triseriatus,,SPECIES,"Crotalus triseriatus Wagler, 1830",Crotalus triseriatus subsp. triseriatus,"(Wagler, 1830)",MX,"2 Km S, 4 Km W Rio Frio",Mexico,PRESENT,1,ff90b050-c256-11db-b71b-b8a03c50a862,19.335301,-98.7061,,,1550,1550,0,0,1968-09-20T00:00:00,20,9,1968,2444358,2444358,PRESERVED_SPECIMEN,ENCB-IPN,ENCB,5961,,T. ALVAREZ,,CC_BY_4_0,Comisión Nacional para el Conocimiento y Uso de la Biodiversidad (CONABIO),T. Álvarez; A. Ocaña M.,,,2020-12-15T17:22:08.349Z,,COORDINATE_ROUNDED;TAXON_MATCH_HIGHERRANK;ELEVATION_MIN_MAX_SWAPPED;TYPE_STATUS_INVALID;OCCURRENCE_STATUS_INFERRED_FROM_INDIVIDUAL_COUNT;INSTITUTION_COLLECTION_MISMATCH;DIFFERENT_OWNER_INSTITUTION
891153347,50c9509d-22c7-4a22-a47d-8c48425ef4a7,http://conabio.inaturalist.org/observations/268884,Animalia,Chordata,Reptilia,Squamata,Viperidae,Crotalus,Crotalus triseriatus,,SPECIES,"Crotalus triseriatus Wagler, 1830",Crotalus triseriatus,,MX,,México,PRESENT,,28eb1a3f-1c15-4a95-931a-4af90ecb574d,19.207428,-98.701172,,,,,,,2012-11-24T00:00:00,24,11,2012,2444358,2444358,HUMAN_OBSERVATION,iNaturalist,Observations,268884,,Kenneth Bader,2013-05-26T17:46:52,CC_BY_NC_4_0,elmanu,elmanu,,,2021-01-30T23:51:07.538Z,StillImage,GEODETIC_DATUM_ASSUMED_WGS84;INSTITUTION_MATCH_NONE;COLLECTION_MATCH_NONE
1088957190,50c9509d-22c7-4a22-a47d-8c48425ef4a7,http://conabio.inaturalist.org/observations/1420447,Animalia,Chordata,Reptilia,Squamata,Viperidae,Crotalus,Crotalus triseriatus,,SPECIES,"Crotalus triseriatus Wagler, 1830",Crotalus triseriatus,,MX,,México,PRESENT,,28eb1a3f-1c15-4a95-931a-4af90ecb574d,19.012315,-98.699982,10000,,,,,,2015-04-22T00:00:00,22,4,2015,2444358,2444358,HUMAN_OBSERVATION,iNaturalist,Observations,1420447,,shinigami992,2015-05-11T19:21:37,CC_BY_NC_4_0,Raymundo Omar,Raymundo Omar,,,2021-01-30T23:51:11.864Z,StillImage,COORDINATE_ROUNDED;GEODETIC_DATUM_ASSUMED_WGS84;INSTITUTION_MATCH_NONE;COLLECTION_MATCH_NONE
2596138351,50c9509d-22c7-4a22-a47d-8c48425ef4a7,https://www.inaturalist.org/observations/40837655,Animalia,Chordata,Reptilia,Squamata,Viperidae,Crotalus,Crotalus triseriatus,,SPECIES,"Crotalus triseriatus Wagler, 1830",Crotalus triseriatus,,MX,,México,PRESENT,,28eb1a3f-1c15-4a95-931a-4af90ecb574d,19.057139,-98.694862,77,,,,,,2017-06-22T00:00:00,22,6,2017,2444358,2444358,HUMAN_OBSERVATION,iNaturalist,Observations,40837655,,Miguel Angel Casales,2020-03-27T20:49:31,CC_BY_NC_4_0,Miguel Angel Casales,Miguel Angel Casales,,,2021-01-30T23:50:20.153Z,StillImage,GEODETIC_DATUM_ASSUMED_WGS84;INSTITUTION_MATCH_NONE;COLLECTION_MATCH_NONE
1265569186,50c9509d-22c7-4a22-a47d-8c48425ef4a7,http://conabio.inaturalist.org/observations/2920082,Animalia,Chordata,Reptilia,Squamata,Viperidae,Crotalus,Crotalus triseriatus,,SPECIES,"Crotalus triseriatus Wagler, 1830",Crotalus triseriatus,,MX,,México,PRESENT,,28eb1a3f-1c15-4a95-931a-4af90ecb574d,19.226305,-98.682625,30580,,,,,,2009-11-11T00:00:00,11,11,2009,2444358,2444358,HUMAN_OBSERVATION,iNaturalist,Observations,2920082,,Willy Linares,2016-04-12T19:42:22,CC_BY_NC_4_0,Raymundo Omar,Raymundo Omar,,,2021-01-30T23:49:27.499Z,StillImage,COORDINATE_ROUNDED;GEODETIC_DATUM_ASSUMED_WGS84;INSTITUTION_MATCH_NONE;COLLECTION_MATCH_NONE
1895028896,0159cf6b-6a46-4365-96f1-d7ca2511f082,urn:catalog:NO DISPONIBLE:NO APLICA:NO DISPONIBLE:fffc2cfcb5862d6873d8869229e188e9,Animalia,Chordata,Reptilia,Squamata,Viperidae,Crotalus,Crotalus triseriatus,,SPECIES,"Crotalus triseriatus Wagler, 1830",Crotalus triseriatus subsp. triseriatus,"(Wagler, 1830)",MX,"2.5 km al S, 10 km al E de Atlautla",Mexico,PRESENT,1,ff90b050-c256-11db-b71b-b8a03c50a862,19.002222,-98.676667,,,3300,100,0,0,,,,,2444358,2444358,UNKNOWN,NO DISPONIBLE,NO APLICA,NO DISPONIBLE,,NO DISPONIBLE,,CC_BY_4_0,Comisión Nacional para el Conocimiento y Uso de la Biodiversidad (CONABIO),NO DISPONIBLE,,,2021-01-22T17:02:30.909Z,,COORDINATE_ROUNDED;GEODETIC_DATUM_ASSUMED_WGS84;RECORDED_DATE_INVALID;TAXON_MATCH_HIGHERRANK;ELEVATION_MIN_MAX_SWAPPED;TYPE_STATUS_INVALID;OCCURRENCE_STATUS_INFERRED_FROM_INDIVIDUAL_COUNT;INSTITUTION_MATCH_NONE;COLLECTION_MATCH_NONE
1894918177,7feba584-f762-11e1-a439-00145eb45e9a,urn:catalog:FMNH:FMNH:104644:fe32008a9480dfa713c2750e661a0b9f,Animalia,Chordata,Reptilia,Squamata,Viperidae,Crotalus,Crotalus triseriatus,,SPECIES,"Crotalus triseriatus Wagler, 1830",Crotalus triseriatus subsp. triseriatus,"(Wagler, 1830)",MX,"ZACUALTIPAN, 4 MI N",Hidalgo,PRESENT,1,ff90b050-c256-11db-b71b-b8a03c50a862,20.675,-98.675,,,0,0,0,0,,,,,2444358,2444358,PRESERVED_SPECIMEN,FMNH,FMNH,104644,,NO DISPONIBLE,,CC_BY_4_0,Comisión Nacional para el Conocimiento y Uso de la Biodiversidad (CONABIO),E.H. Taylor,,,2021-01-22T17:17:34.206Z,,GEODETIC_DATUM_ASSUMED_WGS84;RECORDED_DATE_UNLIKELY;TAXON_MATCH_HIGHERRANK;TYPE_STATUS_INVALID;OCCURRENCE_STATUS_INFERRED_FROM_INDIVIDUAL_COUNT;AMBIGUOUS_COLLECTION;INSTITUTION_MATCH_FUZZY
891167161,50c9509d-22c7-4a22-a47d-8c48425ef4a7,http://conabio.inaturalist.org/observations/304520,Animalia,Chordata,Reptilia,Squamata,Viperidae,Crotalus,Crotalus triseriatus,,SPECIES,"Crotalus triseriatus Wagler, 1830",Crotalus triseriatus,,MX,,México,PRESENT,,28eb1a3f-1c15-4a95-931a-4af90ecb574d,19.288072,-98.673931,,,,,,,2003-02-07T00:00:00,7,2,2003,2444358,2444358,HUMAN_OBSERVATION,iNaturalist,Observations,304520,,Miguel Ángel Sicilia Manzo,2013-06-19T17:49:29,CC_BY_NC_4_0,Miguel Ángel Sicilia Manzo,Miguel Ángel Sicilia Manzo,,,2021-01-30T23:51:04.277Z,StillImage,GEODETIC_DATUM_ASSUMED_WGS84;INSTITUTION_MATCH_NONE;COLLECTION_MATCH_NONE
1895028906,0159cf6b-6a46-4365-96f1-d7ca2511f082,urn:catalog:NO DISPONIBLE:NO APLICA:NO DISPONIBLE:d4374afe5af0ea4640f97d45674db056,Animalia,Chordata,Reptilia,Squamata,Viperidae,Crotalus,Crotalus triseriatus,,SPECIES,"Crotalus triseriatus Wagler, 1830",Crotalus triseriatus subsp. triseriatus,"(Wagler, 1830)",MX,"9 km al N, 4 km al W de Tlamacas",Mexico,PRESENT,1,ff90b050-c256-11db-b71b-b8a03c50a862,19.083333,-98.672222,,,3300,200,0,0,,,,,2444358,2444358,UNKNOWN,NO DISPONIBLE,NO APLICA,NO DISPONIBLE,,NO DISPONIBLE,,CC_BY_4_0,Comisión Nacional para el Conocimiento y Uso de la Biodiversidad (CONABIO),NO DISPONIBLE,,,2021-01-22T17:02:31.333Z,,COORDINATE_ROUNDED;GEODETIC_DATUM_ASSUMED_WGS84;RECORDED_DATE_INVALID;TAXON_MATCH_HIGHERRANK;ELEVATION_MIN_MAX_SWAPPED;TYPE_STATUS_INVALID;OCCURRENCE_STATUS_INFERRED_FROM_INDIVIDUAL_COUNT;INSTITUTION_MATCH_NONE;COLLECTION_MATCH_NONE
1895028916,0159cf6b-6a46-4365-96f1-d7ca2511f082,urn:catalog:NO DISPONIBLE:NO APLICA:NO DISPONIBLE:54f8ff2c9d733241bf28bb7c03c3d651,Animalia,Chordata,Reptilia,Squamata,Viperidae,Crotalus,Crotalus triseriatus,,SPECIES,"Crotalus triseriatus Wagler, 1830",Crotalus triseriatus subsp. triseriatus,"(Wagler, 1830)",MX,Llanos de Aculco,Mexico,PRESENT,1,ff90b050-c256-11db-b71b-b8a03c50a862,19.2825,-98.670556,,,3650,150,0,0,,,,,2444358,2444358,UNKNOWN,NO DISPONIBLE,NO APLICA,NO DISPONIBLE,,NO DISPONIBLE,,CC_BY_4_0,Comisión Nacional para el Conocimiento y Uso de la Biodiversidad (CONABIO),NO DISPONIBLE,,,2021-01-22T17:02:31.012Z,,COORDINATE_ROUNDED;GEODETIC_DATUM_ASSUMED_WGS84;RECORDED_DATE_INVALID;TAXON_MATCH_HIGHERRANK;TYPE_STATUS_INVALID;OCCURRENCE_STATUS_INFERRED_FROM_INDIVIDUAL_COUNT;INSTITUTION_MATCH_NONE;COLLECTION_MATCH_NONE
1895028989,0159cf6b-6a46-4365-96f1-d7ca2511f082,urn:catalog:CMNH:CM:58831:8dc3555484ebd3d0c1672b5ad30ac4da,Animalia,Chordata,Reptilia,Squamata,Viperidae,Crotalus,Crotalus triseriatus,,SPECIES,"Crotalus triseriatus Wagler, 1830",Crotalus triseriatus subsp. triseriatus,"(Wagler, 1830)",MX,Río Frío,Mexico,PRESENT,1,ff90b050-c256-11db-b71b-b8a03c50a862,19.351667,-98.670278,,,3350,50,0,0,1974-10-05T00:00:00,5,10,1974,2444358,2444358,PRESERVED_SPECIMEN,CMNH,CM,58831,,NO DISPONIBLE,,CC_BY_4_0,Comisión Nacional para el Conocimiento y Uso de la Biodiversidad (CONABIO),"Achaval, F.",,,2021-01-22T17:02:30.261Z,,COORDINATE_ROUNDED;GEODETIC_DATUM_ASSUMED_WGS84;TAXON_MATCH_HIGHERRANK;ELEVATION_MIN_MAX_SWAPPED;TYPE_STATUS_INVALID;OCCURRENCE_STATUS_INFERRED_FROM_INDIVIDUAL_COUNT;AMBIGUOUS_COLLECTION;INSTITUTION_MATCH_FUZZY
1145419487,09c4287e-e6d5-4552-a07f-bff8a00833d8,http://arctos.database.museum/guid/MVZ:Herp:12040?seid=1667279,Animalia,Chordata,Reptilia,Squamata,Viperidae,Crotalus,Crotalus triseriatus,,SPECIES,"Crotalus triseriatus Wagler, 1830",Crotalus triseriatus,,MX,near Monte de Rio Frio,Mexico,PRESENT,1,8edbbde0-055e-11d8-b850-b8a03c50a862,19.35312292,-98.66981438,2750,,,,,,1929-07-31T00:00:00,31,7,1929,2444358,2444358,PRESERVED_SPECIMEN,MVZ,Amphibian and reptile specimens,MVZ:Herp:12040,,"Museum of Vertebrate Zoology, University of California, Berkeley",1999-01-27T00:00:00,CC0_1_0,,Collector(s): Ynes Mexia,,,2021-01-29T01:10:31.612Z,,COORDINATE_ROUNDED;COORDINATE_REPROJECTED;OCCURRENCE_STATUS_INFERRED_FROM_INDIVIDUAL_COUNT;COLLECTION_MATCH_NONE;INSTITUTION_MATCH_FUZZY
1671725952,50c9509d-22c7-4a22-a47d-8c48425ef4a7,https://www.inaturalist.org/observations/8299099,Animalia,Chordata,Reptilia,Squamata,Viperidae,Crotalus,Crotalus triseriatus,,SPECIES,"Crotalus triseriatus Wagler, 1830",Crotalus triseriatus,,MX,,México,PRESENT,,28eb1a3f-1c15-4a95-931a-4af90ecb574d,19.293869,-98.667312,125,,,,,,2017-10-04T00:00:00,4,10,2017,2444358,2444358,HUMAN_OBSERVATION,iNaturalist,Observations,8299099,,lizette_pons_martin_del_campo,2017-10-07T19:15:55,CC_BY_NC_4_0,lizette_pons_martin_del_campo,lizette_pons_martin_del_campo,,,2021-01-30T23:51:17.043Z,StillImage,GEODETIC_DATUM_ASSUMED_WGS84;INSTITUTION_MATCH_NONE;COLLECTION_MATCH_NONE
1895027249,0159cf6b-6a46-4365-96f1-d7ca2511f082,urn:catalog:ENCB-IPN:ENCB:7442:e0a7ddf3fa1e970f63bc3c58a914be07,Animalia,Chordata,Reptilia,Squamata,Viperidae,Crotalus,Crotalus triseriatus,,SPECIES,"Crotalus triseriatus Wagler, 1830",Crotalus triseriatus,"(Wagler, 1830)",MX,15 Km E Río Frío,Mexico,PRESENT,1,ff90b050-c256-11db-b71b-b8a03c50a862,19.35,-98.667222,,,1750,1750,0,0,1972-09-28T00:00:00,28,9,1972,2444358,2444358,PRESERVED_SPECIMEN,ENCB-IPN,ENCB,7442,,"Alvarez, T.; Matias, F. N.",,CC_BY_4_0,Comisión Nacional para el Conocimiento y Uso de la Biodiversidad (CONABIO),"Cibrian, D.",,,2021-01-22T17:02:30.919Z,,COORDINATE_ROUNDED;GEODETIC_DATUM_ASSUMED_WGS84;ELEVATION_MIN_MAX_SWAPPED;TYPE_STATUS_INVALID;OCCURRENCE_STATUS_INFERRED_FROM_INDIVIDUAL_COUNT;INSTITUTION_COLLECTION_MISMATCH;DIFFERENT_OWNER_INSTITUTION
657409466,7a25f7aa-03fb-4322-aaeb-66719e1a9527,67F46820-81AC-49E0-B5FE-5589433647DA,Animalia,Chordata,Reptilia,Squamata,Viperidae,Crotalus,Crotalus triseriatus,,SPECIES,"Crotalus triseriatus Wagler, 1830",Crotalus triseriatus,,MX,0.9 mi. E Rio Frio,México,PRESENT,1,493fe050-055d-11d8-b84f-b8a03c50a862,19.35062307,-98.66009215,,,,,,,1966-08-19T00:00:00,19,8,1966,2444358,2444358,PRESERVED_SPECIMEN,LACM,Herps,66951,,,,CC0_1_0,,R.D. Worthington,,NATIVE,2021-01-22T17:21:30.531Z,,COORDINATE_REPROJECTED;INSTITUTION_MATCH_FUZZY;COLLECTION_MATCH_FUZZY
1894950050,7feba584-f762-11e1-a439-00145eb45e9a,urn:catalog:NO DISPONIBLE:NO DISPONIBLE:112983:5dfb5f1ebd9515de0e26ba1d4c92d4ac,Animalia,Chordata,Reptilia,Squamata,Viperidae,Crotalus,Crotalus triseriatus,,SPECIES,"Crotalus triseriatus Wagler, 1830",Crotalus triseriatus,"(Wagler, 1830)",MX,Paso de Cortés,Mexico,PRESENT,1,ff90b050-c256-11db-b71b-b8a03c50a862,19.091667,-98.658333,,,0,0,0,0,,,,,2444358,2444358,PRESERVED_SPECIMEN,NO DISPONIBLE,NO DISPONIBLE,112983,,NO DISPONIBLE,,CC_BY_4_0,Comisión Nacional para el Conocimiento y Uso de la Biodiversidad (CONABIO),NO DISPONIBLE,,,2021-01-22T17:17:29.140Z,,COORDINATE_ROUNDED;GEODETIC_DATUM_ASSUMED_WGS84;RECORDED_DATE_INVALID;TYPE_STATUS_INVALID;OCCURRENCE_STATUS_INFERRED_FROM_INDIVIDUAL_COUNT;INSTITUTION_MATCH_NONE;COLLECTION_MATCH_NONE
1265558475,50c9509d-22c7-4a22-a47d-8c48425ef4a7,http://conabio.inaturalist.org/observations/2885522,Animalia,Chordata,Reptilia,Squamata,Viperidae,Crotalus,Crotalus triseriatus,,SPECIES,"Crotalus triseriatus Wagler, 1830",Crotalus triseriatus,,MX,,México,PRESENT,,28eb1a3f-1c15-4a95-931a-4af90ecb574d,19.130313,-98.65591,15,,,,,,2003-03-28T00:00:00,28,3,2003,2444358,2444358,HUMAN_OBSERVATION,iNaturalist,Observations,2885522,,Ernesto,2016-04-05T20:44:08,CC_BY_NC_4_0,Raymundo Omar,Raymundo Omar,,,2021-01-30T23:49:26.786Z,StillImage,GEODETIC_DATUM_ASSUMED_WGS84;INSTITUTION_MATCH_NONE;COLLECTION_MATCH_NONE
2629136595,63ed64cb-90b7-4ecc-b94c-3a0317742379,urn:catalog:ENCB-IPN:ENCB:5421:77fa34bae8874a5fadf1c919a9ba12fc,Animalia,Chordata,Reptilia,Squamata,Viperidae,Crotalus,Crotalus triseriatus,,SPECIES,"Crotalus triseriatus Wagler, 1830",Crotalus triseriatus,"(Wagler, 1830)",MX,12 km E Amecameca,Mexico,PRESENT,1,ff90b050-c256-11db-b71b-b8a03c50a862,19.128401,-98.654503,,,2000,2000,0,0,1969-02-05T00:00:00,5,2,1969,2444358,2444358,PRESERVED_SPECIMEN,ENCB-IPN,ENCB,5421,,T. Alvarez; J. C. López V.,,CC_BY_4_0,Comisión Nacional para el Conocimiento y Uso de la Biodiversidad (CONABIO),T. ALVAREZ,,,2020-12-15T17:32:10.746Z,,COORDINATE_ROUNDED;ELEVATION_MIN_MAX_SWAPPED;TYPE_STATUS_INVALID;OCCURRENCE_STATUS_INFERRED_FROM_INDIVIDUAL_COUNT;INSTITUTION_COLLECTION_MISMATCH;DIFFERENT_OWNER_INSTITUTION
2629129002,63ed64cb-90b7-4ecc-b94c-3a0317742379,urn:catalog:ENCB-IPN:ENCB:11656:fa0e7a132cf4384e231eb33b616435fc,Animalia,Chordata,Reptilia,Squamata,Viperidae,Crotalus,Crotalus triseriatus,,SPECIES,"Crotalus triseriatus Wagler, 1830",Crotalus triseriatus,"(Wagler, 1830)",MX,"1.0 Km S, 0.5 Km W Omitlán",Hidalgo,PRESENT,1,ff90b050-c256-11db-b71b-b8a03c50a862,20.17639,-98.653335,,,1155,1155,0,0,1982-03-21T00:00:00,21,3,1982,2444358,2444358,PRESERVED_SPECIMEN,ENCB-IPN,ENCB,11656,,T. Alvarez; J. C. López V.,,CC_BY_4_0,Comisión Nacional para el Conocimiento y Uso de la Biodiversidad (CONABIO),L. Villa,,,2020-12-15T17:23:57.618Z,,COORDINATE_ROUNDED;ELEVATION_MIN_MAX_SWAPPED;TYPE_STATUS_INVALID;OCCURRENCE_STATUS_INFERRED_FROM_INDIVIDUAL_COUNT;INSTITUTION_COLLECTION_MISMATCH;DIFFERENT_OWNER_INSTITUTION
1699380914,50c9509d-22c7-4a22-a47d-8c48425ef4a7,https://www.inaturalist.org/observations/8610352,Animalia,Chordata,Reptilia,Squamata,Viperidae,Crotalus,Crotalus triseriatus,,SPECIES,"Crotalus triseriatus Wagler, 1830",Crotalus triseriatus,,MX,,México,PRESENT,,28eb1a3f-1c15-4a95-931a-4af90ecb574d,19.097433,-98.650199,1073,,,,,,2017-07-12T13:07:15,12,7,2017,2444358,2444358,HUMAN_OBSERVATION,iNaturalist,Observations,8610352,,Diana Fuentes,2017-10-30T03:07:33,CC_BY_NC_4_0,Diana Fuentes,Diana Fuentes,,,2021-01-30T23:49:42.855Z,StillImage,COORDINATE_ROUNDED;GEODETIC_DATUM_ASSUMED_WGS84;INSTITUTION_MATCH_NONE;COLLECTION_MATCH_NONE
476765669,4bfac3ea-8763-4f4b-a71a-76a6f5f243d3,MCZ:Herp:R-124829,Animalia,Chordata,Reptilia,Squamata,Viperidae,Crotalus,Crotalus triseriatus,,SPECIES,"Crotalus triseriatus Wagler, 1830","Crotalus triseriatus triseriatus (Wagler, 1830)","(Wagler, 1830)",MX,Mexico State:Volcan Ixtacihuatl above tree-line,,PRESENT,1,b4640710-8e03-11d8-b956-b8a03c50a862,19.14063295,-98.6500912,,,,,,,1969-12-30T00:00:00,30,12,1969,2444358,2444358,PRESERVED_SPECIMEN,MCZ,Herp,R-124829,,Catalog,,CC_BY_NC_4_0,President and Fellows of Harvard College,S. J. Peck,,,2021-01-27T22:28:37.573Z,,COORDINATE_REPROJECTED;TAXON_MATCH_HIGHERRANK;OCCURRENCE_STATUS_INFERRED_FROM_INDIVIDUAL_COUNT;INSTITUTION_COLLECTION_MISMATCH;DIFFERENT_OWNER_INSTITUTION
1895028927,0159cf6b-6a46-4365-96f1-d7ca2511f082,urn:catalog:NO DISPONIBLE:NO APLICA:NO DISPONIBLE:fa11e6d5d05f327ee26209bc6f0a3d37,Animalia,Chordata,Reptilia,Squamata,Viperidae,Crotalus,Crotalus triseriatus,,SPECIES,"Crotalus triseriatus Wagler, 1830",Crotalus triseriatus subsp. triseriatus,"(Wagler, 1830)",MX,12 KM AL E DE AMECAMECA,Mexico,PRESENT,1,ff90b050-c256-11db-b71b-b8a03c50a862,19.123889,-98.65,,,1800,1800,0,0,,,,,2444358,2444358,UNKNOWN,NO DISPONIBLE,NO APLICA,NO DISPONIBLE,,NO DISPONIBLE,,CC_BY_4_0,Comisión Nacional para el Conocimiento y Uso de la Biodiversidad (CONABIO),NO DISPONIBLE,,,2021-01-22T17:02:29.858Z,,COORDINATE_ROUNDED;GEODETIC_DATUM_ASSUMED_WGS84;RECORDED_DATE_INVALID;TAXON_MATCH_HIGHERRANK;ELEVATION_MIN_MAX_SWAPPED;TYPE_STATUS_INVALID;OCCURRENCE_STATUS_INFERRED_FROM_INDIVIDUAL_COUNT;INSTITUTION_MATCH_NONE;COLLECTION_MATCH_NONE
1265558465,50c9509d-22c7-4a22-a47d-8c48425ef4a7,http://conabio.inaturalist.org/observations/2885414,Animalia,Chordata,Reptilia,Squamata,Viperidae,Crotalus,Crotalus triseriatus,,SPECIES,"Crotalus triseriatus Wagler, 1830",Crotalus triseriatus,,MX,,México,PRESENT,,28eb1a3f-1c15-4a95-931a-4af90ecb574d,19.082843,-98.648398,3,,,,,,2003-06-05T00:00:00,5,6,2003,2444358,2444358,HUMAN_OBSERVATION,iNaturalist,Observations,2885414,,Ernesto,2016-04-05T20:42:09,CC_BY_NC_4_0,Raymundo Omar,Raymundo Omar,,,2021-01-30T23:51:08.771Z,StillImage,GEODETIC_DATUM_ASSUMED_WGS84;INSTITUTION_MATCH_NONE;COLLECTION_MATCH_NONE
2873847918,50c9509d-22c7-4a22-a47d-8c48425ef4a7,https://www.inaturalist.org/observations/60872737,Animalia,Chordata,Reptilia,Squamata,Viperidae,Crotalus,Crotalus triseriatus,,SPECIES,"Crotalus triseriatus Wagler, 1830",Crotalus triseriatus,,MX,,México,PRESENT,,28eb1a3f-1c15-4a95-931a-4af90ecb574d,19.163433,-98.64789,1301,,,,,,2019-12-05T13:53:33,5,12,2019,2444358,2444358,HUMAN_OBSERVATION,iNaturalist,Observations,60872737,,angelt11896,2020-09-26T20:30:45,CC_BY_NC_4_0,angelt11896,angelt11896,,,2021-01-30T23:52:34.117Z,StillImage,COORDINATE_ROUNDED;GEODETIC_DATUM_ASSUMED_WGS84;INSTITUTION_MATCH_NONE;COLLECTION_MATCH_NONE
2311325654,50c9509d-22c7-4a22-a47d-8c48425ef4a7,https://www.inaturalist.org/observations/29602608,Animalia,Chordata,Reptilia,Squamata,Viperidae,Crotalus,Crotalus triseriatus,,SPECIES,"Crotalus triseriatus Wagler, 1830",Crotalus triseriatus,,MX,,México,PRESENT,,28eb1a3f-1c15-4a95-931a-4af90ecb574d,19.0867,-98.646942,,,,,,,1996-09-28T14:31:00,28,9,1996,2444358,2444358,HUMAN_OBSERVATION,iNaturalist,Observations,29602608,,Pablo Hernández Bravo,2019-07-26T22:44:21,CC_BY_NC_4_0,Pablo Hernández Bravo,Pablo Hernández Bravo,,,2021-01-30T23:50:10.786Z,StillImage,COORDINATE_ROUNDED;GEODETIC_DATUM_ASSUMED_WGS84;INSTITUTION_MATCH_NONE;COLLECTION_MATCH_NONE
1572375559,50c9509d-22c7-4a22-a47d-8c48425ef4a7,http://conabio.inaturalist.org/observations/6958721,Animalia,Chordata,Reptilia,Squamata,Viperidae,Crotalus,Crotalus triseriatus,,SPECIES,"Crotalus triseriatus Wagler, 1830",Crotalus triseriatus,,MX,,México,PRESENT,,28eb1a3f-1c15-4a95-931a-4af90ecb574d,19.138134,-98.646219,200,,,,,,2017-07-02T12:52:00,2,7,2017,2444358,2444358,HUMAN_OBSERVATION,iNaturalist,Observations,6958721,,M. Domínguez-Laso,2017-07-08T19:01:56,CC_BY_NC_4_0,Sergio,Sergio,,,2021-01-30T23:51:20.485Z,StillImage,COORDINATE_ROUNDED;GEODETIC_DATUM_ASSUMED_WGS84;INSTITUTION_MATCH_NONE;COLLECTION_MATCH_NONE
2236867131,50c9509d-22c7-4a22-a47d-8c48425ef4a7,https://www.inaturalist.org/observations/22449317,Animalia,Chordata,Reptilia,Squamata,Viperidae,Crotalus,Crotalus triseriatus,,SPECIES,"Crotalus triseriatus Wagler, 1830",Crotalus triseriatus,,MX,,México,PRESENT,,28eb1a3f-1c15-4a95-931a-4af90ecb574d,19.08685,-98.646106,132,,,,,,2019-04-13T10:53:44,13,4,2019,2444358,2444358,HUMAN_OBSERVATION,iNaturalist,Observations,22449317,,Osmar Mayoral,2019-04-14T03:55:27,CC_BY_NC_4_0,Osmar Mayoral,Osmar Mayoral,,,2021-01-30T23:51:15.997Z,StillImage,COORDINATE_ROUNDED;GEODETIC_DATUM_ASSUMED_WGS84;INSTITUTION_MATCH_NONE;COLLECTION_MATCH_NONE
1899787624,50c9509d-22c7-4a22-a47d-8c48425ef4a7,https://www.inaturalist.org/observations/15950597,Animalia,Chordata,Reptilia,Squamata,Viperidae,Crotalus,Crotalus triseriatus,,SPECIES,"Crotalus triseriatus Wagler, 1830",Crotalus triseriatus,,MX,,México,PRESENT,,28eb1a3f-1c15-4a95-931a-4af90ecb574d,19.086471,-98.646083,206,,,,,,2017-09-20T07:53:00,20,9,2017,2444358,2444358,HUMAN_OBSERVATION,iNaturalist,Observations,15950597,,Fernando Uranga,2018-08-27T17:56:06,CC_BY_NC_4_0,Fernando Uranga,Fernando Uranga,,,2021-01-30T23:51:22.482Z,StillImage,COORDINATE_ROUNDED;GEODETIC_DATUM_ASSUMED_WGS84;INSTITUTION_MATCH_NONE;COLLECTION_MATCH_NONE
1802607341,50c9509d-22c7-4a22-a47d-8c48425ef4a7,http://conabio.inaturalist.org/observations/3089803,Animalia,Chordata,Reptilia,Squamata,Viperidae,Crotalus,Crotalus triseriatus,,SPECIES,"Crotalus triseriatus Wagler, 1830",Crotalus triseriatus,,MX,,México,PRESENT,,28eb1a3f-1c15-4a95-931a-4af90ecb574d,19.088204,-98.645885,7,,,,,,2016-04-29T00:00:00,29,4,2016,2444358,2444358,HUMAN_OBSERVATION,iNaturalist,Observations,3089803,,Ernesto,2017-12-18T16:16:32,CC_BY_NC_4_0,Raymundo Omar,Raymundo Omar,,,2021-01-30T23:49:28.303Z,StillImage,GEODETIC_DATUM_ASSUMED_WGS84;INSTITUTION_MATCH_NONE;COLLECTION_MATCH_NONE
2596173983,50c9509d-22c7-4a22-a47d-8c48425ef4a7,https://www.inaturalist.org/observations/41149831,Animalia,Chordata,Reptilia,Squamata,Viperidae,Crotalus,Crotalus triseriatus,,SPECIES,"Crotalus triseriatus Wagler, 1830",Crotalus triseriatus,,MX,,México,PRESENT,,28eb1a3f-1c15-4a95-931a-4af90ecb574d,19.084152,-98.64585,8,,,,,,2018-07-31T11:39:36,31,7,2018,2444358,2444358,HUMAN_OBSERVATION,iNaturalist,Observations,41149831,,harpia,2020-04-01T04:10:05,CC_BY_NC_4_0,harpia,harpia,,,2021-01-30T23:50:25.242Z,StillImage,COORDINATE_ROUNDED;GEODETIC_DATUM_ASSUMED_WGS84;INSTITUTION_MATCH_NONE;COLLECTION_MATCH_NONE
1211990012,50c9509d-22c7-4a22-a47d-8c48425ef4a7,http://conabio.inaturalist.org/observations/2354766,Animalia,Chordata,Reptilia,Squamata,Viperidae,Crotalus,Crotalus triseriatus,,SPECIES,"Crotalus triseriatus Wagler, 1830",Crotalus triseriatus,,MX,,Puebla,PRESENT,,28eb1a3f-1c15-4a95-931a-4af90ecb574d,19.33243,-98.641766,,,,,,,2015-10-07T00:00:00,7,10,2015,2444358,2444358,HUMAN_OBSERVATION,iNaturalist,Observations,2354766,,Zabdiel Peralta,,CC_BY_NC_4_0,eliseopaz,eliseopaz,,,2021-01-30T23:51:15.972Z,StillImage,GEODETIC_DATUM_ASSUMED_WGS84;INSTITUTION_MATCH_NONE;COLLECTION_MATCH_NONE
1894918153,7feba584-f762-11e1-a439-00145eb45e9a,urn:catalog:UMMZ:UMMZ:101558:f3721a861b7c4d3acdf16e14f69a098c,Animalia,Chordata,Reptilia,Squamata,Viperidae,Crotalus,Crotalus triseriatus,,SPECIES,"Crotalus triseriatus Wagler, 1830",Crotalus triseriatus subsp. triseriatus,"(Wagler, 1830)",MX,"POPOCATEPETL, BTW. IZTACCIHUATL AND",Mexico,PRESENT,1,ff90b050-c256-11db-b71b-b8a03c50a862,19.108333,-98.641667,,,2128,2128,0,0,,,,,2444358,2444358,PRESERVED_SPECIMEN,UMMZ,UMMZ,101558,,NO DISPONIBLE,,CC_BY_4_0,Comisión Nacional para el Conocimiento y Uso de la Biodiversidad (CONABIO),NO DISPONIBLE,,,2021-01-22T17:17:41.662Z,,COORDINATE_ROUNDED;GEODETIC_DATUM_ASSUMED_WGS84;RECORDED_DATE_INVALID;TAXON_MATCH_HIGHERRANK;ELEVATION_MIN_MAX_SWAPPED;TYPE_STATUS_INVALID;OCCURRENCE_STATUS_INFERRED_FROM_INDIVIDUAL_COUNT;INSTITUTION_MATCH_FUZZY;COLLECTION_MATCH_FUZZY
1893321888,dcb23fa1-3f1a-4678-b11d-249787e79cae,urn:catalog:IBUNAM:CNAR:1003:db834e17626eba8ca5abf89c0059e4d3,Animalia,Chordata,Reptilia,Squamata,Viperidae,Crotalus,Crotalus triseriatus,,SPECIES,"Crotalus triseriatus Wagler, 1830",Crotalus triseriatus subsp. triseriatus,"(Wagler, 1830)",MX,"Velasco, 15 km. Carretera de Pachuca-Tampico",Hidalgo,PRESENT,1,ff90b050-c256-11db-b71b-b8a03c50a862,20.18,-98.64,,,1200,1200,0,0,1975-08-17T00:00:00,17,8,1975,2444358,2444358,PRESERVED_SPECIMEN,IBUNAM,CNAR,1003,,NO DISPONIBLE,,CC_BY_4_0,Comisión Nacional para el Conocimiento y Uso de la Biodiversidad (CONABIO),Mario Gutiérrez,,,2021-01-22T17:03:02.992Z,,GEODETIC_DATUM_ASSUMED_WGS84;TAXON_MATCH_HIGHERRANK;ELEVATION_MIN_MAX_SWAPPED;TYPE_STATUS_INVALID;OCCURRENCE_STATUS_INFERRED_FROM_INDIVIDUAL_COUNT;COLLECTION_MATCH_NONE;DIFFERENT_OWNER_INSTITUTION
1895028938,0159cf6b-6a46-4365-96f1-d7ca2511f082,urn:catalog:NO DISPONIBLE:NO APLICA:NO DISPONIBLE:d636ee58a68595d0e4a3e5d1d3b25f5b,Animalia,Chordata,Reptilia,Squamata,Viperidae,Crotalus,Crotalus triseriatus,,SPECIES,"Crotalus triseriatus Wagler, 1830",Crotalus triseriatus subsp. triseriatus,"(Wagler, 1830)",MX,Paso de Cortés,Mexico,PRESENT,1,ff90b050-c256-11db-b71b-b8a03c50a862,19.125,-98.638333,,,3050,750,0,0,,,,,2444358,2444358,UNKNOWN,NO DISPONIBLE,NO APLICA,NO DISPONIBLE,,NO DISPONIBLE,,CC_BY_4_0,Comisión Nacional para el Conocimiento y Uso de la Biodiversidad (CONABIO),NO DISPONIBLE,,,2021-01-22T17:02:30.754Z,,COORDINATE_ROUNDED;GEODETIC_DATUM_ASSUMED_WGS84;RECORDED_DATE_INVALID;TAXON_MATCH_HIGHERRANK;ELEVATION_MIN_MAX_SWAPPED;TYPE_STATUS_INVALID;OCCURRENCE_STATUS_INFERRED_FROM_INDIVIDUAL_COUNT;INSTITUTION_MATCH_NONE;COLLECTION_MATCH_NONE
1265556951,50c9509d-22c7-4a22-a47d-8c48425ef4a7,http://conabio.inaturalist.org/observations/2880474,Animalia,Chordata,Reptilia,Squamata,Viperidae,Crotalus,Crotalus triseriatus,,SPECIES,"Crotalus triseriatus Wagler, 1830",Crotalus triseriatus,,MX,,México,PRESENT,,28eb1a3f-1c15-4a95-931a-4af90ecb574d,19.08423,-98.635867,7,,,,,,2005-05-23T00:00:00,23,5,2005,2444358,2444358,HUMAN_OBSERVATION,iNaturalist,Observations,2880474,,Willy Linares,2016-04-04T18:08:51,CC_BY_NC_4_0,Raymundo Omar,Raymundo Omar,,,2021-01-30T23:49:27.911Z,StillImage,GEODETIC_DATUM_ASSUMED_WGS84;INSTITUTION_MATCH_NONE;COLLECTION_MATCH_NONE
1895027234,0159cf6b-6a46-4365-96f1-d7ca2511f082,urn:catalog:ENCB-IPN:ENCB:13971:88e7cf370515322ef5d5cb1eec6c43d2,Animalia,Chordata,Reptilia,Squamata,Viperidae,Crotalus,Crotalus triseriatus,,SPECIES,"Crotalus triseriatus Wagler, 1830",Crotalus triseriatus,"(Wagler, 1830)",MX,1 Km E Paso de Cortez,Mexico,PRESENT,1,ff90b050-c256-11db-b71b-b8a03c50a862,19.09,-98.633333,,,1800,1800,0,0,1988-06-22T00:00:00,22,6,1988,2444358,2444358,PRESERVED_SPECIMEN,ENCB-IPN,ENCB,13971,,"Alvarez, T.; Matias, F. N.",,CC_BY_4_0,Comisión Nacional para el Conocimiento y Uso de la Biodiversidad (CONABIO),"Vega-Lopez,  A.",,,2021-01-22T17:02:31.527Z,,COORDINATE_ROUNDED;GEODETIC_DATUM_ASSUMED_WGS84;ELEVATION_MIN_MAX_SWAPPED;TYPE_STATUS_INVALID;OCCURRENCE_STATUS_INFERRED_FROM_INDIVIDUAL_COUNT;INSTITUTION_COLLECTION_MISMATCH;DIFFERENT_OWNER_INSTITUTION
1269580012,50c9509d-22c7-4a22-a47d-8c48425ef4a7,http://conabio.inaturalist.org/observations/3280665,Animalia,Chordata,Reptilia,Squamata,Viperidae,Crotalus,Crotalus triseriatus,,SPECIES,"Crotalus triseriatus Wagler, 1830",Crotalus triseriatus,,MX,,Puebla,PRESENT,,28eb1a3f-1c15-4a95-931a-4af90ecb574d,19.094771,-98.628084,,,,,,,2016-05-13T00:00:00,13,5,2016,2444358,2444358,HUMAN_OBSERVATION,iNaturalist,Observations,3280665,,crotalusx,2016-05-23T15:15:20,CC_BY_NC_4_0,Mario Castañeda Sánchez,Mario Castañeda Sánchez,,,2021-01-30T23:51:15.211Z,StillImage,GEODETIC_DATUM_ASSUMED_WGS84;INSTITUTION_MATCH_NONE;COLLECTION_MATCH_NONE
1145595085,09c4287e-e6d5-4552-a07f-bff8a00833d8,http://arctos.database.museum/guid/MVZ:Herp:36745?seid=56481,Animalia,Chordata,Reptilia,Squamata,Viperidae,Crotalus,Crotalus triseriatus,,SPECIES,"Crotalus triseriatus Wagler, 1830",Crotalus triseriatus,,MX,N slope Popocatepetl,Mexico,PRESENT,1,8edbbde0-055e-11d8-b850-b8a03c50a862,19.022778,-98.621944,5500,,3353,0,,,1940-05-04T00:00:00,4,5,1940,2444358,2444358,PRESERVED_SPECIMEN,MVZ,Amphibian and reptile specimens,MVZ:Herp:36745,7195,"Museum of Vertebrate Zoology, University of California, Berkeley",1999-01-27T00:00:00,CC0_1_0,,Collector(s): Seth B. Benson,,,2021-01-29T01:10:10.997Z,,COORDINATE_ROUNDED;GEODETIC_DATUM_INVALID;GEODETIC_DATUM_ASSUMED_WGS84;OCCURRENCE_STATUS_INFERRED_FROM_INDIVIDUAL_COUNT;COLLECTION_MATCH_NONE;INSTITUTION_MATCH_FUZZY
2596412967,50c9509d-22c7-4a22-a47d-8c48425ef4a7,https://www.inaturalist.org/observations/41092940,Animalia,Chordata,Reptilia,Squamata,Viperidae,Crotalus,Crotalus triseriatus,,SPECIES,"Crotalus triseriatus Wagler, 1830",Crotalus triseriatus,,MX,,Puebla,PRESENT,,28eb1a3f-1c15-4a95-931a-4af90ecb574d,19.102221,-98.61296,153,,,,,,2017-06-15T00:00:00,15,6,2017,2444358,2444358,HUMAN_OBSERVATION,iNaturalist,Observations,41092940,,Miguel Angel Casales,2020-03-31T06:15:08,CC_BY_NC_4_0,Miguel Angel Casales,Miguel Angel Casales,,,2021-01-30T23:50:26.335Z,StillImage,COORDINATE_ROUNDED;GEODETIC_DATUM_ASSUMED_WGS84;INSTITUTION_MATCH_NONE;COLLECTION_MATCH_NONE
2013007713,50c9509d-22c7-4a22-a47d-8c48425ef4a7,https://www.inaturalist.org/observations/20985487,Animalia,Chordata,Reptilia,Squamata,Viperidae,Crotalus,Crotalus triseriatus,,SPECIES,"Crotalus triseriatus Wagler, 1830",Crotalus triseriatus,,MX,,Puebla,PRESENT,,28eb1a3f-1c15-4a95-931a-4af90ecb574d,19.084972,-98.612151,100,,,,,,2019-03-05T12:07:00,5,3,2019,2444358,2444358,HUMAN_OBSERVATION,iNaturalist,Observations,20985487,,gisel_15,2019-03-06T02:14:01,CC_BY_NC_4_0,gisel_15,gisel_15,,,2021-01-30T23:49:58.499Z,StillImage,GEODETIC_DATUM_ASSUMED_WGS84;INSTITUTION_MATCH_NONE;COLLECTION_MATCH_NONE
2992790822,50c9509d-22c7-4a22-a47d-8c48425ef4a7,https://www.inaturalist.org/observations/65864449,Animalia,Chordata,Reptilia,Squamata,Viperidae,Crotalus,Crotalus triseriatus,,SPECIES,"Crotalus triseriatus Wagler, 1830",Crotalus triseriatus,,MX,,Puebla,PRESENT,,28eb1a3f-1c15-4a95-931a-4af90ecb574d,19.096992,-98.607292,10,,,,,,2020-05-23T14:45:00,23,5,2020,2444358,2444358,HUMAN_OBSERVATION,iNaturalist,Observations,65864449,,humberto_rocha,2020-11-30T03:32:51,CC_BY_NC_4_0,humberto_rocha,humberto_rocha,,,2021-01-30T23:50:57.110Z,StillImage,COORDINATE_ROUNDED;GEODETIC_DATUM_ASSUMED_WGS84;INSTITUTION_MATCH_NONE;COLLECTION_MATCH_NONE
1894950080,7feba584-f762-11e1-a439-00145eb45e9a,urn:catalog:MCZ-HU:MCZ:11425:93750e3be084ddb8dbd163f246e6fe4d,Animalia,Chordata,Reptilia,Squamata,Viperidae,Crotalus,Crotalus triseriatus,,SPECIES,"Crotalus triseriatus Wagler, 1830",Crotalus triseriatus,"(Wagler, 1830)",MX,San Miguel Regla,Hidalgo,PRESENT,1,ff90b050-c256-11db-b71b-b8a03c50a862,20.225,-98.575,,,0,0,0,0,,,,,2444358,2444358,PRESERVED_SPECIMEN,MCZ-HU,MCZ,11425,,NO DISPONIBLE,,CC_BY_4_0,Comisión Nacional para el Conocimiento y Uso de la Biodiversidad (CONABIO),NO DISPONIBLE,,,2021-01-22T17:17:38.232Z,,GEODETIC_DATUM_ASSUMED_WGS84;RECORDED_DATE_INVALID;TYPE_STATUS_INVALID;OCCURRENCE_STATUS_INFERRED_FROM_INDIVIDUAL_COUNT;AMBIGUOUS_COLLECTION;INSTITUTION_MATCH_NONE
476672816,4bfac3ea-8763-4f4b-a71a-76a6f5f243d3,MCZ:Herp:R-11425,Animalia,Chordata,Reptilia,Squamata,Viperidae,Crotalus,Crotalus triseriatus,,SPECIES,"Crotalus triseriatus Wagler, 1830","Crotalus triseriatus (Wagler, 1830)","(Wagler, 1830)",MX,San Miguel,Hidalgo,PRESENT,1,b4640710-8e03-11d8-b956-b8a03c50a862,20.21725017,-98.56675992,,,,,,,1913-01-01T00:00:00,1,1,1913,2444358,2444358,PRESERVED_SPECIMEN,MCZ,Herp,R-11425,,Catalog,,CC_BY_NC_4_0,President and Fellows of Harvard College,William M. Mann,,,2021-01-27T22:27:32.225Z,,COORDINATE_ROUNDED;COORDINATE_REPROJECTED;OCCURRENCE_STATUS_INFERRED_FROM_INDIVIDUAL_COUNT;INSTITUTION_COLLECTION_MISMATCH;DIFFERENT_OWNER_INSTITUTION
2629127151,63ed64cb-90b7-4ecc-b94c-3a0317742379,urn:catalog:ENCB-IPN:ENCB:7607:b22b944dc9b26ddeae933e792a3ce1ad,Animalia,Chordata,Reptilia,Squamata,Viperidae,Crotalus,Crotalus triseriatus,,SPECIES,"Crotalus triseriatus Wagler, 1830",Crotalus triseriatus,"(Wagler, 1830)",MX,20 km SW San Martín Texmelucan,Puebla,PRESENT,1,ff90b050-c256-11db-b71b-b8a03c50a862,19.172001,-98.562103,,,800,800,0,0,1972-10-15T00:00:00,15,10,1972,2444358,2444358,PRESERVED_SPECIMEN,ENCB-IPN,ENCB,7607,,T. Alvarez; J. C. López V.,,CC_BY_4_0,Comisión Nacional para el Conocimiento y Uso de la Biodiversidad (CONABIO),A. González V.,,,2020-12-15T17:21:42.576Z,,COORDINATE_ROUNDED;ELEVATION_MIN_MAX_SWAPPED;TYPE_STATUS_INVALID;OCCURRENCE_STATUS_INFERRED_FROM_INDIVIDUAL_COUNT;INSTITUTION_COLLECTION_MISMATCH;DIFFERENT_OWNER_INSTITUTION
2629122211,63ed64cb-90b7-4ecc-b94c-3a0317742379,urn:catalog:ENCB-IPN:ENCB:7442:613e91d2b5f854b77464b46bdac8ec88,Animalia,Chordata,Reptilia,Squamata,Viperidae,Crotalus,Crotalus triseriatus,,SPECIES,"Crotalus triseriatus Wagler, 1830",Crotalus triseriatus,"(Wagler, 1830)",MX,15 Km E Río Frío,Puebla,PRESENT,1,ff90b050-c256-11db-b71b-b8a03c50a862,19.3533,-98.534202,,,5,5,0,0,1972-09-28T00:00:00,28,9,1972,2444358,2444358,PRESERVED_SPECIMEN,ENCB-IPN,ENCB,7442,,T. Alvarez; J. C. López V.,,CC_BY_4_0,Comisión Nacional para el Conocimiento y Uso de la Biodiversidad (CONABIO),D. Cibrián T.,,,2020-12-15T17:15:27.339Z,,COORDINATE_ROUNDED;ELEVATION_MIN_MAX_SWAPPED;TYPE_STATUS_INVALID;OCCURRENCE_STATUS_INFERRED_FROM_INDIVIDUAL_COUNT;INSTITUTION_COLLECTION_MISMATCH;DIFFERENT_OWNER_INSTITUTION
2629121625,63ed64cb-90b7-4ecc-b94c-3a0317742379,urn:catalog:ENCB-IPN:ENCB:10553:801e11d2560aeb1bebd0c95a5c766c86,Animalia,Chordata,Reptilia,Squamata,Viperidae,Crotalus,Crotalus triseriatus,,SPECIES,"Crotalus triseriatus Wagler, 1830",Crotalus triseriatus,"(Wagler, 1830)",MX,4 km W San Martín Texmelucan,Puebla,PRESENT,1,ff90b050-c256-11db-b71b-b8a03c50a862,19.283899,-98.469704,,,1200,1200,0,0,1978-04-22T00:00:00,22,4,1978,2444358,2444358,PRESERVED_SPECIMEN,ENCB-IPN,ENCB,10553,,T. Alvarez; J. C. López V.,,CC_BY_4_0,Comisión Nacional para el Conocimiento y Uso de la Biodiversidad (CONABIO),NO DISPONIBLE,,,2020-12-15T17:14:45.002Z,,COORDINATE_ROUNDED;ELEVATION_MIN_MAX_SWAPPED;TYPE_STATUS_INVALID;OCCURRENCE_STATUS_INFERRED_FROM_INDIVIDUAL_COUNT;INSTITUTION_COLLECTION_MISMATCH;DIFFERENT_OWNER_INSTITUTION
2629136823,63ed64cb-90b7-4ecc-b94c-3a0317742379,urn:catalog:ENCB-IPN:ENCB:16981:5ca8174dc77436e2a7547f9831317f61,Animalia,Chordata,Reptilia,Squamata,Viperidae,Crotalus,Crotalus triseriatus,,SPECIES,"Crotalus triseriatus Wagler, 1830",Crotalus triseriatus,"(Wagler, 1830)",MX,5 km E San Nicolas de los Ranchos,Puebla,PRESENT,1,ff90b050-c256-11db-b71b-b8a03c50a862,19.077299,-98.442299,,,1400,1400,0,0,1989-05-05T00:00:00,5,5,1989,2444358,2444358,PRESERVED_SPECIMEN,ENCB-IPN,ENCB,16981,,T. Alvarez; J. C. López V.,,CC_BY_4_0,Comisión Nacional para el Conocimiento y Uso de la Biodiversidad (CONABIO),S. T. Alvarez,,,2020-12-15T17:32:19.894Z,,COORDINATE_ROUNDED;ELEVATION_MIN_MAX_SWAPPED;TYPE_STATUS_INVALID;OCCURRENCE_STATUS_INFERRED_FROM_INDIVIDUAL_COUNT;INSTITUTION_COLLECTION_MISMATCH;DIFFERENT_OWNER_INSTITUTION
1831186489,50c9509d-22c7-4a22-a47d-8c48425ef4a7,https://www.inaturalist.org/observations/9859199,Animalia,Chordata,Reptilia,Squamata,Viperidae,Crotalus,Crotalus triseriatus,,SPECIES,"Crotalus triseriatus Wagler, 1830",Crotalus triseriatus,,MX,,Hidalgo,PRESENT,,28eb1a3f-1c15-4a95-931a-4af90ecb574d,19.893756,-98.382795,30527,,,,,,2016-05-30T11:39:00,30,5,2016,2444358,2444358,HUMAN_OBSERVATION,iNaturalist,Observations,9859199,,Ismael Alvarado Aguilar,2018-02-14T18:31:09,CC_BY_NC_4_0,Ismael Alvarado Aguilar,Ismael Alvarado Aguilar,,,2021-01-30T23:51:28.169Z,StillImage,COORDINATE_ROUNDED;GEODETIC_DATUM_ASSUMED_WGS84;INSTITUTION_MATCH_NONE;COLLECTION_MATCH_NONE
543480431,cece4fc2-1fec-4bb5-a335-7252548e3f0b,urn:catalog:CAS:HERP:135352,Animalia,Chordata,Reptilia,Squamata,Viperidae,Crotalus,Crotalus triseriatus,,SPECIES,"Crotalus triseriatus Wagler, 1830",Crotalus triseriatus triseriatus,,MX,40 mi E Mexico City,Puebla,PRESENT,,66522820-055c-11d8-b84e-b8a03c50a862,19.20063107,-98.34008407,,,,,,,1955-09-03T00:00:00,3,9,1955,2444358,2444358,PRESERVED_SPECIMEN,CAS,HERP,135352,,L.A. Wishmeyer,1983-06-01T00:00:00,CC0_1_0,,J. Connors,,,2021-01-22T17:21:04.337Z,StillImage,COORDINATE_REPROJECTED;TAXON_MATCH_HIGHERRANK;AMBIGUOUS_INSTITUTION;AMBIGUOUS_COLLECTION
1914341008,50c9509d-22c7-4a22-a47d-8c48425ef4a7,https://www.inaturalist.org/observations/17085774,Animalia,Chordata,Reptilia,Squamata,Viperidae,Crotalus,Crotalus triseriatus,,SPECIES,"Crotalus triseriatus Wagler, 1830",Crotalus triseriatus,,MX,,Hidalgo,PRESENT,,28eb1a3f-1c15-4a95-931a-4af90ecb574d,20.067817,-98.196392,356,,,,,,2018-08-14T00:00:00,14,8,2018,2444358,2444358,HUMAN_OBSERVATION,iNaturalist,Observations,17085774,,Alexis Pardo Ramírez,2018-10-01T01:20:54,CC_BY_NC_4_0,Alexis Pardo Ramírez,Alexis Pardo Ramírez,,,2021-01-30T23:51:24.112Z,StillImage,GEODETIC_DATUM_ASSUMED_WGS84;INSTITUTION_MATCH_NONE;COLLECTION_MATCH_NONE
1668857908,50c9509d-22c7-4a22-a47d-8c48425ef4a7,https://www.inaturalist.org/observations/8091393,Animalia,Chordata,Reptilia,Squamata,Viperidae,Crotalus,Crotalus triseriatus,,SPECIES,"Crotalus triseriatus Wagler, 1830",Crotalus triseriatus,,MX,,Puebla,PRESENT,,28eb1a3f-1c15-4a95-931a-4af90ecb574d,19.93013,-98.171883,,,,,,,2017-09-22T10:05:00,22,9,2017,2444358,2444358,HUMAN_OBSERVATION,iNaturalist,Observations,8091393,,César Rodríguez Islas,,CC_BY_NC_4_0,Mayra Juárez Castillo,Mayra Juárez Castillo,,,2021-01-30T23:49:40.218Z,StillImage,COORDINATE_ROUNDED;GEODETIC_DATUM_ASSUMED_WGS84;INSTITUTION_MATCH_NONE;COLLECTION_MATCH_NONE
1305139995,50c9509d-22c7-4a22-a47d-8c48425ef4a7,http://conabio.inaturalist.org/observations/3896785,Animalia,Chordata,Reptilia,Squamata,Viperidae,Crotalus,Crotalus triseriatus,,SPECIES,"Crotalus triseriatus Wagler, 1830",Crotalus triseriatus,,MX,,Puebla,PRESENT,,28eb1a3f-1c15-4a95-931a-4af90ecb574d,19.944225,-98.145998,31,,,,,,2014-04-01T13:34:00,1,4,2014,2444358,2444358,HUMAN_OBSERVATION,iNaturalist,Observations,3896785,,Ernesto,,CC_BY_NC_4_0,Mayra Juárez Castillo,Mayra Juárez Castillo,,,2021-01-30T23:51:33.086Z,StillImage,COORDINATE_ROUNDED;GEODETIC_DATUM_ASSUMED_WGS84;INSTITUTION_MATCH_NONE;COLLECTION_MATCH_NONE
1453507925,50c9509d-22c7-4a22-a47d-8c48425ef4a7,http://conabio.inaturalist.org/observations/5305930,Animalia,Chordata,Reptilia,Squamata,Viperidae,Crotalus,Crotalus triseriatus,,SPECIES,"Crotalus triseriatus Wagler, 1830",Crotalus triseriatus,,MX,,Puebla,PRESENT,,28eb1a3f-1c15-4a95-931a-4af90ecb574d,19.946464,-98.144109,125,,,,,,2016-08-31T16:16:00,31,8,2016,2444358,2444358,HUMAN_OBSERVATION,iNaturalist,Observations,5305930,,Michael Price,,CC_BY_NC_4_0,Mayra Juárez Castillo,Mayra Juárez Castillo,,,2021-01-30T23:51:13.775Z,StillImage,COORDINATE_ROUNDED;GEODETIC_DATUM_ASSUMED_WGS84;INSTITUTION_MATCH_NONE;COLLECTION_MATCH_NONE
2423245675,50c9509d-22c7-4a22-a47d-8c48425ef4a7,https://www.inaturalist.org/observations/33430532,Animalia,Chordata,Reptilia,Squamata,Viperidae,Crotalus,Crotalus triseriatus,,SPECIES,"Crotalus triseriatus Wagler, 1830",Crotalus triseriatus,,MX,,Puebla,PRESENT,,28eb1a3f-1c15-4a95-931a-4af90ecb574d,19.943639,-98.128487,245,,,,,,2019-09-20T15:05:00,20,9,2019,2444358,2444358,HUMAN_OBSERVATION,iNaturalist,Observations,33430532,,avila_h,2019-09-26T15:40:58,CC_BY_NC_4_0,avila_h,avila_h,,,2021-01-30T23:51:46.388Z,StillImage,GEODETIC_DATUM_ASSUMED_WGS84;INSTITUTION_MATCH_NONE;COLLECTION_MATCH_NONE
1894917786,7feba584-f762-11e1-a439-00145eb45e9a,urn:catalog:FC-UNAM:MZFC:3234:9d5ec768de8ba4263f186ceee30093a7,Animalia,Chordata,Reptilia,Squamata,Viperidae,Crotalus,Crotalus triseriatus,,SPECIES,"Crotalus triseriatus Wagler, 1830",Crotalus triseriatus subsp. triseriatus,"(Wagler, 1830)",MX,"HUAUCHINANGO, 10 KM S",Puebla,PRESENT,1,ff90b050-c256-11db-b71b-b8a03c50a862,20.125,-98.108333,,,0,0,0,0,1985-06-07T00:00:00,7,6,1985,2444358,2444358,PRESERVED_SPECIMEN,FC-UNAM,MZFC,3234,,NO DISPONIBLE,,CC_BY_4_0,Comisión Nacional para el Conocimiento y Uso de la Biodiversidad (CONABIO),Guillermo Lara Góngora,,,2021-01-22T17:17:30.638Z,,COORDINATE_ROUNDED;GEODETIC_DATUM_ASSUMED_WGS84;TAXON_MATCH_HIGHERRANK;TYPE_STATUS_INVALID;OCCURRENCE_STATUS_INFERRED_FROM_INDIVIDUAL_COUNT;INSTITUTION_MATCH_NONE;COLLECTION_MATCH_NONE
2868367763,50c9509d-22c7-4a22-a47d-8c48425ef4a7,https://www.inaturalist.org/observations/60472940,Animalia,Chordata,Reptilia,Squamata,Viperidae,Crotalus,Crotalus triseriatus,,SPECIES,"Crotalus triseriatus Wagler, 1830",Crotalus triseriatus,,MX,,Puebla,PRESENT,,28eb1a3f-1c15-4a95-931a-4af90ecb574d,19.697646,-98.085453,,,,,,,2020-09-11T10:05:00,11,9,2020,2444358,2444358,HUMAN_OBSERVATION,iNaturalist,Observations,60472940,,rguadarramal,2020-09-22T23:57:24,CC_BY_NC_4_0,rguadarramal,rguadarramal,,,2021-01-30T23:51:55.125Z,StillImage,COORDINATE_ROUNDED;GEODETIC_DATUM_ASSUMED_WGS84;INSTITUTION_MATCH_NONE;COLLECTION_MATCH_NONE
1453515830,50c9509d-22c7-4a22-a47d-8c48425ef4a7,http://conabio.inaturalist.org/observations/5373368,Animalia,Chordata,Reptilia,Squamata,Viperidae,Crotalus,Crotalus triseriatus,,SPECIES,"Crotalus triseriatus Wagler, 1830",Crotalus triseriatus,,MX,,Puebla,PRESENT,,28eb1a3f-1c15-4a95-931a-4af90ecb574d,19.978189,-98.081174,,,,,,,2016-03-15T00:00:00,15,3,2016,2444358,2444358,HUMAN_OBSERVATION,iNaturalist,Observations,5373368,,Ernesto,2017-03-16T16:14:27,CC_BY_NC_4_0,lo2fe1019,lo2fe1019,,,2021-01-30T23:50:59.616Z,StillImage,GEODETIC_DATUM_ASSUMED_WGS84;INSTITUTION_MATCH_NONE;COLLECTION_MATCH_NONE
1847476106,50c9509d-22c7-4a22-a47d-8c48425ef4a7,https://www.inaturalist.org/observations/12286592,Animalia,Chordata,Reptilia,Squamata,Viperidae,Crotalus,Crotalus triseriatus,,SPECIES,"Crotalus triseriatus Wagler, 1830",Crotalus triseriatus,,MX,,Puebla,PRESENT,,28eb1a3f-1c15-4a95-931a-4af90ecb574d,19.704495,-98.080514,206,,,,,,2018-04-27T15:53:00,27,4,2018,2444358,2444358,HUMAN_OBSERVATION,iNaturalist,Observations,12286592,,César Rodríguez Islas,,CC_BY_NC_4_0,Alejandra Rivera,Alejandra Rivera,,,2021-01-30T23:51:19.268Z,StillImage,COORDINATE_ROUNDED;GEODETIC_DATUM_ASSUMED_WGS84;INSTITUTION_MATCH_NONE;COLLECTION_MATCH_NONE
1703137741,50c9509d-22c7-4a22-a47d-8c48425ef4a7,https://www.inaturalist.org/observations/7904090,Animalia,Chordata,Reptilia,Squamata,Viperidae,Crotalus,Crotalus triseriatus,,SPECIES,"Crotalus triseriatus Wagler, 1830",Crotalus triseriatus,,MX,,Puebla,PRESENT,,28eb1a3f-1c15-4a95-931a-4af90ecb574d,19.845196,-98.077354,488,,,,,,2017-05-25T17:38:00,25,5,2017,2444358,2444358,HUMAN_OBSERVATION,iNaturalist,Observations,7904090,,Ernesto,,CC_BY_NC_4_0,yadiramorales,yadiramorales,,,2021-01-30T23:51:34.355Z,StillImage,COORDINATE_ROUNDED;GEODETIC_DATUM_ASSUMED_WGS84;INSTITUTION_MATCH_NONE;COLLECTION_MATCH_NONE
1227754446,50c9509d-22c7-4a22-a47d-8c48425ef4a7,http://conabio.inaturalist.org/observations/2484306,Animalia,Chordata,Reptilia,Squamata,Viperidae,Crotalus,Crotalus triseriatus,,SPECIES,"Crotalus triseriatus Wagler, 1830",Crotalus triseriatus,,MX,,Puebla,PRESENT,,28eb1a3f-1c15-4a95-931a-4af90ecb574d,20.025951,-98.055347,1835,,,,,,2015-12-16T11:15:51,16,12,2015,2444358,2444358,HUMAN_OBSERVATION,iNaturalist,Observations,2484306,,Germán,2015-12-17T05:23:10,CC_BY_NC_4_0,Germán,Germán,,,2021-01-30T23:51:08.779Z,StillImage,COORDINATE_ROUNDED;GEODETIC_DATUM_ASSUMED_WGS84;INSTITUTION_MATCH_NONE;COLLECTION_MATCH_NONE
1932346867,50c9509d-22c7-4a22-a47d-8c48425ef4a7,https://www.inaturalist.org/observations/17803332,Animalia,Chordata,Reptilia,Squamata,Viperidae,Crotalus,Crotalus triseriatus,,SPECIES,"Crotalus triseriatus Wagler, 1830",Crotalus triseriatus,,MX,,Puebla,PRESENT,,28eb1a3f-1c15-4a95-931a-4af90ecb574d,20.03035,-98.051945,5,,,,,,2018-10-14T13:16:00,14,10,2018,2444358,2444358,HUMAN_OBSERVATION,iNaturalist,Observations,17803332,,Esaú Valdenegro-Brito,2018-10-24T19:10:06,CC_BY_NC_4_0,Esaú Valdenegro-Brito,Esaú Valdenegro-Brito,,,2021-01-30T23:51:39.362Z,StillImage,GEODETIC_DATUM_ASSUMED_WGS84;INSTITUTION_MATCH_NONE;COLLECTION_MATCH_NONE
2862674393,50c9509d-22c7-4a22-a47d-8c48425ef4a7,https://www.inaturalist.org/observations/59094285,Animalia,Chordata,Reptilia,Squamata,Viperidae,Crotalus,Crotalus triseriatus,,SPECIES,"Crotalus triseriatus Wagler, 1830",Crotalus triseriatus,,MX,,Puebla,PRESENT,,28eb1a3f-1c15-4a95-931a-4af90ecb574d,19.966254,-98.045314,136,,,,,,2020-08-05T11:00:00,5,8,2020,2444358,2444358,HUMAN_OBSERVATION,iNaturalist,Observations,59094285,,pablomulticinctus,2020-09-10T00:44:53,CC_BY_NC_4_0,manuel_1994,manuel_1994,,,2021-01-30T23:52:31.042Z,StillImage,COORDINATE_ROUNDED;GEODETIC_DATUM_ASSUMED_WGS84;INSTITUTION_MATCH_NONE;COLLECTION_MATCH_NONE
2862588423,50c9509d-22c7-4a22-a47d-8c48425ef4a7,https://www.inaturalist.org/observations/59094256,Animalia,Chordata,Reptilia,Squamata,Viperidae,Crotalus,Crotalus triseriatus,,SPECIES,"Crotalus triseriatus Wagler, 1830",Crotalus triseriatus,,MX,,Puebla,PRESENT,,28eb1a3f-1c15-4a95-931a-4af90ecb574d,19.966254,-98.045314,136,,,,,,2020-08-28T19:04:00,28,8,2020,2444358,2444358,HUMAN_OBSERVATION,iNaturalist,Observations,59094256,,pablomulticinctus,2020-09-10T00:44:42,CC_BY_NC_4_0,manuel_1994,manuel_1994,,,2021-01-30T23:52:31.767Z,StillImage,COORDINATE_ROUNDED;GEODETIC_DATUM_ASSUMED_WGS84;INSTITUTION_MATCH_NONE;COLLECTION_MATCH_NONE
1932319047,50c9509d-22c7-4a22-a47d-8c48425ef4a7,https://www.inaturalist.org/observations/17677885,Animalia,Chordata,Reptilia,Squamata,Viperidae,Crotalus,Crotalus triseriatus,,SPECIES,"Crotalus triseriatus Wagler, 1830",Crotalus triseriatus,,MX,,Puebla,PRESENT,,28eb1a3f-1c15-4a95-931a-4af90ecb574d,20.03111,-98.043981,10,,,,,,2018-10-20T09:13:00,20,10,2018,2444358,2444358,HUMAN_OBSERVATION,iNaturalist,Observations,17677885,,Esaú Valdenegro-Brito,2018-10-20T15:28:23,CC_BY_NC_4_0,Esaú Valdenegro-Brito,Esaú Valdenegro-Brito,,,2021-01-30T23:49:54.385Z,StillImage,COORDINATE_ROUNDED;GEODETIC_DATUM_ASSUMED_WGS84;INSTITUTION_MATCH_NONE;COLLECTION_MATCH_NONE
1249278404,50c9509d-22c7-4a22-a47d-8c48425ef4a7,http://conabio.inaturalist.org/observations/2626712,Animalia,Chordata,Reptilia,Squamata,Viperidae,Crotalus,Crotalus triseriatus,,SPECIES,"Crotalus triseriatus Wagler, 1830",Crotalus triseriatus,,MX,,Puebla,PRESENT,,28eb1a3f-1c15-4a95-931a-4af90ecb574d,19.180223,-98.03703,,,,,,,2009-06-14T00:00:00,14,6,2009,2444358,2444358,HUMAN_OBSERVATION,iNaturalist,Observations,2626712,,Juan Carlos López Domínguez,,CC_BY_NC_4_0,amado_fdez,amado_fdez,,,2021-01-30T23:49:26.086Z,StillImage,GEODETIC_DATUM_ASSUMED_WGS84;INSTITUTION_MATCH_NONE;COLLECTION_MATCH_NONE
1933553306,50c9509d-22c7-4a22-a47d-8c48425ef4a7,https://www.inaturalist.org/observations/17867166,Animalia,Chordata,Reptilia,Squamata,Viperidae,Crotalus,Crotalus triseriatus,,SPECIES,"Crotalus triseriatus Wagler, 1830",Crotalus triseriatus,,MX,,Puebla,PRESENT,,28eb1a3f-1c15-4a95-931a-4af90ecb574d,20.02202,-98.035749,5,,,,,,2018-07-30T13:53:00,30,7,2018,2444358,2444358,HUMAN_OBSERVATION,iNaturalist,Observations,17867166,,Esaú Valdenegro-Brito,2018-10-27T02:16:14,CC_BY_NC_4_0,Esaú Valdenegro-Brito,Esaú Valdenegro-Brito,,,2021-01-30T23:49:54.453Z,StillImage,COORDINATE_ROUNDED;GEODETIC_DATUM_ASSUMED_WGS84;INSTITUTION_MATCH_NONE;COLLECTION_MATCH_NONE
1848769791,50c9509d-22c7-4a22-a47d-8c48425ef4a7,https://www.inaturalist.org/observations/12946503,Animalia,Chordata,Reptilia,Squamata,Viperidae,Crotalus,Crotalus triseriatus,,SPECIES,"Crotalus triseriatus Wagler, 1830",Crotalus triseriatus,,MX,,Puebla,PRESENT,,28eb1a3f-1c15-4a95-931a-4af90ecb574d,19.59757,-97.670524,258,,,,,,2017-07-09T15:47:49,9,7,2017,2444358,2444358,HUMAN_OBSERVATION,iNaturalist,Observations,12946503,,M. Domínguez-Laso,,CC_BY_NC_4_0,Manuel Cortina,Manuel Cortina,,,2021-01-30T23:49:46.052Z,StillImage,COORDINATE_ROUNDED;GEODETIC_DATUM_ASSUMED_WGS84;INSTITUTION_MATCH_NONE;COLLECTION_MATCH_NONE
2629188190,5719db5a-b15f-4dad-9a11-6cde70b5ed0e,urn:catalog:FC-UNAM:MZFC:23312:70ff4fb348d4f883cba1b095d6c53eb2,Animalia,Chordata,Reptilia,Squamata,Viperidae,Crotalus,Crotalus triseriatus,,SPECIES,"Crotalus triseriatus Wagler, 1830",Crotalus triseriatus,"(Wagler, 1830)",MX,Oyameles,Puebla,PRESENT,1,ff90b050-c256-11db-b71b-b8a03c50a862,19.723306,-97.513972,,,1362,1362,0,0,2005-10-28T00:00:00,28,10,2005,2444358,2444358,PRESERVED_SPECIMEN,FC-UNAM,MZFC,23312,,LUIS CANSECO MARQUEZ,,CC_BY_4_0,Comisión Nacional para el Conocimiento y Uso de la Biodiversidad (CONABIO),Israel Solano Zavaleta,,,2020-12-15T17:10:04.291Z,,COORDINATE_ROUNDED;ELEVATION_MIN_MAX_SWAPPED;TYPE_STATUS_INVALID;OCCURRENCE_STATUS_INFERRED_FROM_INDIVIDUAL_COUNT;INSTITUTION_MATCH_NONE;COLLECTION_MATCH_NONE
1847436405,50c9509d-22c7-4a22-a47d-8c48425ef4a7,https://www.inaturalist.org/observations/12130345,Animalia,Chordata,Reptilia,Squamata,Viperidae,Crotalus,Crotalus triseriatus,,SPECIES,"Crotalus triseriatus Wagler, 1830",Crotalus triseriatus,,MX,,Puebla,PRESENT,,28eb1a3f-1c15-4a95-931a-4af90ecb574d,19.717248,-97.481169,516,,,,,,2018-04-28T09:00:00,28,4,2018,2444358,2444358,HUMAN_OBSERVATION,iNaturalist,Observations,12130345,,Ernesto,2018-05-09T16:01:12,CC_BY_NC_4_0,Manuel Cortina,Manuel Cortina,,,2021-01-30T23:51:31.985Z,StillImage,COORDINATE_ROUNDED;GEODETIC_DATUM_ASSUMED_WGS84;INSTITUTION_MATCH_NONE;COLLECTION_MATCH_NONE
2331859377,50c9509d-22c7-4a22-a47d-8c48425ef4a7,https://www.inaturalist.org/observations/30036537,Animalia,Chordata,Reptilia,Squamata,Viperidae,Crotalus,Crotalus triseriatus,,SPECIES,"Crotalus triseriatus Wagler, 1830",Crotalus triseriatus,,MX,,Puebla,PRESENT,,28eb1a3f-1c15-4a95-931a-4af90ecb574d,19.70749,-97.471476,4,,,,,,2019-08-01T12:26:44,1,8,2019,2444358,2444358,HUMAN_OBSERVATION,iNaturalist,Observations,30036537,,Manuel Cortina,2019-08-02T13:01:32,CC_BY_NC_4_0,Manuel Cortina,Manuel Cortina,,,2021-01-30T23:50:10.322Z,StillImage,COORDINATE_ROUNDED;GEODETIC_DATUM_ASSUMED_WGS84;INSTITUTION_MATCH_NONE;COLLECTION_MATCH_NONE
1893251638,9c41cbeb-e8d5-4c25-a3d1-a82972b61391,urn:catalog:INECOL:NO APLICA:NO APLICA:53b2b63b561c517e4cb0f4b0a0142e88,Animalia,Chordata,Reptilia,Squamata,Viperidae,Crotalus,Crotalus triseriatus,,SPECIES,"Crotalus triseriatus Wagler, 1830",Crotalus triseriatus,"(Wagler, 1830)",MX,2 km al norte de Tlachichuca,Puebla,PRESENT,1,ff90b050-c256-11db-b71b-b8a03c50a862,19.130222,-97.415444,,,1326.5,1326.5,0,0,2012-08-05T00:00:00,5,8,2012,2444358,2444358,HUMAN_OBSERVATION,INECOL,NO APLICA,NO APLICA,,JLAL,,CC_BY_4_0,Comisión Nacional para el Conocimiento y Uso de la Biodiversidad (CONABIO),RLM,,,2021-01-22T17:02:18.716Z,,COORDINATE_ROUNDED;ELEVATION_MIN_MAX_SWAPPED;TYPE_STATUS_INVALID;OCCURRENCE_STATUS_INFERRED_FROM_INDIVIDUAL_COUNT;INSTITUTION_MATCH_NONE;COLLECTION_MATCH_NONE
1894917872,7feba584-f762-11e1-a439-00145eb45e9a,urn:catalog:FMNH:FMNH:103993:a88d3b773c0d97131f2a2544593c60c6,Animalia,Chordata,Reptilia,Squamata,Viperidae,Crotalus,Crotalus triseriatus,,SPECIES,"Crotalus triseriatus Wagler, 1830",Crotalus triseriatus subsp. triseriatus,"(Wagler, 1830)",MX,TEZIUTLAN,Puebla,PRESENT,1,ff90b050-c256-11db-b71b-b8a03c50a862,19.825,-97.375,,,0,0,0,0,1940-06-24T00:00:00,24,6,1940,2444358,2444358,PRESERVED_SPECIMEN,FMNH,FMNH,103993,,NO DISPONIBLE,,CC_BY_4_0,Comisión Nacional para el Conocimiento y Uso de la Biodiversidad (CONABIO),E.H. Taylor,,,2021-01-22T17:17:39.755Z,,GEODETIC_DATUM_ASSUMED_WGS84;TAXON_MATCH_HIGHERRANK;TYPE_STATUS_INVALID;OCCURRENCE_STATUS_INFERRED_FROM_INDIVIDUAL_COUNT;AMBIGUOUS_COLLECTION;INSTITUTION_MATCH_FUZZY
1894917856,7feba584-f762-11e1-a439-00145eb45e9a,urn:catalog:FMNH:FMNH:103990:a73ae669eaeef83d3540fced61ac2979,Animalia,Chordata,Reptilia,Squamata,Viperidae,Crotalus,Crotalus triseriatus,,SPECIES,"Crotalus triseriatus Wagler, 1830",Crotalus triseriatus subsp. triseriatus,"(Wagler, 1830)",MX,TEZIUTLAN,Puebla,PRESENT,1,ff90b050-c256-11db-b71b-b8a03c50a862,19.825,-97.375,,,0,0,0,0,1940-06-24T00:00:00,24,6,1940,2444358,2444358,PRESERVED_SPECIMEN,FMNH,FMNH,103990,,NO DISPONIBLE,,CC_BY_4_0,Comisión Nacional para el Conocimiento y Uso de la Biodiversidad (CONABIO),E.H. Taylor,,,2021-01-22T17:17:42.035Z,,GEODETIC_DATUM_ASSUMED_WGS84;TAXON_MATCH_HIGHERRANK;TYPE_STATUS_INVALID;OCCURRENCE_STATUS_INFERRED_FROM_INDIVIDUAL_COUNT;AMBIGUOUS_COLLECTION;INSTITUTION_MATCH_FUZZY
1893251628,9c41cbeb-e8d5-4c25-a3d1-a82972b61391,urn:catalog:INECOL:NO APLICA:NO APLICA:2d5678e29f30b7e6249c891393d928af,Animalia,Chordata,Reptilia,Squamata,Viperidae,Crotalus,Crotalus triseriatus,,SPECIES,"Crotalus triseriatus Wagler, 1830",Crotalus triseriatus,"(Wagler, 1830)",MX,5.9 km al este de Tlachichuca,Puebla,PRESENT,1,ff90b050-c256-11db-b71b-b8a03c50a862,19.091722,-97.368833,,,1441,1441,0,0,2012-08-05T00:00:00,5,8,2012,2444358,2444358,HUMAN_OBSERVATION,INECOL,NO APLICA,NO APLICA,,JLAL,,CC_BY_4_0,Comisión Nacional para el Conocimiento y Uso de la Biodiversidad (CONABIO),ASR,,,2021-01-22T17:02:18.668Z,,COORDINATE_ROUNDED;ELEVATION_MIN_MAX_SWAPPED;TYPE_STATUS_INVALID;OCCURRENCE_STATUS_INFERRED_FROM_INDIVIDUAL_COUNT;INSTITUTION_MATCH_NONE;COLLECTION_MATCH_NONE
1305115969,50c9509d-22c7-4a22-a47d-8c48425ef4a7,http://conabio.inaturalist.org/observations/2382337,Animalia,Chordata,Reptilia,Squamata,Viperidae,Crotalus,Crotalus triseriatus,,SPECIES,"Crotalus triseriatus Wagler, 1830",Crotalus triseriatus,,MX,,Puebla,PRESENT,,28eb1a3f-1c15-4a95-931a-4af90ecb574d,18.802401,-97.366501,30615,,,,,,2015-11-14T23:58:16,14,11,2015,2444358,2444358,HUMAN_OBSERVATION,iNaturalist,Observations,2382337,,crotalusx,2015-12-06T03:39:26,CC_BY_NC_4_0,Dr. Juan Carlos Olivo Escudero,Dr. Juan Carlos Olivo Escudero,,,2021-01-30T23:49:25.894Z,StillImage,COORDINATE_ROUNDED;GEODETIC_DATUM_ASSUMED_WGS84;INSTITUTION_MATCH_NONE;COLLECTION_MATCH_NONE
1894917593,7feba584-f762-11e1-a439-00145eb45e9a,urn:catalog:UIUC:UIMNH:48823:6fd699cde2140c2db376a4d25d7e6bff,Animalia,Chordata,Reptilia,Squamata,Viperidae,Crotalus,Crotalus triseriatus,,SPECIES,"Crotalus triseriatus Wagler, 1830",Crotalus triseriatus subsp. triseriatus,"(Wagler, 1830)",MX,"Limón, el",Puebla,PRESENT,1,ff90b050-c256-11db-b71b-b8a03c50a862,19.81694,-97.36028,3460,,0,0,0,0,,,,,2444358,2444358,PRESERVED_SPECIMEN,UIUC,UIMNH,48823,,NO DISPONIBLE,,CC_BY_4_0,Comisión Nacional para el Conocimiento y Uso de la Biodiversidad (CONABIO),NO DISPONIBLE,,,2021-01-22T17:17:39.462Z,,RECORDED_DATE_INVALID;TAXON_MATCH_HIGHERRANK;TYPE_STATUS_INVALID;OCCURRENCE_STATUS_INFERRED_FROM_INDIVIDUAL_COUNT;INSTITUTION_MATCH_NONE;COLLECTION_MATCH_FUZZY
1894950124,7feba584-f762-11e1-a439-00145eb45e9a,urn:catalog:NO DISPONIBLE:NO DISPONIBLE:13019:70dcd1a9e659ffdcc40d6b1b8f618eb2,Animalia,Chordata,Reptilia,Squamata,Viperidae,Crotalus,Crotalus triseriatus,,SPECIES,"Crotalus triseriatus Wagler, 1830",Crotalus triseriatus,"(Wagler, 1830)",MX,"Limón, el",Veracruz de ignacio de la llave,PRESENT,1,ff90b050-c256-11db-b71b-b8a03c50a862,19.508333,-97.358333,,,1266.5,1266.5,0,0,,,,,2444358,2444358,PRESERVED_SPECIMEN,NO DISPONIBLE,NO DISPONIBLE,13019,,NO DISPONIBLE,,CC_BY_4_0,Comisión Nacional para el Conocimiento y Uso de la Biodiversidad (CONABIO),NO DISPONIBLE,,,2021-01-22T17:17:41.494Z,,COORDINATE_ROUNDED;GEODETIC_DATUM_ASSUMED_WGS84;RECORDED_DATE_INVALID;ELEVATION_MIN_MAX_SWAPPED;TYPE_STATUS_INVALID;OCCURRENCE_STATUS_INFERRED_FROM_INDIVIDUAL_COUNT;INSTITUTION_MATCH_NONE;COLLECTION_MATCH_NONE
1894950037,7feba584-f762-11e1-a439-00145eb45e9a,urn:catalog:NO DISPONIBLE:NO DISPONIBLE:110598:51bd280930689cffcf9a3031b43e56bd,Animalia,Chordata,Reptilia,Squamata,Viperidae,Crotalus,Crotalus triseriatus,,SPECIES,"Crotalus triseriatus Wagler, 1830",Crotalus triseriatus,"(Wagler, 1830)",MX,"Limón, el",Veracruz de ignacio de la llave,PRESENT,1,ff90b050-c256-11db-b71b-b8a03c50a862,19.508333,-97.358333,,,1266.5,1266.5,0,0,,,,,2444358,2444358,PRESERVED_SPECIMEN,NO DISPONIBLE,NO DISPONIBLE,110598,,NO DISPONIBLE,,CC_BY_4_0,Comisión Nacional para el Conocimiento y Uso de la Biodiversidad (CONABIO),NO DISPONIBLE,,,2021-01-22T17:17:39.372Z,,COORDINATE_ROUNDED;GEODETIC_DATUM_ASSUMED_WGS84;RECORDED_DATE_INVALID;ELEVATION_MIN_MAX_SWAPPED;TYPE_STATUS_INVALID;OCCURRENCE_STATUS_INFERRED_FROM_INDIVIDUAL_COUNT;INSTITUTION_MATCH_NONE;COLLECTION_MATCH_NONE
1894950092,7feba584-f762-11e1-a439-00145eb45e9a,urn:catalog:FMNH:FMNH:104645:17edb2eb13a4c9b90c6f7cfae60ab57e,Animalia,Chordata,Reptilia,Squamata,Viperidae,Crotalus,Crotalus triseriatus,,SPECIES,"Crotalus triseriatus Wagler, 1830",Crotalus triseriatus,"(Wagler, 1830)",MX,Totalco,Veracruz de ignacio de la llave,PRESENT,1,ff90b050-c256-11db-b71b-b8a03c50a862,19.50194,-97.3475,1010,,0,0,0,0,1938-07-29T00:00:00,29,7,1938,2444358,2444358,PRESERVED_SPECIMEN,FMNH,FMNH,104645,,NO DISPONIBLE,,CC_BY_4_0,Comisión Nacional para el Conocimiento y Uso de la Biodiversidad (CONABIO),E.H. Taylor,,,2021-01-22T17:17:38.462Z,,TYPE_STATUS_INVALID;OCCURRENCE_STATUS_INFERRED_FROM_INDIVIDUAL_COUNT;AMBIGUOUS_COLLECTION;INSTITUTION_MATCH_FUZZY
1894863558,7ff48302-f762-11e1-a439-00145eb45e9a,urn:catalog:FMNH:FMNH:104645:dda39c7e856336f5a23782964ca75707,Animalia,Chordata,Reptilia,Squamata,Viperidae,Crotalus,Crotalus triseriatus,,SPECIES,"Crotalus triseriatus Wagler, 1830",Crotalus triseriatus subsp. triseriatus,"(Wagler, 1830)",MX,Totalco,Veracruz de ignacio de la llave,PRESENT,1,ff90b050-c256-11db-b71b-b8a03c50a862,19.508333,-97.341667,,,1225,1225,0,0,1938-01-01T00:00:00,,,1938,2444358,2444358,PRESERVED_SPECIMEN,FMNH,FMNH,104645,,NO DISPONIBLE,,CC_BY_4_0,Comisión Nacional para el Conocimiento y Uso de la Biodiversidad (CONABIO),NO DISPONIBLE,,,2021-01-22T17:17:06.607Z,,COORDINATE_ROUNDED;GEODETIC_DATUM_ASSUMED_WGS84;RECORDED_DATE_INVALID;TAXON_MATCH_HIGHERRANK;ELEVATION_MIN_MAX_SWAPPED;TYPE_STATUS_INVALID;OCCURRENCE_STATUS_INFERRED_FROM_INDIVIDUAL_COUNT;AMBIGUOUS_COLLECTION;INSTITUTION_MATCH_FUZZY
1894863492,7ff48302-f762-11e1-a439-00145eb45e9a,urn:catalog:CMNH:CM:69458:409bfb50ac51f2de4e76a1f7aafc1b2d,Animalia,Chordata,Reptilia,Squamata,Viperidae,Crotalus,Crotalus triseriatus,,SPECIES,"Crotalus triseriatus Wagler, 1830",Crotalus triseriatus subsp. triseriatus,"(Wagler, 1830)",MX,FORMACIONES DE LAVA AL E DE VILLA TOTALCO,Veracruz de ignacio de la llave,PRESENT,1,ff90b050-c256-11db-b71b-b8a03c50a862,19.508333,-97.341667,,,1225,1225,0,0,1972-01-01T00:00:00,,,1972,2444358,2444358,PRESERVED_SPECIMEN,CMNH,CM,69458,,NO DISPONIBLE,,CC_BY_4_0,Comisión Nacional para el Conocimiento y Uso de la Biodiversidad (CONABIO),NO DISPONIBLE,,,2021-01-22T17:17:06.006Z,,COORDINATE_ROUNDED;GEODETIC_DATUM_ASSUMED_WGS84;RECORDED_DATE_INVALID;TAXON_MATCH_HIGHERRANK;ELEVATION_MIN_MAX_SWAPPED;TYPE_STATUS_INVALID;OCCURRENCE_STATUS_INFERRED_FROM_INDIVIDUAL_COUNT;AMBIGUOUS_COLLECTION;INSTITUTION_MATCH_FUZZY
1893251688,9c41cbeb-e8d5-4c25-a3d1-a82972b61391,urn:catalog:INECOL:NO APLICA:NO APLICA:ff50980c632b5a4ec59c28be6b69a09d,Animalia,Chordata,Reptilia,Squamata,Viperidae,Crotalus,Crotalus triseriatus,,SPECIES,"Crotalus triseriatus Wagler, 1830",Crotalus triseriatus,"(Wagler, 1830)",MX,8.7 km al este de Tlachichuca,Puebla,PRESENT,1,ff90b050-c256-11db-b71b-b8a03c50a862,19.088833,-97.341444,,,1498.5,1498.5,0,0,2012-08-04T00:00:00,4,8,2012,2444358,2444358,HUMAN_OBSERVATION,INECOL,NO APLICA,NO APLICA,,JLAL,,CC_BY_4_0,Comisión Nacional para el Conocimiento y Uso de la Biodiversidad (CONABIO),RLM,,,2021-01-22T17:02:19.006Z,,COORDINATE_ROUNDED;ELEVATION_MIN_MAX_SWAPPED;TYPE_STATUS_INVALID;OCCURRENCE_STATUS_INFERRED_FROM_INDIVIDUAL_COUNT;INSTITUTION_MATCH_NONE;COLLECTION_MATCH_NONE
1893251680,9c41cbeb-e8d5-4c25-a3d1-a82972b61391,urn:catalog:INECOL:CARIE:CARIE 0906:c09645bf060c4bfe75a8bdfdcfe2bc58,Animalia,Chordata,Reptilia,Squamata,Viperidae,Crotalus,Crotalus triseriatus,,SPECIES,"Crotalus triseriatus Wagler, 1830",Crotalus triseriatus,"(Wagler, 1830)",MX,8.7 km al este de Tlachichuca,Puebla,PRESENT,1,ff90b050-c256-11db-b71b-b8a03c50a862,19.088833,-97.341444,,,1498.5,1498.5,0,0,2012-08-04T00:00:00,4,8,2012,2444358,2444358,PRESERVED_SPECIMEN,INECOL,CARIE,CARIE 0906,,JLAL,,CC_BY_4_0,Comisión Nacional para el Conocimiento y Uso de la Biodiversidad (CONABIO),RLM,,,2021-01-22T17:02:18.663Z,,COORDINATE_ROUNDED;ELEVATION_MIN_MAX_SWAPPED;TYPE_STATUS_INVALID;OCCURRENCE_STATUS_INFERRED_FROM_INDIVIDUAL_COUNT;INSTITUTION_MATCH_NONE;COLLECTION_MATCH_NONE
2862562755,50c9509d-22c7-4a22-a47d-8c48425ef4a7,https://www.inaturalist.org/observations/58646055,Animalia,Chordata,Reptilia,Squamata,Viperidae,Crotalus,Crotalus triseriatus,,SPECIES,"Crotalus triseriatus Wagler, 1830",Crotalus triseriatus,,MX,,Puebla,PRESENT,,28eb1a3f-1c15-4a95-931a-4af90ecb574d,19.735487,-97.336803,747,,,,,,2017-08-02T15:57:57,2,8,2017,2444358,2444358,HUMAN_OBSERVATION,iNaturalist,Observations,58646055,,ynafh,2020-09-05T20:49:40,CC_BY_NC_4_0,ynafh,ynafh,,,2021-01-30T23:50:43.311Z,StillImage,COORDINATE_ROUNDED;GEODETIC_DATUM_ASSUMED_WGS84;INSTITUTION_MATCH_NONE;COLLECTION_MATCH_NONE
1702490926,50c9509d-22c7-4a22-a47d-8c48425ef4a7,https://www.inaturalist.org/observations/8754833,Animalia,Chordata,Reptilia,Squamata,Viperidae,Crotalus,Crotalus triseriatus,,SPECIES,"Crotalus triseriatus Wagler, 1830",Crotalus triseriatus,,MX,,Puebla,PRESENT,,28eb1a3f-1c15-4a95-931a-4af90ecb574d,18.994933,-97.302153,7,,,,,,2017-11-07T11:53:00,7,11,2017,2444358,2444358,HUMAN_OBSERVATION,iNaturalist,Observations,8754833,,Angel Eduardo Carrasco Gonzalez,2017-11-10T22:59:00,CC_BY_NC_4_0,Angel Eduardo Carrasco Gonzalez,Angel Eduardo Carrasco Gonzalez,,,2021-01-30T23:49:40.919Z,StillImage,COORDINATE_ROUNDED;GEODETIC_DATUM_ASSUMED_WGS84;INSTITUTION_MATCH_NONE;COLLECTION_MATCH_NONE
1894783313,264da7bf-9e07-4480-aab7-a76cd38c6e9c,urn:catalog:IBUNAM:CNAR:19247:98831ad90df4dc14642dc9205cd631c6,Animalia,Chordata,Reptilia,Squamata,Viperidae,Crotalus,Crotalus triseriatus,,SPECIES,"Crotalus triseriatus Wagler, 1830",Crotalus triseriatus,"(Wagler, 1830)",MX,"Volcán Pico de Orizaba, faldas del Xacal",Puebla,PRESENT,1,ff90b050-c256-11db-b71b-b8a03c50a862,19.036389,-97.283056,,,2356,2356,0,0,1996-12-14T00:00:00,14,12,1996,2444358,2444358,PRESERVED_SPECIMEN,IBUNAM,CNAR,19247,,MTL; AJGH,,CC_BY_4_0,Comisión Nacional para el Conocimiento y Uso de la Biodiversidad (CONABIO),MTL,,,2021-01-22T17:03:39.449Z,,COORDINATE_ROUNDED;GEODETIC_DATUM_ASSUMED_WGS84;ELEVATION_MIN_MAX_SWAPPED;TYPE_STATUS_INVALID;OCCURRENCE_STATUS_INFERRED_FROM_INDIVIDUAL_COUNT;COLLECTION_MATCH_NONE;DIFFERENT_OWNER_INSTITUTION
543690681,cece4fc2-1fec-4bb5-a335-7252548e3f0b,urn:catalog:CAS:HERP:98554,Animalia,Chordata,Reptilia,Squamata,Viperidae,Crotalus,Crotalus triseriatus,,SPECIES,"Crotalus triseriatus Wagler, 1830",Crotalus triseriatus triseriatus,,MX,S slope of Mt Orizaba,Veracruz,PRESENT,,66522820-055c-11d8-b84e-b8a03c50a862,19.00675,-97.271806,,,4526.29,,,,1964-07-07T00:00:00,7,7,1964,2444358,2444358,PRESERVED_SPECIMEN,CAS,HERP,98554,,,,CC0_1_0,,R. Hanks,,,2021-01-22T17:21:03.113Z,StillImage,COORDINATE_ROUNDED;TAXON_MATCH_HIGHERRANK;AMBIGUOUS_INSTITUTION;AMBIGUOUS_COLLECTION
1317692110,821cc27a-e3bb-4bc5-ac34-89ada245069d,http://n2t.net/ark:/65665/315a746bf-f1d9-42ef-8650-91239eec9de0,Animalia,Chordata,Reptilia,Squamata,Viperidae,Crotalus,Crotalus triseriatus,,SPECIES,"Crotalus triseriatus Wagler, 1830",Crotalus triseriatus,,MX,"LAGUNAS DE SAN BERNARDINO, NEAR, AT POINT 7.1 MI ESE OF SAN FELIPE,",Puebla,PRESENT,1,bc092ff0-02e4-11dc-991f-b8a03c50a862,18.6,-97.27,,,2500,0,,,1972-08-30T00:00:00,30,8,1972,2444358,2444358,PRESERVED_SPECIMEN,USNM,Amphibians & Reptiles,224441,,,,CC0_1_0,,,,,2021-01-28T10:51:03.855Z,,GEODETIC_DATUM_ASSUMED_WGS84;OCCURRENCE_STATUS_INFERRED_FROM_INDIVIDUAL_COUNT;COLLECTION_MATCH_NONE
1894863550,7ff48302-f762-11e1-a439-00145eb45e9a,urn:catalog:CAS:CAS-HERP:103588:d522df9732d9c20ec53dda64ed6fc99f,Animalia,Chordata,Reptilia,Squamata,Viperidae,Crotalus,Crotalus triseriatus,,SPECIES,"Crotalus triseriatus Wagler, 1830",Crotalus triseriatus subsp. triseriatus,"(Wagler, 1830)",MX,"PENDIENTE SE PICO DE ORIZABA, CERCA DE PASO DE LEON (*)",Veracruz de ignacio de la llave,PRESENT,1,ff90b050-c256-11db-b71b-b8a03c50a862,19.041667,-97.258333,,,1829,1829,0,0,1965-01-01T00:00:00,,,1965,2444358,2444358,PRESERVED_SPECIMEN,CAS,CAS-HERP,103588,,NO DISPONIBLE,,CC_BY_4_0,Comisión Nacional para el Conocimiento y Uso de la Biodiversidad (CONABIO),NO DISPONIBLE,,,2021-01-22T17:17:06.610Z,,COORDINATE_ROUNDED;GEODETIC_DATUM_ASSUMED_WGS84;RECORDED_DATE_INVALID;TAXON_MATCH_HIGHERRANK;ELEVATION_MIN_MAX_SWAPPED;TYPE_STATUS_INVALID;OCCURRENCE_STATUS_INFERRED_FROM_INDIVIDUAL_COUNT;AMBIGUOUS_INSTITUTION;COLLECTION_MATCH_NONE
1894863472,7ff48302-f762-11e1-a439-00145eb45e9a,urn:catalog:CAS:CAS-HERP:98553:308131bfc7bd442db4e7edc399c01873,Animalia,Chordata,Reptilia,Squamata,Viperidae,Crotalus,Crotalus triseriatus,,SPECIES,"Crotalus triseriatus Wagler, 1830",Crotalus triseriatus subsp. triseriatus,"(Wagler, 1830)",MX,PENDIENTE ESE DEL PICO DE ORIZABA (*),Veracruz de ignacio de la llave,PRESENT,1,ff90b050-c256-11db-b71b-b8a03c50a862,19.041667,-97.258333,,,1981,1981,0,0,1964-01-01T00:00:00,,,1964,2444358,2444358,PRESERVED_SPECIMEN,CAS,CAS-HERP,98553,,NO DISPONIBLE,,CC_BY_4_0,Comisión Nacional para el Conocimiento y Uso de la Biodiversidad (CONABIO),NO DISPONIBLE,,,2021-01-22T17:17:05.853Z,,COORDINATE_ROUNDED;GEODETIC_DATUM_ASSUMED_WGS84;RECORDED_DATE_INVALID;TAXON_MATCH_HIGHERRANK;ELEVATION_MIN_MAX_SWAPPED;TYPE_STATUS_INVALID;OCCURRENCE_STATUS_INFERRED_FROM_INDIVIDUAL_COUNT;AMBIGUOUS_INSTITUTION;COLLECTION_MATCH_NONE
1894863442,7ff48302-f762-11e1-a439-00145eb45e9a,urn:catalog:CAS:CAS-HERP:74616:0e936b6f2a9d1c12d9f43499e411bf7b,Animalia,Chordata,Reptilia,Squamata,Viperidae,Crotalus,Crotalus triseriatus,,SPECIES,"Crotalus triseriatus Wagler, 1830",Crotalus triseriatus subsp. triseriatus,"(Wagler, 1830)",MX,"PENDIENTE S DEL PICO DE ORIZABA, LIMITE VERACRUZ-PUEBLA",Veracruz de ignacio de la llave,PRESENT,1,ff90b050-c256-11db-b71b-b8a03c50a862,19.041667,-97.258333,,,0,0,0,0,1925-01-01T00:00:00,,,1925,2444358,2444358,PRESERVED_SPECIMEN,CAS,CAS-HERP,74616,,NO DISPONIBLE,,CC_BY_4_0,Comisión Nacional para el Conocimiento y Uso de la Biodiversidad (CONABIO),NO DISPONIBLE,,,2021-01-22T17:17:06.702Z,,COORDINATE_ROUNDED;GEODETIC_DATUM_ASSUMED_WGS84;RECORDED_DATE_INVALID;TAXON_MATCH_HIGHERRANK;TYPE_STATUS_INVALID;OCCURRENCE_STATUS_INFERRED_FROM_INDIVIDUAL_COUNT;AMBIGUOUS_INSTITUTION;COLLECTION_MATCH_NONE
1894863424,7ff48302-f762-11e1-a439-00145eb45e9a,urn:catalog:CAS:CAS-HERP:98554:03ddc5a16cd6060533d5544b44c987fe,Animalia,Chordata,Reptilia,Squamata,Viperidae,Crotalus,Crotalus triseriatus,,SPECIES,"Crotalus triseriatus Wagler, 1830",Crotalus triseriatus subsp. triseriatus,"(Wagler, 1830)",MX,PENDIENTE S DEL PICO DE ORIZABA (*),Veracruz de ignacio de la llave,PRESENT,1,ff90b050-c256-11db-b71b-b8a03c50a862,19.041667,-97.258333,,,2263,2263,0,0,1964-01-01T00:00:00,,,1964,2444358,2444358,PRESERVED_SPECIMEN,CAS,CAS-HERP,98554,,NO DISPONIBLE,,CC_BY_4_0,Comisión Nacional para el Conocimiento y Uso de la Biodiversidad (CONABIO),NO DISPONIBLE,,,2021-01-22T17:17:06.933Z,,COORDINATE_ROUNDED;GEODETIC_DATUM_ASSUMED_WGS84;RECORDED_DATE_INVALID;TAXON_MATCH_HIGHERRANK;ELEVATION_MIN_MAX_SWAPPED;TYPE_STATUS_INVALID;OCCURRENCE_STATUS_INFERRED_FROM_INDIVIDUAL_COUNT;AMBIGUOUS_INSTITUTION;COLLECTION_MATCH_NONE
1893251700,9c41cbeb-e8d5-4c25-a3d1-a82972b61391,urn:catalog:INECOL:NO APLICA:NO APLICA:dbd6f8ceabb972f85eb2d6da530ba6ca,Animalia,Chordata,Reptilia,Squamata,Viperidae,Crotalus,Crotalus triseriatus,,SPECIES,"Crotalus triseriatus Wagler, 1830",Crotalus triseriatus,"(Wagler, 1830)",MX,2.8 km al sur de Altotonga,Veracruz de ignacio de la llave,PRESENT,1,ff90b050-c256-11db-b71b-b8a03c50a862,19.739944,-97.250361,,,1003,1003,0,0,2012-07-18T00:00:00,18,7,2012,2444358,2444358,HUMAN_OBSERVATION,INECOL,NO APLICA,NO APLICA,,JLAL; MCJR,,CC_BY_4_0,Comisión Nacional para el Conocimiento y Uso de la Biodiversidad (CONABIO),MTOS,,,2021-01-22T17:02:19.032Z,,COORDINATE_ROUNDED;ELEVATION_MIN_MAX_SWAPPED;TYPE_STATUS_INVALID;OCCURRENCE_STATUS_INFERRED_FROM_INDIVIDUAL_COUNT;INSTITUTION_MATCH_NONE;COLLECTION_MATCH_NONE
543664084,cece4fc2-1fec-4bb5-a335-7252548e3f0b,urn:catalog:CAS:HERP:74616,Animalia,Chordata,Reptilia,Squamata,Viperidae,Crotalus,Crotalus triseriatus,,SPECIES,"Crotalus triseriatus Wagler, 1830",Crotalus triseriatus triseriatus,,MX,"Puebla boundary, Volcan Orizaba, S slope",Veracruz,PRESENT,,66522820-055c-11d8-b84e-b8a03c50a862,18.921194,-97.249833,,,,,,,1925-11-01T00:00:00,,11,1925,2444358,2444358,PRESERVED_SPECIMEN,CAS,HERP,74616,,,,CC0_1_0,,P. Ruthling,,,2021-01-22T17:20:56.030Z,StillImage,COORDINATE_ROUNDED;TAXON_MATCH_HIGHERRANK;AMBIGUOUS_INSTITUTION;AMBIGUOUS_COLLECTION
543445166,cece4fc2-1fec-4bb5-a335-7252548e3f0b,urn:catalog:CAS:HERP:103613,Animalia,Chordata,Reptilia,Squamata,Viperidae,Crotalus,Crotalus triseriatus,,SPECIES,"Crotalus triseriatus Wagler, 1830",Crotalus triseriatus triseriatus,,MX,N slope of Citlaltepetl,Veracruz,PRESENT,,66522820-055c-11d8-b84e-b8a03c50a862,19.088806,-97.243222,,,3505.21,,,,1965-07-18T00:00:00,18,7,1965,2444358,2444358,PRESERVED_SPECIMEN,CAS,HERP,103613,,L.A. Wishmeyer,1983-06-01T00:00:00,CC0_1_0,,L.W. Swan,,,2021-01-22T17:21:03.281Z,StillImage,COORDINATE_ROUNDED;TAXON_MATCH_HIGHERRANK;AMBIGUOUS_INSTITUTION;AMBIGUOUS_COLLECTION
543690680,cece4fc2-1fec-4bb5-a335-7252548e3f0b,urn:catalog:CAS:HERP:98553,Animalia,Chordata,Reptilia,Squamata,Viperidae,Crotalus,Crotalus triseriatus,,SPECIES,"Crotalus triseriatus Wagler, 1830",Crotalus triseriatus triseriatus,,MX,ESE slope of Mt Orizaba,Veracruz,PRESENT,,66522820-055c-11d8-b84e-b8a03c50a862,19.046139,-97.24125,,,3962.41,,,,1964-07-16T00:00:00,16,7,1964,2444358,2444358,PRESERVED_SPECIMEN,CAS,HERP,98553,,,,CC0_1_0,,D.J. Englund,,,2021-01-22T17:20:56.274Z,StillImage,COORDINATE_ROUNDED;TAXON_MATCH_HIGHERRANK;AMBIGUOUS_INSTITUTION;AMBIGUOUS_COLLECTION
1888924338,09c4287e-e6d5-4552-a07f-bff8a00833d8,http://arctos.database.museum/guid/MVZ:Herp:275530?seid=4072719,Animalia,Chordata,Reptilia,Squamata,Viperidae,Crotalus,Crotalus triseriatus,,SPECIES,"Crotalus triseriatus Wagler, 1830",Crotalus triseriatus,,MX,"San Andreas Buena Vista, ca. 10 km N of Perote off highway",Veracruz,PRESENT,1,8edbbde0-055e-11d8-b850-b8a03c50a862,19.67813,-97.23364,9,,2488,0,,,2012-09-09T18:30:00,9,9,2012,2444358,2444358,PRESERVED_SPECIMEN,MVZ,Amphibian and reptile specimens,MVZ:Herp:275530,CLS 865,Matthew L. Holding,2018-11-19T00:00:00,CC0_1_0,,Collector(s): Carol L. Spencer; Ann Trapaga; Nassima M. Bouzid; Gustavo Campillo García; Daniel Antonio Rangel,,,2021-01-29T01:10:37.554Z,,OCCURRENCE_STATUS_INFERRED_FROM_INDIVIDUAL_COUNT;COLLECTION_MATCH_NONE;INSTITUTION_MATCH_FUZZY
543445137,cece4fc2-1fec-4bb5-a335-7252548e3f0b,urn:catalog:CAS:HERP:103588,Animalia,Chordata,Reptilia,Squamata,Viperidae,Crotalus,Crotalus triseriatus,,SPECIES,"Crotalus triseriatus Wagler, 1830",Crotalus triseriatus triseriatus,,MX,"SE slope of Citlaltepetl, near Paso Leon",Veracruz,PRESENT,,66522820-055c-11d8-b84e-b8a03c50a862,19.044194,-97.226389,,,3657.61,,,,1965-07-14T00:00:00,14,7,1965,2444358,2444358,PRESERVED_SPECIMEN,CAS,HERP,103588,,L.A. Wishmeyer,1983-06-01T00:00:00,CC0_1_0,,L.W. Swan,,,2021-01-22T17:21:03.296Z,StillImage,COORDINATE_ROUNDED;TAXON_MATCH_HIGHERRANK;AMBIGUOUS_INSTITUTION;AMBIGUOUS_COLLECTION
2630297829,7feba584-f762-11e1-a439-00145eb45e9a,urn:catalog:KU:KUH:26730:9764369811fe54e6aa0c2a056088d40e,Animalia,Chordata,Reptilia,Squamata,Viperidae,Crotalus,Crotalus triseriatus,,SPECIES,"Crotalus triseriatus Wagler, 1830",Crotalus triseriatus subsp. triseriatus,"(Wagler, 1830)",MX,"PEROTE, 5 KM SE",Veracruz de ignacio de la llave,PRESENT,1,ff90b050-c256-11db-b71b-b8a03c50a862,19.541667,-97.225,,,0,0,0,0,,,,,2444358,2444358,PRESERVED_SPECIMEN,KU,KUH,26730,,NO DISPONIBLE,,CC_BY_4_0,Comisión Nacional para el Conocimiento y Uso de la Biodiversidad (CONABIO),NO DISPONIBLE,,,2021-01-22T17:17:30.523Z,,COORDINATE_ROUNDED;GEODETIC_DATUM_ASSUMED_WGS84;RECORDED_DATE_INVALID;TAXON_MATCH_HIGHERRANK;TYPE_STATUS_INVALID;OCCURRENCE_STATUS_INFERRED_FROM_INDIVIDUAL_COUNT;COLLECTION_MATCH_FUZZY;DIFFERENT_OWNER_INSTITUTION
686732516,dce00a1f-f6b4-4e11-9771-92c62c40ad80,b35cde2b-b069-11e3-8cfe-90b11c41863e,Animalia,Chordata,Reptilia,Squamata,Viperidae,Crotalus,Crotalus triseriatus,,SPECIES,"Crotalus triseriatus Wagler, 1830",Crotalus triseriatus,,MX,5 km SE Perote,Veracruz,PRESENT,,b554c320-0560-11d8-b851-b8a03c50a862,19.5289491,-97.21088839,,,,,,,1949-01-01T00:00:00,,,1949,2444358,2444358,PRESERVED_SPECIMEN,KU,KUH,26730,,,,CC_BY_4_0,,,,,2021-02-02T22:18:40.962Z,,COORDINATE_REPROJECTED;COLLECTION_MATCH_FUZZY
2456554745,50c9509d-22c7-4a22-a47d-8c48425ef4a7,https://www.inaturalist.org/observations/35558761,Animalia,Chordata,Reptilia,Squamata,Viperidae,Crotalus,Crotalus triseriatus,,SPECIES,"Crotalus triseriatus Wagler, 1830",Crotalus triseriatus,,MX,,Veracruz,PRESENT,,28eb1a3f-1c15-4a95-931a-4af90ecb574d,19.527656,-97.192614,132,,,,,,2019-11-06T12:11:40,6,11,2019,2444358,2444358,HUMAN_OBSERVATION,iNaturalist,Observations,35558761,,Prakrit,2019-11-11T15:36:45,CC_BY_NC_4_0,Merayz Eliré PG,Merayz Eliré PG,,,2021-01-30T23:50:19.067Z,StillImage,COORDINATE_ROUNDED;GEODETIC_DATUM_ASSUMED_WGS84;INSTITUTION_MATCH_NONE;COLLECTION_MATCH_NONE
1893251646,9c41cbeb-e8d5-4c25-a3d1-a82972b61391,urn:catalog:INECOL:NO APLICA:NO APLICA:064f59fd6a2b0f7116312611fa7abdc7,Animalia,Chordata,Reptilia,Squamata,Viperidae,Crotalus,Crotalus triseriatus,,SPECIES,"Crotalus triseriatus Wagler, 1830",Crotalus triseriatus,"(Wagler, 1830)",MX,7.5 km al este de Perote,Veracruz de ignacio de la llave,PRESENT,1,ff90b050-c256-11db-b71b-b8a03c50a862,19.528139,-97.180444,,,1580.5,1580.5,0,0,2012-09-27T00:00:00,27,9,2012,2444358,2444358,HUMAN_OBSERVATION,INECOL,NO APLICA,NO APLICA,,JLAL; MCJR,,CC_BY_4_0,Comisión Nacional para el Conocimiento y Uso de la Biodiversidad (CONABIO),MCJR,,,2021-01-22T17:02:19.033Z,,COORDINATE_ROUNDED;ELEVATION_MIN_MAX_SWAPPED;TYPE_STATUS_INVALID;OCCURRENCE_STATUS_INFERRED_FROM_INDIVIDUAL_COUNT;INSTITUTION_MATCH_NONE;COLLECTION_MATCH_NONE
1894863533,7ff48302-f762-11e1-a439-00145eb45e9a,urn:catalog:TCWC-TAMU:TCWC:820:cd13bffdf8b6cd50cc88f8e3a8856876,Animalia,Chordata,Reptilia,Squamata,Viperidae,Crotalus,Crotalus triseriatus,,SPECIES,"Crotalus triseriatus Wagler, 1830",Crotalus triseriatus subsp. triseriatus,"(Wagler, 1830)",MX,PENDIENTE NW DEL COFRE DE PEROTE (*),Veracruz de ignacio de la llave,PRESENT,1,ff90b050-c256-11db-b71b-b8a03c50a862,19.491667,-97.175,,,1600,1600,0,0,1942-01-01T00:00:00,,,1942,2444358,2444358,PRESERVED_SPECIMEN,TCWC-TAMU,TCWC,820,,NO DISPONIBLE,,CC_BY_4_0,Comisión Nacional para el Conocimiento y Uso de la Biodiversidad (CONABIO),NO DISPONIBLE,,,2021-01-22T17:17:06.679Z,,COORDINATE_ROUNDED;GEODETIC_DATUM_ASSUMED_WGS84;RECORDED_DATE_INVALID;TAXON_MATCH_HIGHERRANK;ELEVATION_MIN_MAX_SWAPPED;TYPE_STATUS_INVALID;OCCURRENCE_STATUS_INFERRED_FROM_INDIVIDUAL_COUNT;INSTITUTION_MATCH_NONE;COLLECTION_MATCH_FUZZY
1850984461,50c9509d-22c7-4a22-a47d-8c48425ef4a7,https://www.inaturalist.org/observations/13428695,Animalia,Chordata,Reptilia,Squamata,Viperidae,Crotalus,Crotalus triseriatus,,SPECIES,"Crotalus triseriatus Wagler, 1830",Crotalus triseriatus,,MX,,Veracruz,PRESENT,,28eb1a3f-1c15-4a95-931a-4af90ecb574d,19.681457,-97.168007,1886,,,,,,2006-10-03T00:00:00,3,10,2006,2444358,2444358,HUMAN_OBSERVATION,iNaturalist,Observations,13428695,,Tim O'Connell,2018-06-14T18:59:58,CC_BY_NC_4_0,Tim O'Connell,Tim O'Connell,,,2021-01-30T23:51:26.240Z,StillImage,COORDINATE_ROUNDED;GEODETIC_DATUM_ASSUMED_WGS84;INSTITUTION_MATCH_NONE;COLLECTION_MATCH_NONE
1265892818,50c9509d-22c7-4a22-a47d-8c48425ef4a7,http://conabio.inaturalist.org/observations/1649607,Animalia,Chordata,Reptilia,Squamata,Viperidae,Crotalus,Crotalus triseriatus,,SPECIES,"Crotalus triseriatus Wagler, 1830",Crotalus triseriatus,,MX,,Veracruz,PRESENT,,28eb1a3f-1c15-4a95-931a-4af90ecb574d,19.448632,-97.16787,30554,,,,,,2015-02-26T00:00:00,26,2,2015,2444358,2444358,HUMAN_OBSERVATION,iNaturalist,Observations,1649607,,daniel,2015-06-21T02:37:27,CC_BY_NC_4_0,daniel,daniel,,,2021-01-30T23:49:23.226Z,StillImage,COORDINATE_ROUNDED;GEODETIC_DATUM_ASSUMED_WGS84;INSTITUTION_MATCH_NONE;COLLECTION_MATCH_NONE
2629134097,63ed64cb-90b7-4ecc-b94c-3a0317742379,urn:catalog:ENCB-IPN:ENCB:13745:fb16536c67ca7ea79da20c403a8fe6ac,Animalia,Chordata,Reptilia,Squamata,Viperidae,Crotalus,Crotalus triseriatus,,SPECIES,"Crotalus triseriatus Wagler, 1830",Crotalus triseriatus,"(Wagler, 1830)",MX,"2.5 km S, 5 km E Nueva Vaquería",Veracruz de ignacio de la llave,PRESENT,1,ff90b050-c256-11db-b71b-b8a03c50a862,19.0711,-97.166702,,,0,0,0,0,1988-06-07T00:00:00,7,6,1988,2444358,2444358,PRESERVED_SPECIMEN,ENCB-IPN,ENCB,13745,,T. Alvarez; J. C. López V.,,CC_BY_4_0,Comisión Nacional para el Conocimiento y Uso de la Biodiversidad (CONABIO),J. J. Hernández Ch.,,,2020-12-15T17:29:37.175Z,,COORDINATE_ROUNDED;TYPE_STATUS_INVALID;OCCURRENCE_STATUS_INFERRED_FROM_INDIVIDUAL_COUNT;INSTITUTION_COLLECTION_MISMATCH;DIFFERENT_OWNER_INSTITUTION
1894863432,7ff48302-f762-11e1-a439-00145eb45e9a,urn:catalog:NO DISPONIBLE:NCB:13745:03df470b0a7184a1a8abf782e9e5eb03,Animalia,Chordata,Reptilia,Squamata,Viperidae,Crotalus,Crotalus triseriatus,,SPECIES,"Crotalus triseriatus Wagler, 1830",Crotalus triseriatus subsp. triseriatus,"(Wagler, 1830)",MX,"2.5 KM S, 5 KM E NUEVA VAQUERIA (*)",Veracruz de ignacio de la llave,PRESENT,1,ff90b050-c256-11db-b71b-b8a03c50a862,19.071389,-97.164167,,,1900,1900,0,0,1988-01-01T00:00:00,,,1988,2444358,2444358,PRESERVED_SPECIMEN,NO DISPONIBLE,NCB,13745,,NO DISPONIBLE,,CC_BY_4_0,Comisión Nacional para el Conocimiento y Uso de la Biodiversidad (CONABIO),NO DISPONIBLE,,,2021-01-22T17:17:05.847Z,,COORDINATE_ROUNDED;GEODETIC_DATUM_ASSUMED_WGS84;RECORDED_DATE_INVALID;TAXON_MATCH_HIGHERRANK;ELEVATION_MIN_MAX_SWAPPED;TYPE_STATUS_INVALID;OCCURRENCE_STATUS_INFERRED_FROM_INDIVIDUAL_COUNT;INSTITUTION_MATCH_NONE;COLLECTION_MATCH_NONE
2630243762,b23dae1f-1b66-432f-908b-be7737aff2b8,urn:catalog:NHM:NHM:72.4.11.8:d6ea74719c0f0aef1c9a65d99a4f61fe,Animalia,Chordata,Reptilia,Squamata,Viperidae,Crotalus,Crotalus triseriatus,,SPECIES,"Crotalus triseriatus Wagler, 1830",Crotalus triseriatus,"(Wagler, 1830)",MX,Orizaba,Veracruz de ignacio de la llave,PRESENT,,ff90b050-c256-11db-b71b-b8a03c50a862,18.875,-97.158333,,,0,0,0,0,1872-04-11T00:00:00,11,4,1872,2444358,2444358,PRESERVED_SPECIMEN,NHM,NHM,72.4.11.8,,NO DISPONIBLE,,CC_BY_4_0,Comisión Nacional para el Conocimiento y Uso de la Biodiversidad (CONABIO),NO DISPONIBLE,,,2020-12-15T20:02:47.620Z,,COORDINATE_ROUNDED;GEODETIC_DATUM_ASSUMED_WGS84;TYPE_STATUS_INVALID;COLLECTION_MATCH_FUZZY;DIFFERENT_OWNER_INSTITUTION
1580498277,50c9509d-22c7-4a22-a47d-8c48425ef4a7,https://www.inaturalist.org/observations/7071858,Animalia,Chordata,Reptilia,Squamata,Viperidae,Crotalus,Crotalus triseriatus,,SPECIES,"Crotalus triseriatus Wagler, 1830",Crotalus triseriatus,,MX,,Veracruz,PRESENT,,28eb1a3f-1c15-4a95-931a-4af90ecb574d,19.493543,-97.150359,7338,,,,,,2017-07-16T12:08:52,16,7,2017,2444358,2444358,HUMAN_OBSERVATION,iNaturalist,Observations,7071858,,Wolfgang Wüster,2017-07-16T05:12:29,CC_BY_NC_4_0,Fayo Gldg,Fayo Gldg,,,2021-01-30T23:51:16.465Z,StillImage,COORDINATE_ROUNDED;GEODETIC_DATUM_ASSUMED_WGS84;INSTITUTION_MATCH_NONE;COLLECTION_MATCH_NONE
476694184,4bfac3ea-8763-4f4b-a71a-76a6f5f243d3,MCZ:Herp:R-55994,Animalia,Chordata,Reptilia,Squamata,Viperidae,Crotalus,Crotalus triseriatus,,SPECIES,"Crotalus triseriatus Wagler, 1830","Crotalus triseriatus triseriatus (Wagler, 1830)","(Wagler, 1830)",MX,"Rancho Los Olmos 6km W Las Vegas,Vera Cruz,Mexico [VERBATIM ELEVATION:8600ft]",Veracruz,PRESENT,1,b4640710-8e03-11d8-b956-b8a03c50a862,19.64061408,-97.15005731,,,,,,,1954-07-01T00:00:00,1,7,1954,2444358,2444358,PRESERVED_SPECIMEN,MCZ,Herp,R-55994,,Catalog,,CC_BY_NC_4_0,President and Fellows of Harvard College,T. Savage,,,2021-01-27T22:28:28.388Z,,COORDINATE_REPROJECTED;TAXON_MATCH_HIGHERRANK;OCCURRENCE_STATUS_INFERRED_FROM_INDIVIDUAL_COUNT;INSTITUTION_COLLECTION_MISMATCH;DIFFERENT_OWNER_INSTITUTION
543480795,cece4fc2-1fec-4bb5-a335-7252548e3f0b,urn:catalog:CAS:HERP:135680,Animalia,Chordata,Reptilia,Squamata,Viperidae,Crotalus,Crotalus triseriatus,,SPECIES,"Crotalus triseriatus Wagler, 1830",Crotalus triseriatus triseriatus,,MX,"Cofre de Perate, 4 km W Las Vigas",Veracruz,PRESENT,,66522820-055c-11d8-b84e-b8a03c50a862,19.63978413,-97.14894728,,,,,,,1972-12-17T00:00:00,17,12,1972,2444358,2444358,PRESERVED_SPECIMEN,CAS,HERP,135680,7505,,,CC0_1_0,,T.J. Papenfuss,,,2021-01-22T17:20:57.262Z,StillImage,COORDINATE_REPROJECTED;TAXON_MATCH_HIGHERRANK;AMBIGUOUS_INSTITUTION;AMBIGUOUS_COLLECTION
686729868,dce00a1f-f6b4-4e11-9771-92c62c40ad80,b33688e1-b069-11e3-8cfe-90b11c41863e,Animalia,Chordata,Reptilia,Squamata,Viperidae,Crotalus,Crotalus triseriatus,,SPECIES,"Crotalus triseriatus Wagler, 1830",Crotalus triseriatus,,MX,1 km NW Pescados,Veracruz,PRESENT,,b554c320-0560-11d8-b851-b8a03c50a862,19.56644755,-97.14255689,,,,,,,,,,,2444358,2444358,PRESERVED_SPECIMEN,KU,KUH,24126,,,,CC_BY_4_0,,,,,2021-02-02T22:18:28.154Z,,COORDINATE_REPROJECTED;COLLECTION_MATCH_FUZZY
2630120881,7ff48302-f762-11e1-a439-00145eb45e9a,urn:catalog:KU:KUH:24126:c4024dd765914334dc8fb2a265994ac9,Animalia,Chordata,Reptilia,Squamata,Viperidae,Crotalus,Crotalus triseriatus,,SPECIES,"Crotalus triseriatus Wagler, 1830",Crotalus triseriatus subsp. triseriatus,"(Wagler, 1830)",MX,1 km NW Pescados,Veracruz de ignacio de la llave,PRESENT,1,ff90b050-c256-11db-b71b-b8a03c50a862,19.565833,-97.1425,,,0,0,0,0,,,,,2444358,2444358,PRESERVED_SPECIMEN,KU,KUH,24126,,NO DISPONIBLE,,CC_BY_4_0,Comisión Nacional para el Conocimiento y Uso de la Biodiversidad (CONABIO),NO DISPONIBLE,,,2021-01-22T17:17:06.675Z,,COORDINATE_ROUNDED;GEODETIC_DATUM_ASSUMED_WGS84;RECORDED_DATE_INVALID;TAXON_MATCH_HIGHERRANK;TYPE_STATUS_INVALID;OCCURRENCE_STATUS_INFERRED_FROM_INDIVIDUAL_COUNT;COLLECTION_MATCH_FUZZY;DIFFERENT_OWNER_INSTITUTION
1894863463,7ff48302-f762-11e1-a439-00145eb45e9a,urn:catalog:UMMZ:UMMZ:101548-101549:22652a17691327fc67335e8d0bfcda6f,Animalia,Chordata,Reptilia,Squamata,Viperidae,Crotalus,Crotalus triseriatus,,SPECIES,"Crotalus triseriatus Wagler, 1830",Crotalus triseriatus subsp. triseriatus,"(Wagler, 1830)",MX,"COFRE DE PEROTE,ENTRE LOS PESCADOS Y LOS CONEJOS (*)",Veracruz de ignacio de la llave,PRESENT,2,ff90b050-c256-11db-b71b-b8a03c50a862,19.508333,-97.141667,,,1569.5,1569.5,0,0,1949-01-01T00:00:00,,,1949,2444358,2444358,PRESERVED_SPECIMEN,UMMZ,UMMZ,101548-101549,,NO DISPONIBLE,,CC_BY_4_0,Comisión Nacional para el Conocimiento y Uso de la Biodiversidad (CONABIO),NO DISPONIBLE,,,2021-01-22T17:17:06.727Z,,COORDINATE_ROUNDED;GEODETIC_DATUM_ASSUMED_WGS84;RECORDED_DATE_INVALID;TAXON_MATCH_HIGHERRANK;ELEVATION_MIN_MAX_SWAPPED;TYPE_STATUS_INVALID;OCCURRENCE_STATUS_INFERRED_FROM_INDIVIDUAL_COUNT;INSTITUTION_MATCH_FUZZY;COLLECTION_MATCH_FUZZY
1894863568,7ff48302-f762-11e1-a439-00145eb45e9a,urn:catalog:CAS:CAS-HERP:135680:e483b5bb0b5f74ead7b4d8f24aa8c21c,Animalia,Chordata,Reptilia,Squamata,Viperidae,Crotalus,Crotalus triseriatus,,SPECIES,"Crotalus triseriatus Wagler, 1830",Crotalus triseriatus subsp. triseriatus,"(Wagler, 1830)",MX,"4 KM W DE LAS VIGAS, COFRE DE PEROTE",Veracruz de ignacio de la llave,PRESENT,1,ff90b050-c256-11db-b71b-b8a03c50a862,19.638056,-97.134444,,,0,0,0,0,1972-01-01T00:00:00,,,1972,2444358,2444358,PRESERVED_SPECIMEN,CAS,CAS-HERP,135680,,NO DISPONIBLE,,CC_BY_4_0,Comisión Nacional para el Conocimiento y Uso de la Biodiversidad (CONABIO),NO DISPONIBLE,,,2021-01-22T17:17:05.983Z,,COORDINATE_ROUNDED;GEODETIC_DATUM_ASSUMED_WGS84;RECORDED_DATE_INVALID;TAXON_MATCH_HIGHERRANK;TYPE_STATUS_INVALID;OCCURRENCE_STATUS_INFERRED_FROM_INDIVIDUAL_COUNT;AMBIGUOUS_INSTITUTION;COLLECTION_MATCH_NONE
2242982511,50c9509d-22c7-4a22-a47d-8c48425ef4a7,https://www.inaturalist.org/observations/25093798,Animalia,Chordata,Reptilia,Squamata,Viperidae,Crotalus,Crotalus triseriatus,,SPECIES,"Crotalus triseriatus Wagler, 1830",Crotalus triseriatus,,MX,,Veracruz,PRESENT,,28eb1a3f-1c15-4a95-931a-4af90ecb574d,19.573092,-97.130823,66,,,,,,2018-09-30T11:39:59,30,9,2018,2444358,2444358,HUMAN_OBSERVATION,iNaturalist,Observations,25093798,,Adrianh Martínez Orozco,2019-05-14T03:42:22,CC_BY_4_0,Adrianh Martínez Orozco,Adrianh Martínez Orozco,,,2021-01-30T23:51:46.924Z,StillImage,COORDINATE_ROUNDED;GEODETIC_DATUM_ASSUMED_WGS84;INSTITUTION_MATCH_NONE;COLLECTION_MATCH_NONE
2901557906,50c9509d-22c7-4a22-a47d-8c48425ef4a7,https://www.inaturalist.org/observations/62943116,Animalia,Chordata,Reptilia,Squamata,Viperidae,Crotalus,Crotalus triseriatus,,SPECIES,"Crotalus triseriatus Wagler, 1830",Crotalus triseriatus,,MX,,Veracruz,PRESENT,,28eb1a3f-1c15-4a95-931a-4af90ecb574d,19.508871,-97.122695,2796,,,,,,2020-10-18T12:13:00,18,10,2020,2444358,2444358,HUMAN_OBSERVATION,iNaturalist,Observations,62943116,,pablomulticinctus,2020-10-19T02:07:38,CC_BY_NC_4_0,josser,josser,,,2021-01-30T23:52:34.840Z,StillImage,COORDINATE_ROUNDED;GEODETIC_DATUM_ASSUMED_WGS84;INSTITUTION_MATCH_NONE;COLLECTION_MATCH_NONE
1914346782,50c9509d-22c7-4a22-a47d-8c48425ef4a7,https://www.inaturalist.org/observations/17112242,Animalia,Chordata,Reptilia,Squamata,Viperidae,Crotalus,Crotalus triseriatus,,SPECIES,"Crotalus triseriatus Wagler, 1830",Crotalus triseriatus,,MX,,Veracruz,PRESENT,,28eb1a3f-1c15-4a95-931a-4af90ecb574d,19.625927,-97.109697,,,,,,,2018-09-30T18:40:00,30,9,2018,2444358,2444358,HUMAN_OBSERVATION,iNaturalist,Observations,17112242,,Adrianh Martínez Orozco,2018-10-01T22:36:39,CC_BY_4_0,Adrianh Martínez Orozco,Adrianh Martínez Orozco,,,2021-01-30T23:51:34.064Z,StillImage,COORDINATE_ROUNDED;GEODETIC_DATUM_ASSUMED_WGS84;INSTITUTION_MATCH_NONE;COLLECTION_MATCH_NONE
2630120304,7ff48302-f762-11e1-a439-00145eb45e9a,urn:catalog:KU:KUH:26731:78748083fa4581a1c313c28e515e2f48,Animalia,Chordata,Reptilia,Squamata,Viperidae,Crotalus,Crotalus triseriatus,,SPECIES,"Crotalus triseriatus Wagler, 1830",Crotalus triseriatus subsp. triseriatus,"(Wagler, 1830)",MX,1 KM W LAS VIGAS (*),Veracruz de ignacio de la llave,PRESENT,1,ff90b050-c256-11db-b71b-b8a03c50a862,19.636667,-97.109444,,,1295.5,1295.5,0,0,1948-01-01T00:00:00,,,1948,2444358,2444358,PRESERVED_SPECIMEN,KU,KUH,26731,,NO DISPONIBLE,,CC_BY_4_0,Comisión Nacional para el Conocimiento y Uso de la Biodiversidad (CONABIO),NO DISPONIBLE,,,2021-01-22T17:17:05.782Z,,COORDINATE_ROUNDED;GEODETIC_DATUM_ASSUMED_WGS84;RECORDED_DATE_INVALID;TAXON_MATCH_HIGHERRANK;ELEVATION_MIN_MAX_SWAPPED;TYPE_STATUS_INVALID;OCCURRENCE_STATUS_INFERRED_FROM_INDIVIDUAL_COUNT;COLLECTION_MATCH_FUZZY;DIFFERENT_OWNER_INSTITUTION
1893251629,9c41cbeb-e8d5-4c25-a3d1-a82972b61391,urn:catalog:INECOL:NO APLICA:NO APLICA:08fd1f33b206f70e2376215e8592aa63,Animalia,Chordata,Reptilia,Squamata,Viperidae,Crotalus,Crotalus triseriatus,,SPECIES,"Crotalus triseriatus Wagler, 1830",Crotalus triseriatus,"(Wagler, 1830)",MX,2.5 km al suroeste de Las Vigas de Ramírez,Veracruz de ignacio de la llave,PRESENT,1,ff90b050-c256-11db-b71b-b8a03c50a862,19.616806,-97.108639,,,1264.5,1264.5,0,0,2012-08-28T00:00:00,28,8,2012,2444358,2444358,HUMAN_OBSERVATION,INECOL,NO APLICA,NO APLICA,,JLAL; MCJR,,CC_BY_4_0,Comisión Nacional para el Conocimiento y Uso de la Biodiversidad (CONABIO),MABT,,,2021-01-22T17:02:19.031Z,,COORDINATE_ROUNDED;ELEVATION_MIN_MAX_SWAPPED;TYPE_STATUS_INVALID;OCCURRENCE_STATUS_INFERRED_FROM_INDIVIDUAL_COUNT;INSTITUTION_MATCH_NONE;COLLECTION_MATCH_NONE
1894918131,7feba584-f762-11e1-a439-00145eb45e9a,urn:catalog:MCZ-HU:MCZ:55994:ee303b53d708b79cb2db5011e9d4198c,Animalia,Chordata,Reptilia,Squamata,Viperidae,Crotalus,Crotalus triseriatus,,SPECIES,"Crotalus triseriatus Wagler, 1830",Crotalus triseriatus subsp. triseriatus,"(Wagler, 1830)",MX,"VIGAS DE RAMIREZ, LAS",Veracruz de ignacio de la llave,PRESENT,1,ff90b050-c256-11db-b71b-b8a03c50a862,19.641667,-97.108333,,,0,0,0,0,,,,,2444358,2444358,PRESERVED_SPECIMEN,MCZ-HU,MCZ,55994,,NO DISPONIBLE,,CC_BY_4_0,Comisión Nacional para el Conocimiento y Uso de la Biodiversidad (CONABIO),NO DISPONIBLE,,,2021-01-22T17:17:37.977Z,,COORDINATE_ROUNDED;GEODETIC_DATUM_ASSUMED_WGS84;RECORDED_DATE_INVALID;TAXON_MATCH_HIGHERRANK;TYPE_STATUS_INVALID;OCCURRENCE_STATUS_INFERRED_FROM_INDIVIDUAL_COUNT;AMBIGUOUS_COLLECTION;INSTITUTION_MATCH_NONE
1272077235,50c9509d-22c7-4a22-a47d-8c48425ef4a7,http://conabio.inaturalist.org/observations/2410236,Animalia,Chordata,Reptilia,Squamata,Viperidae,Crotalus,Crotalus triseriatus,,SPECIES,"Crotalus triseriatus Wagler, 1830",Crotalus triseriatus,,MX,,Veracruz,PRESENT,,28eb1a3f-1c15-4a95-931a-4af90ecb574d,19.617365,-97.107103,3995,,,,,,2015-11-12T00:00:00,12,11,2015,2444358,2444358,HUMAN_OBSERVATION,iNaturalist,Observations,2410236,,ccmss-veracruz,2015-11-23T04:21:11,CC_BY_NC_4_0,ccmss-veracruz,ccmss-veracruz,,,2021-01-30T23:49:25.891Z,StillImage,GEODETIC_DATUM_ASSUMED_WGS84;INSTITUTION_MATCH_NONE;COLLECTION_MATCH_NONE
2630120596,7ff48302-f762-11e1-a439-00145eb45e9a,urn:catalog:KU:KUH:26734:4dadabb68e7ed9dc22b905dadff43015,Animalia,Chordata,Reptilia,Squamata,Viperidae,Crotalus,Crotalus triseriatus,,SPECIES,"Crotalus triseriatus Wagler, 1830",Crotalus triseriatus subsp. triseriatus,"(Wagler, 1830)",MX,LAS VIGAS (*),Veracruz de ignacio de la llave,PRESENT,1,ff90b050-c256-11db-b71b-b8a03c50a862,19.636667,-97.1,,,1295.5,1295.5,0,0,1948-01-01T00:00:00,,,1948,2444358,2444358,PRESERVED_SPECIMEN,KU,KUH,26734,,NO DISPONIBLE,,CC_BY_4_0,Comisión Nacional para el Conocimiento y Uso de la Biodiversidad (CONABIO),NO DISPONIBLE,,,2021-01-22T17:17:06.143Z,,COORDINATE_ROUNDED;GEODETIC_DATUM_ASSUMED_WGS84;RECORDED_DATE_INVALID;TAXON_MATCH_HIGHERRANK;ELEVATION_MIN_MAX_SWAPPED;TYPE_STATUS_INVALID;OCCURRENCE_STATUS_INFERRED_FROM_INDIVIDUAL_COUNT;COLLECTION_MATCH_FUZZY;DIFFERENT_OWNER_INSTITUTION
686732517,dce00a1f-f6b4-4e11-9771-92c62c40ad80,b35cdf8c-b069-11e3-8cfe-90b11c41863e,Animalia,Chordata,Reptilia,Squamata,Viperidae,Crotalus,Crotalus triseriatus,,SPECIES,"Crotalus triseriatus Wagler, 1830",Crotalus triseriatus,,MX,1 km W Las Vigas,Veracruz,PRESENT,,b554c320-0560-11d8-b851-b8a03c50a862,19.63728142,-97.08955586,,,,,,,1948-10-03T00:00:00,3,10,1948,2444358,2444358,PRESERVED_SPECIMEN,KU,KUH,26731,,,,CC_BY_4_0,,,,,2021-02-02T22:18:40.450Z,,COORDINATE_ROUNDED;COORDINATE_REPROJECTED;COLLECTION_MATCH_FUZZY
686732520,dce00a1f-f6b4-4e11-9771-92c62c40ad80,b35ce3bd-b069-11e3-8cfe-90b11c41863e,Animalia,Chordata,Reptilia,Squamata,Viperidae,Crotalus,Crotalus triseriatus,,SPECIES,"Crotalus triseriatus Wagler, 1830",Crotalus triseriatus,,MX,Las Vigas,Veracruz,PRESENT,,b554c320-0560-11d8-b851-b8a03c50a862,19.65061382,-97.08338876,,,,,,,1948-10-15T00:00:00,15,10,1948,2444358,2444358,PRESERVED_SPECIMEN,KU,KUH,26734,,,,CC_BY_4_0,,,,,2021-02-02T22:18:40.937Z,,COORDINATE_ROUNDED;COORDINATE_REPROJECTED;COLLECTION_MATCH_FUZZY
2629128576,63ed64cb-90b7-4ecc-b94c-3a0317742379,urn:catalog:ENCB-IPN:ENCB:6512:0e41a9f83516516a9684d08e918d4481,Animalia,Chordata,Reptilia,Squamata,Viperidae,Crotalus,Crotalus triseriatus,,SPECIES,"Crotalus triseriatus Wagler, 1830",Crotalus triseriatus,"(Wagler, 1830)",MX,2 km E Las Vigas,Veracruz de ignacio de la llave,PRESENT,1,ff90b050-c256-11db-b71b-b8a03c50a862,19.636101,-97.081001,,,1175,1175,0,0,1970-07-21T00:00:00,21,7,1970,2444358,2444358,PRESERVED_SPECIMEN,ENCB-IPN,ENCB,6512,,T. Alvarez; J. C. López V.,,CC_BY_4_0,Comisión Nacional para el Conocimiento y Uso de la Biodiversidad (CONABIO),A. Ocaña M.,,,2020-12-15T17:23:28.529Z,,COORDINATE_ROUNDED;ELEVATION_MIN_MAX_SWAPPED;TYPE_STATUS_INVALID;OCCURRENCE_STATUS_INFERRED_FROM_INDIVIDUAL_COUNT;INSTITUTION_COLLECTION_MISMATCH;DIFFERENT_OWNER_INSTITUTION
1894863542,7ff48302-f762-11e1-a439-00145eb45e9a,urn:catalog:FMNH:FMNH:70774-776:d052a282144c413c3ead6c7ae5837984,Animalia,Chordata,Reptilia,Squamata,Viperidae,Crotalus,Crotalus triseriatus,,SPECIES,"Crotalus triseriatus Wagler, 1830",Crotalus triseriatus subsp. triseriatus,"(Wagler, 1830)",MX,"BARRANCA, 1.2 MI. SW DE LA JOYA (14 MI. NW DE JALAPA)",Veracruz de ignacio de la llave,PRESENT,3,ff90b050-c256-11db-b71b-b8a03c50a862,19.375,-97.075,,,0,0,0,0,1952-01-01T00:00:00,,,1952,2444358,2444358,PRESERVED_SPECIMEN,FMNH,FMNH,70774-776,,NO DISPONIBLE,,CC_BY_4_0,Comisión Nacional para el Conocimiento y Uso de la Biodiversidad (CONABIO),NO DISPONIBLE,,,2021-01-22T17:17:06.173Z,,GEODETIC_DATUM_ASSUMED_WGS84;RECORDED_DATE_INVALID;TAXON_MATCH_HIGHERRANK;TYPE_STATUS_INVALID;OCCURRENCE_STATUS_INFERRED_FROM_INDIVIDUAL_COUNT;AMBIGUOUS_COLLECTION;INSTITUTION_MATCH_FUZZY
1894950069,7feba584-f762-11e1-a439-00145eb45e9a,urn:catalog:UIUC:UIMNH:60804:995bf7ca6321338701f0c1498617b13a,Animalia,Chordata,Reptilia,Squamata,Viperidae,Crotalus,Crotalus triseriatus,,SPECIES,"Crotalus triseriatus Wagler, 1830",Crotalus triseriatus,"(Wagler, 1830)",MX,Cofre de Perote,Veracruz de ignacio de la llave,PRESENT,1,ff90b050-c256-11db-b71b-b8a03c50a862,19.425,-97.075,,,0,0,0,0,,,,,2444358,2444358,PRESERVED_SPECIMEN,UIUC,UIMNH,60804,,NO DISPONIBLE,,CC_BY_4_0,Comisión Nacional para el Conocimiento y Uso de la Biodiversidad (CONABIO),NO DISPONIBLE,,,2021-01-22T17:17:28.731Z,,GEODETIC_DATUM_ASSUMED_WGS84;RECORDED_DATE_INVALID;TYPE_STATUS_INVALID;OCCURRENCE_STATUS_INFERRED_FROM_INDIVIDUAL_COUNT;INSTITUTION_MATCH_NONE;COLLECTION_MATCH_FUZZY
1894917630,7feba584-f762-11e1-a439-00145eb45e9a,urn:catalog:UMMZ:UMMZ:101548-549:86ceb6263a072afd8ad609edc33e2047,Animalia,Chordata,Reptilia,Squamata,Viperidae,Crotalus,Crotalus triseriatus,,SPECIES,"Crotalus triseriatus Wagler, 1830",Crotalus triseriatus subsp. triseriatus,"(Wagler, 1830)",MX,Cofre de Perote,Veracruz de ignacio de la llave,PRESENT,2,ff90b050-c256-11db-b71b-b8a03c50a862,19.425,-97.075,,,1565.5,1565.5,0,0,,,,,2444358,2444358,PRESERVED_SPECIMEN,UMMZ,UMMZ,101548-549,,NO DISPONIBLE,,CC_BY_4_0,Comisión Nacional para el Conocimiento y Uso de la Biodiversidad (CONABIO),NO DISPONIBLE,,,2021-01-22T17:17:33.302Z,,GEODETIC_DATUM_ASSUMED_WGS84;RECORDED_DATE_INVALID;TAXON_MATCH_HIGHERRANK;ELEVATION_MIN_MAX_SWAPPED;TYPE_STATUS_INVALID;OCCURRENCE_STATUS_INFERRED_FROM_INDIVIDUAL_COUNT;INSTITUTION_MATCH_FUZZY;COLLECTION_MATCH_FUZZY
1894863515,7ff48302-f762-11e1-a439-00145eb45e9a,urn:catalog:NO DISPONIBLE:NCB:6512:7d998af1ef22e24f0b20bf5f6510a691,Animalia,Chordata,Reptilia,Squamata,Viperidae,Crotalus,Crotalus triseriatus,,SPECIES,"Crotalus triseriatus Wagler, 1830",Crotalus triseriatus subsp. triseriatus,"(Wagler, 1830)",MX,2 KM E DE LAS VIGAS (*),Veracruz de ignacio de la llave,PRESENT,1,ff90b050-c256-11db-b71b-b8a03c50a862,19.636667,-97.075,,,1175,1175,0,0,1970-01-01T00:00:00,,,1970,2444358,2444358,PRESERVED_SPECIMEN,NO DISPONIBLE,NCB,6512,,NO DISPONIBLE,,CC_BY_4_0,Comisión Nacional para el Conocimiento y Uso de la Biodiversidad (CONABIO),NO DISPONIBLE,,,2021-01-22T17:17:06.021Z,,COORDINATE_ROUNDED;GEODETIC_DATUM_ASSUMED_WGS84;RECORDED_DATE_INVALID;TAXON_MATCH_HIGHERRANK;ELEVATION_MIN_MAX_SWAPPED;TYPE_STATUS_INVALID;OCCURRENCE_STATUS_INFERRED_FROM_INDIVIDUAL_COUNT;INSTITUTION_MATCH_NONE;COLLECTION_MATCH_NONE
1894917677,7feba584-f762-11e1-a439-00145eb45e9a,urn:catalog:FMNH:FMNH:70777:97264e49669f9b3a41094aafe4026f81,Animalia,Chordata,Reptilia,Squamata,Viperidae,Crotalus,Crotalus triseriatus,,SPECIES,"Crotalus triseriatus Wagler, 1830",Crotalus triseriatus subsp. triseriatus,"(Wagler, 1830)",MX,"TOXTLACUAYA, 18 MI NW JALAPA",Veracruz de ignacio de la llave,PRESENT,1,ff90b050-c256-11db-b71b-b8a03c50a862,19.625,-97.041667,,,0,0,0,0,,,,,2444358,2444358,PRESERVED_SPECIMEN,FMNH,FMNH,70777,,NO DISPONIBLE,,CC_BY_4_0,Comisión Nacional para el Conocimiento y Uso de la Biodiversidad (CONABIO),NO DISPONIBLE,,,2021-01-22T17:17:42.360Z,,COORDINATE_ROUNDED;GEODETIC_DATUM_ASSUMED_WGS84;RECORDED_DATE_INVALID;TAXON_MATCH_HIGHERRANK;TYPE_STATUS_INVALID;OCCURRENCE_STATUS_INFERRED_FROM_INDIVIDUAL_COUNT;AMBIGUOUS_COLLECTION;INSTITUTION_MATCH_FUZZY
1894061508,a5be4674-3ee0-4aab-9ce6-c602a7d71d18,urn:catalog:NO DISPONIBLE:NO DISPONIBLE:NO DISPONIBLE:dd587cab7e35e631cbb78bb5bbe91c7c,Animalia,Chordata,Reptilia,Squamata,Viperidae,Crotalus,Crotalus triseriatus,,SPECIES,"Crotalus triseriatus Wagler, 1830",Crotalus triseriatus subsp. triseriatus,"(Wagler, 1830)",MX,"Rancho El Alamor, ubicado en el kilómetro 28 de la carretera Fortín-Huatusco, a 5 km de la cabecera municipal de Coscomatepec",Veracruz de ignacio de la llave,PRESENT,1,ff90b050-c256-11db-b71b-b8a03c50a862,19.007833,-97.025994,,,760,760,0,0,,,,,2444358,2444358,UNKNOWN,NO DISPONIBLE,NO DISPONIBLE,NO DISPONIBLE,,NO DISPONIBLE,,CC_BY_NC_4_0,Comisión Nacional para el Conocimiento y Uso de la Biodiversidad (CONABIO),NO DISPONIBLE,,,2021-01-22T17:01:28.330Z,,COORDINATE_ROUNDED;GEODETIC_DATUM_INVALID;GEODETIC_DATUM_ASSUMED_WGS84;RECORDED_DATE_INVALID;TAXON_MATCH_HIGHERRANK;ELEVATION_MIN_MAX_SWAPPED;TYPE_STATUS_INVALID;OCCURRENCE_STATUS_INFERRED_FROM_INDIVIDUAL_COUNT;INSTITUTION_MATCH_NONE;COLLECTION_MATCH_NONE
1453113712,50c9509d-22c7-4a22-a47d-8c48425ef4a7,http://conabio.inaturalist.org/observations/4103095,Animalia,Chordata,Reptilia,Squamata,Viperidae,Crotalus,Crotalus triseriatus,,SPECIES,"Crotalus triseriatus Wagler, 1830",Crotalus triseriatus,,MX,,Veracruz,PRESENT,,28eb1a3f-1c15-4a95-931a-4af90ecb574d,19.622377,-97.024169,1369,,,,,,2016-09-09T16:07:07,9,9,2016,2444358,2444358,HUMAN_OBSERVATION,iNaturalist,Observations,4103095,,Daniel Dorantes,2016-09-13T22:07:15,CC_BY_NC_4_0,Daniel Dorantes,Daniel Dorantes,,,2021-01-30T23:49:30.134Z,StillImage,GEODETIC_DATUM_ASSUMED_WGS84;INSTITUTION_MATCH_NONE;COLLECTION_MATCH_NONE
1894783317,264da7bf-9e07-4480-aab7-a76cd38c6e9c,urn:catalog:IBUNAM:CNAR:19246:fa80bc39b144502f0517c416ab8a983c,Animalia,Chordata,Reptilia,Squamata,Viperidae,Crotalus,Crotalus triseriatus,,SPECIES,"Crotalus triseriatus Wagler, 1830",Crotalus triseriatus,"(Wagler, 1830)",MX,"Atlata, sierra de Zongolica (niebla)",Veracruz de ignacio de la llave,PRESENT,1,ff90b050-c256-11db-b71b-b8a03c50a862,18.6675,-96.977778,,,399.5,399.5,0,0,1975-08-01T00:00:00,,8,1975,2444358,2444358,PRESERVED_SPECIMEN,IBUNAM,CNAR,19246,,GPH; AJGH,,CC_BY_4_0,Comisión Nacional para el Conocimiento y Uso de la Biodiversidad (CONABIO),GPH,,,2021-01-22T17:03:39.156Z,,COORDINATE_ROUNDED;GEODETIC_DATUM_ASSUMED_WGS84;RECORDED_DATE_INVALID;ELEVATION_MIN_MAX_SWAPPED;TYPE_STATUS_INVALID;OCCURRENCE_STATUS_INFERRED_FROM_INDIVIDUAL_COUNT;COLLECTION_MATCH_NONE;DIFFERENT_OWNER_INSTITUTION
1894863481,7ff48302-f762-11e1-a439-00145eb45e9a,urn:catalog:IBUNAM:CNAR:00729:39fed65d6e119a2ad4ea943f74f5c0b5,Animalia,Chordata,Reptilia,Squamata,Viperidae,Crotalus,Crotalus triseriatus,,SPECIES,"Crotalus triseriatus Wagler, 1830",Crotalus triseriatus subsp. triseriatus,"(Wagler, 1830)",MX,Coatepec,Veracruz de ignacio de la llave,PRESENT,1,ff90b050-c256-11db-b71b-b8a03c50a862,19.453333,-96.956667,,,590,590,0,0,1953-01-01T00:00:00,,,1953,2444358,2444358,PRESERVED_SPECIMEN,IBUNAM,CNAR,729,,NO DISPONIBLE,,CC_BY_4_0,Comisión Nacional para el Conocimiento y Uso de la Biodiversidad (CONABIO),NO DISPONIBLE,,,2021-01-22T17:17:05.875Z,,COORDINATE_ROUNDED;GEODETIC_DATUM_ASSUMED_WGS84;RECORDED_DATE_INVALID;TAXON_MATCH_HIGHERRANK;ELEVATION_MIN_MAX_SWAPPED;TYPE_STATUS_INVALID;OCCURRENCE_STATUS_INFERRED_FROM_INDIVIDUAL_COUNT;COLLECTION_MATCH_NONE;DIFFERENT_OWNER_INSTITUTION
1894950151,7feba584-f762-11e1-a439-00145eb45e9a,urn:catalog:UIUC:UIMNH:25070:db3bc5a7ab27d42be76f1ce4b42f82ad,Animalia,Chordata,Reptilia,Squamata,Viperidae,Crotalus,Crotalus triseriatus,,SPECIES,"Crotalus triseriatus Wagler, 1830",Crotalus triseriatus,"(Wagler, 1830)",MX,CERRO SAN FELIPE,Oaxaca,PRESENT,1,ff90b050-c256-11db-b71b-b8a03c50a862,17.175,-96.675,,,0,0,0,0,,,,,2444358,2444358,PRESERVED_SPECIMEN,UIUC,UIMNH,25070,,NO DISPONIBLE,,CC_BY_4_0,Comisión Nacional para el Conocimiento y Uso de la Biodiversidad (CONABIO),NO DISPONIBLE,,,2021-01-22T17:17:36.641Z,,GEODETIC_DATUM_ASSUMED_WGS84;RECORDED_DATE_INVALID;TYPE_STATUS_INVALID;OCCURRENCE_STATUS_INFERRED_FROM_INDIVIDUAL_COUNT;INSTITUTION_MATCH_NONE;COLLECTION_MATCH_FUZZY
2630243641,b23dae1f-1b66-432f-908b-be7737aff2b8,urn:catalog:NHM:NHM:1903.9.30.215:bdbb2cce99c1c4ef467e7e6ccf742b12,Animalia,Chordata,Reptilia,Squamata,Viperidae,Crotalus,Crotalus triseriatus,,SPECIES,"Crotalus triseriatus Wagler, 1830",Crotalus triseriatus,"(Wagler, 1830)",MX,santa barbara,Veracruz de ignacio de la llave,PRESENT,,ff90b050-c256-11db-b71b-b8a03c50a862,18.808333,-96.591667,,,190.5,190.5,0,0,1903-09-30T00:00:00,30,9,1903,2444358,2444358,PRESERVED_SPECIMEN,NHM,NHM,1903.9.30.215,,NO DISPONIBLE,,CC_BY_4_0,Comisión Nacional para el Conocimiento y Uso de la Biodiversidad (CONABIO),H. GADOW,,,2020-12-15T20:02:47.602Z,,COORDINATE_ROUNDED;GEODETIC_DATUM_ASSUMED_WGS84;ELEVATION_MIN_MAX_SWAPPED;TYPE_STATUS_INVALID;COLLECTION_MATCH_FUZZY;DIFFERENT_OWNER_INSTITUTION
2266288902,544ae945-0a4f-43de-9387-cff775273c77,e4ed9b2f-d625-468c-85ca-52f55b749457,Animalia,Chordata,Reptilia,Squamata,Viperidae,Crotalus,Crotalus triseriatus,,SPECIES,"Crotalus triseriatus Wagler, 1830",Crotalus triseriatus triseriatus,,MX,,Mexico,PRESENT,,927f1e70-cf74-11d8-bf68-b8a03c50a862,44.858537,-93.177778,3649,,,,,,1958-04-11T00:00:00,11,4,1958,2444358,2444358,PRESERVED_SPECIMEN,JFBM,Herps,R1480,s.n.,"Dickerson, Robert W.",,CC0_1_0,J. F. Bell Museum of Natural History,"Dickerson, Robert W.",,,2020-12-15T18:38:10.126Z,,GEODETIC_DATUM_ASSUMED_WGS84;COUNTRY_COORDINATE_MISMATCH;TAXON_MATCH_HIGHERRANK;INSTITUTION_MATCH_FUZZY;INSTITUTION_COLLECTION_MISMATCH
1061382495,8935e64a-f762-11e1-a439-00145eb45e9a,http://arctos.database.museum/guid/UCM:Herp:59258?seid=2483355,Animalia,Chordata,Reptilia,Squamata,Viperidae,Crotalus,Crotalus triseriatus,,SPECIES,"Crotalus triseriatus Wagler, 1830",Crotalus triseriatus,,MX,Mapastepec,Chiapas,PRESENT,1,4cadac10-3e7b-11d9-8439-b8a03c50a862,15.44082839,-92.889944,,,,,,,1940-10-01T00:00:00,1,10,1940,2444358,2444358,PRESERVED_SPECIMEN,UCM,Amphibian and reptile specimens,UCM:Herp:59258,,Emily Braker,2018-10-22T00:00:00,CC0_1_0,,Collector(s): unknown,,,2021-01-29T16:55:44.882Z,,COORDINATE_REPROJECTED;OCCURRENCE_STATUS_INFERRED_FROM_INDIVIDUAL_COUNT;COLLECTION_MATCH_NONE;INSTITUTION_MATCH_FUZZY